[
  {
    "model": "core.cohort",
    "pk": 17,
    "fields": {
      "name": "E5 Multi Cohort #8 (50% submitted)",
      "status": "OPEN",
      "created_at": "2026-01-01T18:56:55Z"
    }
  },
  {
    "model": "auth.user",
    "pk": 1399,
    "fields": {
      "username": "mentor1399",
      "first_name": "Harper",
      "last_name": "Johnson",
      "email": "mentor1399@example.com",
      "password": "pbkdf2_sha256$600000$test$test==",
      "is_staff": false,
      "is_active": true,
      "is_superuser": false,
      "date_joined": "2026-01-01T18:56:55Z"
    }
  },
  {
    "model": "auth.user",
    "pk": 1400,
    "fields": {
      "username": "mentor1400",
      "first_name": "Indigo",
      "last_name": "Martinez",
      "email": "mentor1400@example.com",
      "password": "pbkdf2_sha256$600000$test$test==",
      "is_staff": false,
      "is_active": true,
      "is_superuser": false,
      "date_joined": "2026-01-01T18:56:55Z"
    }
  },
  {
    "model": "auth.user",
    "pk": 1401,
    "fields": {
      "username": "mentor1401",
      "first_name": "Kai",
      "last_name": "Smith",
      "email": "mentor1401@example.com",
      "password": "pbkdf2_sha256$600000$test$test==",
      "is_staff": false,
      "is_active": true,
      "is_superuser": false,
      "date_joined": "2026-01-01T18:56:55Z"
    }
  },
  {
    "model": "auth.user",
    "pk": 1402,
    "fields": {
      "username": "mentor1402",
      "first_name": "Ellis",
      "last_name": "Williams",
      "email": "mentor1402@example.com",
      "password": "pbkdf2_sha256$600000$test$test==",
      "is_staff": false,
      "is_active": true,
      "is_superuser": false,
      "date_joined": "2026-01-01T18:56:55Z"
    }
  },
  {
    "model": "auth.user",
    "pk": 1403,
    "fields": {
      "username": "mentor1403",
      "first_name": "Bailey",
      "last_name": "Smith",
      "email": "mentor1403@example.com",
      "password": "pbkdf2_sha256$600000$test$test==",
      "is_staff": false,
      "is_active": true,
      "is_superuser": false,
      "date_joined": "2026-01-01T18:56:55Z"
    }
  },
  {
    "model": "auth.user",
    "pk": 1404,
    "fields": {
      "username": "mentor1404",
      "first_name": "Casey",
      "last_name": "Smith",
      "email": "mentor1404@example.com",
      "password": "pbkdf2_sha256$600000$test$test==",
      "is_staff": false,
      "is_active": true,
      "is_superuser": false,
      "date_joined": "2026-01-01T18:56:55Z"
    }
  },
  {
    "model": "auth.user",
    "pk": 1405,
    "fields": {
      "username": "mentor1405",
      "first_name": "Casey",
      "last_name": "Davis",
      "email": "mentor1405@example.com",
      "password": "pbkdf2_sha256$600000$test$test==",
      "is_staff": false,
      "is_active": true,
      "is_superuser": false,
      "date_joined": "2026-01-01T18:56:55Z"
    }
  },
  {
    "model": "auth.user",
    "pk": 1406,
    "fields": {
      "username": "mentor1406",
      "first_name": "Finley",
      "last_name": "Rodriguez",
      "email": "mentor1406@example.com",
      "password": "pbkdf2_sha256$600000$test$test==",
      "is_staff": false,
      "is_active": true,
      "is_superuser": false,
      "date_joined": "2026-01-01T18:56:55Z"
    }
  },
  {
    "model": "auth.user",
    "pk": 1407,
    "fields": {
      "username": "mentor1407",
      "first_name": "Jordan",
      "last_name": "Jones",
      "email": "mentor1407@example.com",
      "password": "pbkdf2_sha256$600000$test$test==",
      "is_staff": false,
      "is_active": true,
      "is_superuser": false,
      "date_joined": "2026-01-01T18:56:55Z"
    }
  },
  {
    "model": "auth.user",
    "pk": 1408,
    "fields": {
      "username": "mentor1408",
      "first_name": "Casey",
      "last_name": "Garcia",
      "email": "mentor1408@example.com",
      "password": "pbkdf2_sha256$600000$test$test==",
      "is_staff": false,
      "is_active": true,
      "is_superuser": false,
      "date_joined": "2026-01-01T18:56:55Z"
    }
  },
  {
    "model": "auth.user",
    "pk": 1409,
    "fields": {
      "username": "mentor1409",
      "first_name": "Casey",
      "last_name": "Jones",
      "email": "mentor1409@example.com",
      "password": "pbkdf2_sha256$600000$test$test==",
      "is_staff": false,
      "is_active": true,
      "is_superuser": false,
      "date_joined": "2026-01-01T18:56:55Z"
    }
  },
  {
    "model": "auth.user",
    "pk": 1410,
    "fields": {
      "username": "mentor1410",
      "first_name": "Bailey",
      "last_name": "Smith",
      "email": "mentor1410@example.com",
      "password": "pbkdf2_sha256$600000$test$test==",
      "is_staff": false,
      "is_active": true,
      "is_superuser": false,
      "date_joined": "2026-01-01T18:56:55Z"
    }
  },
  {
    "model": "auth.user",
    "pk": 1411,
    "fields": {
      "username": "mentor1411",
      "first_name": "Finley",
      "last_name": "Miller",
      "email": "mentor1411@example.com",
      "password": "pbkdf2_sha256$600000$test$test==",
      "is_staff": false,
      "is_active": true,
      "is_superuser": false,
      "date_joined": "2026-01-01T18:56:55Z"
    }
  },
  {
    "model": "auth.user",
    "pk": 1412,
    "fields": {
      "username": "mentor1412",
      "first_name": "Ellis",
      "last_name": "Rodriguez",
      "email": "mentor1412@example.com",
      "password": "pbkdf2_sha256$600000$test$test==",
      "is_staff": false,
      "is_active": true,
      "is_superuser": false,
      "date_joined": "2026-01-01T18:56:55Z"
    }
  },
  {
    "model": "auth.user",
    "pk": 1413,
    "fields": {
      "username": "mentor1413",
      "first_name": "Bailey",
      "last_name": "Jones",
      "email": "mentor1413@example.com",
      "password": "pbkdf2_sha256$600000$test$test==",
      "is_staff": false,
      "is_active": true,
      "is_superuser": false,
      "date_joined": "2026-01-01T18:56:55Z"
    }
  },
  {
    "model": "auth.user",
    "pk": 1414,
    "fields": {
      "username": "mentor1414",
      "first_name": "Kai",
      "last_name": "Johnson",
      "email": "mentor1414@example.com",
      "password": "pbkdf2_sha256$600000$test$test==",
      "is_staff": false,
      "is_active": true,
      "is_superuser": false,
      "date_joined": "2026-01-01T18:56:55Z"
    }
  },
  {
    "model": "auth.user",
    "pk": 1415,
    "fields": {
      "username": "mentor1415",
      "first_name": "Indigo",
      "last_name": "Davis",
      "email": "mentor1415@example.com",
      "password": "pbkdf2_sha256$600000$test$test==",
      "is_staff": false,
      "is_active": true,
      "is_superuser": false,
      "date_joined": "2026-01-01T18:56:55Z"
    }
  },
  {
    "model": "auth.user",
    "pk": 1416,
    "fields": {
      "username": "mentor1416",
      "first_name": "Jordan",
      "last_name": "Garcia",
      "email": "mentor1416@example.com",
      "password": "pbkdf2_sha256$600000$test$test==",
      "is_staff": false,
      "is_active": true,
      "is_superuser": false,
      "date_joined": "2026-01-01T18:56:55Z"
    }
  },
  {
    "model": "auth.user",
    "pk": 1417,
    "fields": {
      "username": "mentor1417",
      "first_name": "Alex",
      "last_name": "Davis",
      "email": "mentor1417@example.com",
      "password": "pbkdf2_sha256$600000$test$test==",
      "is_staff": false,
      "is_active": true,
      "is_superuser": false,
      "date_joined": "2026-01-01T18:56:55Z"
    }
  },
  {
    "model": "auth.user",
    "pk": 1418,
    "fields": {
      "username": "mentor1418",
      "first_name": "Kai",
      "last_name": "Williams",
      "email": "mentor1418@example.com",
      "password": "pbkdf2_sha256$600000$test$test==",
      "is_staff": false,
      "is_active": true,
      "is_superuser": false,
      "date_joined": "2026-01-01T18:56:55Z"
    }
  },
  {
    "model": "auth.user",
    "pk": 1419,
    "fields": {
      "username": "mentor1419",
      "first_name": "Finley",
      "last_name": "Williams",
      "email": "mentor1419@example.com",
      "password": "pbkdf2_sha256$600000$test$test==",
      "is_staff": false,
      "is_active": true,
      "is_superuser": false,
      "date_joined": "2026-01-01T18:56:55Z"
    }
  },
  {
    "model": "auth.user",
    "pk": 1420,
    "fields": {
      "username": "mentor1420",
      "first_name": "Ellis",
      "last_name": "Johnson",
      "email": "mentor1420@example.com",
      "password": "pbkdf2_sha256$600000$test$test==",
      "is_staff": false,
      "is_active": true,
      "is_superuser": false,
      "date_joined": "2026-01-01T18:56:55Z"
    }
  },
  {
    "model": "auth.user",
    "pk": 1421,
    "fields": {
      "username": "mentor1421",
      "first_name": "Kai",
      "last_name": "Johnson",
      "email": "mentor1421@example.com",
      "password": "pbkdf2_sha256$600000$test$test==",
      "is_staff": false,
      "is_active": true,
      "is_superuser": false,
      "date_joined": "2026-01-01T18:56:55Z"
    }
  },
  {
    "model": "auth.user",
    "pk": 1422,
    "fields": {
      "username": "mentor1422",
      "first_name": "Drew",
      "last_name": "Rodriguez",
      "email": "mentor1422@example.com",
      "password": "pbkdf2_sha256$600000$test$test==",
      "is_staff": false,
      "is_active": true,
      "is_superuser": false,
      "date_joined": "2026-01-01T18:56:55Z"
    }
  },
  {
    "model": "auth.user",
    "pk": 1423,
    "fields": {
      "username": "mentor1423",
      "first_name": "Alex",
      "last_name": "Smith",
      "email": "mentor1423@example.com",
      "password": "pbkdf2_sha256$600000$test$test==",
      "is_staff": false,
      "is_active": true,
      "is_superuser": false,
      "date_joined": "2026-01-01T18:56:55Z"
    }
  },
  {
    "model": "auth.user",
    "pk": 1424,
    "fields": {
      "username": "mentor1424",
      "first_name": "Alex",
      "last_name": "Brown",
      "email": "mentor1424@example.com",
      "password": "pbkdf2_sha256$600000$test$test==",
      "is_staff": false,
      "is_active": true,
      "is_superuser": false,
      "date_joined": "2026-01-01T18:56:55Z"
    }
  },
  {
    "model": "auth.user",
    "pk": 1425,
    "fields": {
      "username": "mentor1425",
      "first_name": "Alex",
      "last_name": "Davis",
      "email": "mentor1425@example.com",
      "password": "pbkdf2_sha256$600000$test$test==",
      "is_staff": false,
      "is_active": true,
      "is_superuser": false,
      "date_joined": "2026-01-01T18:56:55Z"
    }
  },
  {
    "model": "auth.user",
    "pk": 1426,
    "fields": {
      "username": "mentor1426",
      "first_name": "Finley",
      "last_name": "Miller",
      "email": "mentor1426@example.com",
      "password": "pbkdf2_sha256$600000$test$test==",
      "is_staff": false,
      "is_active": true,
      "is_superuser": false,
      "date_joined": "2026-01-01T18:56:55Z"
    }
  },
  {
    "model": "auth.user",
    "pk": 1427,
    "fields": {
      "username": "mentee1427",
      "first_name": "Casey",
      "last_name": "Williams",
      "email": "mentee1427@example.com",
      "password": "pbkdf2_sha256$600000$test$test==",
      "is_staff": false,
      "is_active": true,
      "is_superuser": false,
      "date_joined": "2026-01-01T18:56:55Z"
    }
  },
  {
    "model": "auth.user",
    "pk": 1428,
    "fields": {
      "username": "mentee1428",
      "first_name": "Alex",
      "last_name": "Rodriguez",
      "email": "mentee1428@example.com",
      "password": "pbkdf2_sha256$600000$test$test==",
      "is_staff": false,
      "is_active": true,
      "is_superuser": false,
      "date_joined": "2026-01-01T18:56:55Z"
    }
  },
  {
    "model": "auth.user",
    "pk": 1429,
    "fields": {
      "username": "mentee1429",
      "first_name": "Harper",
      "last_name": "Brown",
      "email": "mentee1429@example.com",
      "password": "pbkdf2_sha256$600000$test$test==",
      "is_staff": false,
      "is_active": true,
      "is_superuser": false,
      "date_joined": "2026-01-01T18:56:55Z"
    }
  },
  {
    "model": "auth.user",
    "pk": 1430,
    "fields": {
      "username": "mentee1430",
      "first_name": "Finley",
      "last_name": "Brown",
      "email": "mentee1430@example.com",
      "password": "pbkdf2_sha256$600000$test$test==",
      "is_staff": false,
      "is_active": true,
      "is_superuser": false,
      "date_joined": "2026-01-01T18:56:55Z"
    }
  },
  {
    "model": "auth.user",
    "pk": 1431,
    "fields": {
      "username": "mentee1431",
      "first_name": "Harper",
      "last_name": "Garcia",
      "email": "mentee1431@example.com",
      "password": "pbkdf2_sha256$600000$test$test==",
      "is_staff": false,
      "is_active": true,
      "is_superuser": false,
      "date_joined": "2026-01-01T18:56:55Z"
    }
  },
  {
    "model": "auth.user",
    "pk": 1432,
    "fields": {
      "username": "mentee1432",
      "first_name": "Ellis",
      "last_name": "Johnson",
      "email": "mentee1432@example.com",
      "password": "pbkdf2_sha256$600000$test$test==",
      "is_staff": false,
      "is_active": true,
      "is_superuser": false,
      "date_joined": "2026-01-01T18:56:55Z"
    }
  },
  {
    "model": "auth.user",
    "pk": 1433,
    "fields": {
      "username": "mentee1433",
      "first_name": "Kai",
      "last_name": "Garcia",
      "email": "mentee1433@example.com",
      "password": "pbkdf2_sha256$600000$test$test==",
      "is_staff": false,
      "is_active": true,
      "is_superuser": false,
      "date_joined": "2026-01-01T18:56:55Z"
    }
  },
  {
    "model": "auth.user",
    "pk": 1434,
    "fields": {
      "username": "mentee1434",
      "first_name": "Bailey",
      "last_name": "Rodriguez",
      "email": "mentee1434@example.com",
      "password": "pbkdf2_sha256$600000$test$test==",
      "is_staff": false,
      "is_active": true,
      "is_superuser": false,
      "date_joined": "2026-01-01T18:56:55Z"
    }
  },
  {
    "model": "auth.user",
    "pk": 1435,
    "fields": {
      "username": "mentee1435",
      "first_name": "Alex",
      "last_name": "Williams",
      "email": "mentee1435@example.com",
      "password": "pbkdf2_sha256$600000$test$test==",
      "is_staff": false,
      "is_active": true,
      "is_superuser": false,
      "date_joined": "2026-01-01T18:56:55Z"
    }
  },
  {
    "model": "auth.user",
    "pk": 1436,
    "fields": {
      "username": "mentee1436",
      "first_name": "Drew",
      "last_name": "Rodriguez",
      "email": "mentee1436@example.com",
      "password": "pbkdf2_sha256$600000$test$test==",
      "is_staff": false,
      "is_active": true,
      "is_superuser": false,
      "date_joined": "2026-01-01T18:56:55Z"
    }
  },
  {
    "model": "auth.user",
    "pk": 1437,
    "fields": {
      "username": "mentee1437",
      "first_name": "Alex",
      "last_name": "Miller",
      "email": "mentee1437@example.com",
      "password": "pbkdf2_sha256$600000$test$test==",
      "is_staff": false,
      "is_active": true,
      "is_superuser": false,
      "date_joined": "2026-01-01T18:56:55Z"
    }
  },
  {
    "model": "auth.user",
    "pk": 1438,
    "fields": {
      "username": "mentee1438",
      "first_name": "Bailey",
      "last_name": "Davis",
      "email": "mentee1438@example.com",
      "password": "pbkdf2_sha256$600000$test$test==",
      "is_staff": false,
      "is_active": true,
      "is_superuser": false,
      "date_joined": "2026-01-01T18:56:55Z"
    }
  },
  {
    "model": "auth.user",
    "pk": 1439,
    "fields": {
      "username": "mentee1439",
      "first_name": "Ellis",
      "last_name": "Jones",
      "email": "mentee1439@example.com",
      "password": "pbkdf2_sha256$600000$test$test==",
      "is_staff": false,
      "is_active": true,
      "is_superuser": false,
      "date_joined": "2026-01-01T18:56:55Z"
    }
  },
  {
    "model": "auth.user",
    "pk": 1440,
    "fields": {
      "username": "mentee1440",
      "first_name": "Finley",
      "last_name": "Johnson",
      "email": "mentee1440@example.com",
      "password": "pbkdf2_sha256$600000$test$test==",
      "is_staff": false,
      "is_active": true,
      "is_superuser": false,
      "date_joined": "2026-01-01T18:56:55Z"
    }
  },
  {
    "model": "auth.user",
    "pk": 1441,
    "fields": {
      "username": "mentee1441",
      "first_name": "Jordan",
      "last_name": "Davis",
      "email": "mentee1441@example.com",
      "password": "pbkdf2_sha256$600000$test$test==",
      "is_staff": false,
      "is_active": true,
      "is_superuser": false,
      "date_joined": "2026-01-01T18:56:55Z"
    }
  },
  {
    "model": "auth.user",
    "pk": 1442,
    "fields": {
      "username": "mentee1442",
      "first_name": "Alex",
      "last_name": "Garcia",
      "email": "mentee1442@example.com",
      "password": "pbkdf2_sha256$600000$test$test==",
      "is_staff": false,
      "is_active": true,
      "is_superuser": false,
      "date_joined": "2026-01-01T18:56:55Z"
    }
  },
  {
    "model": "auth.user",
    "pk": 1443,
    "fields": {
      "username": "mentee1443",
      "first_name": "Drew",
      "last_name": "Jones",
      "email": "mentee1443@example.com",
      "password": "pbkdf2_sha256$600000$test$test==",
      "is_staff": false,
      "is_active": true,
      "is_superuser": false,
      "date_joined": "2026-01-01T18:56:55Z"
    }
  },
  {
    "model": "auth.user",
    "pk": 1444,
    "fields": {
      "username": "mentee1444",
      "first_name": "Kai",
      "last_name": "Jones",
      "email": "mentee1444@example.com",
      "password": "pbkdf2_sha256$600000$test$test==",
      "is_staff": false,
      "is_active": true,
      "is_superuser": false,
      "date_joined": "2026-01-01T18:56:55Z"
    }
  },
  {
    "model": "auth.user",
    "pk": 1445,
    "fields": {
      "username": "mentee1445",
      "first_name": "Kai",
      "last_name": "Brown",
      "email": "mentee1445@example.com",
      "password": "pbkdf2_sha256$600000$test$test==",
      "is_staff": false,
      "is_active": true,
      "is_superuser": false,
      "date_joined": "2026-01-01T18:56:55Z"
    }
  },
  {
    "model": "auth.user",
    "pk": 1446,
    "fields": {
      "username": "mentee1446",
      "first_name": "Indigo",
      "last_name": "Garcia",
      "email": "mentee1446@example.com",
      "password": "pbkdf2_sha256$600000$test$test==",
      "is_staff": false,
      "is_active": true,
      "is_superuser": false,
      "date_joined": "2026-01-01T18:56:55Z"
    }
  },
  {
    "model": "auth.user",
    "pk": 1447,
    "fields": {
      "username": "mentee1447",
      "first_name": "Kai",
      "last_name": "Davis",
      "email": "mentee1447@example.com",
      "password": "pbkdf2_sha256$600000$test$test==",
      "is_staff": false,
      "is_active": true,
      "is_superuser": false,
      "date_joined": "2026-01-01T18:56:55Z"
    }
  },
  {
    "model": "auth.user",
    "pk": 1448,
    "fields": {
      "username": "mentee1448",
      "first_name": "Drew",
      "last_name": "Rodriguez",
      "email": "mentee1448@example.com",
      "password": "pbkdf2_sha256$600000$test$test==",
      "is_staff": false,
      "is_active": true,
      "is_superuser": false,
      "date_joined": "2026-01-01T18:56:55Z"
    }
  },
  {
    "model": "auth.user",
    "pk": 1449,
    "fields": {
      "username": "mentee1449",
      "first_name": "Drew",
      "last_name": "Williams",
      "email": "mentee1449@example.com",
      "password": "pbkdf2_sha256$600000$test$test==",
      "is_staff": false,
      "is_active": true,
      "is_superuser": false,
      "date_joined": "2026-01-01T18:56:55Z"
    }
  },
  {
    "model": "auth.user",
    "pk": 1450,
    "fields": {
      "username": "mentee1450",
      "first_name": "Alex",
      "last_name": "Miller",
      "email": "mentee1450@example.com",
      "password": "pbkdf2_sha256$600000$test$test==",
      "is_staff": false,
      "is_active": true,
      "is_superuser": false,
      "date_joined": "2026-01-01T18:56:55Z"
    }
  },
  {
    "model": "auth.user",
    "pk": 1451,
    "fields": {
      "username": "mentee1451",
      "first_name": "Alex",
      "last_name": "Brown",
      "email": "mentee1451@example.com",
      "password": "pbkdf2_sha256$600000$test$test==",
      "is_staff": false,
      "is_active": true,
      "is_superuser": false,
      "date_joined": "2026-01-01T18:56:55Z"
    }
  },
  {
    "model": "auth.user",
    "pk": 1452,
    "fields": {
      "username": "mentee1452",
      "first_name": "Jordan",
      "last_name": "Garcia",
      "email": "mentee1452@example.com",
      "password": "pbkdf2_sha256$600000$test$test==",
      "is_staff": false,
      "is_active": true,
      "is_superuser": false,
      "date_joined": "2026-01-01T18:56:55Z"
    }
  },
  {
    "model": "auth.user",
    "pk": 1453,
    "fields": {
      "username": "mentee1453",
      "first_name": "Alex",
      "last_name": "Garcia",
      "email": "mentee1453@example.com",
      "password": "pbkdf2_sha256$600000$test$test==",
      "is_staff": false,
      "is_active": true,
      "is_superuser": false,
      "date_joined": "2026-01-01T18:56:55Z"
    }
  },
  {
    "model": "auth.user",
    "pk": 1454,
    "fields": {
      "username": "mentee1454",
      "first_name": "Alex",
      "last_name": "Miller",
      "email": "mentee1454@example.com",
      "password": "pbkdf2_sha256$600000$test$test==",
      "is_staff": false,
      "is_active": true,
      "is_superuser": false,
      "date_joined": "2026-01-01T18:56:55Z"
    }
  },
  {
    "model": "core.participant",
    "pk": 1399,
    "fields": {
      "cohort": 17,
      "user": 1399,
      "role_in_cohort": "MENTOR",
      "display_name": "Bailey Brown",
      "organization": "OrgE",
      "is_submitted": false,
      "submitted_at": null,
      "created_at": "2026-01-17T18:56:55Z",
      "updated_at": "2026-01-24T18:56:55Z"
    }
  },
  {
    "model": "core.participant",
    "pk": 1400,
    "fields": {
      "cohort": 17,
      "user": 1400,
      "role_in_cohort": "MENTOR",
      "display_name": "Harper Davis",
      "organization": "OrgD",
      "is_submitted": false,
      "submitted_at": null,
      "created_at": "2026-01-17T18:56:55Z",
      "updated_at": "2026-01-24T18:56:55Z"
    }
  },
  {
    "model": "core.participant",
    "pk": 1401,
    "fields": {
      "cohort": 17,
      "user": 1401,
      "role_in_cohort": "MENTOR",
      "display_name": "Ellis Johnson",
      "organization": "OrgC",
      "is_submitted": true,
      "submitted_at": "2026-01-24T18:56:55Z",
      "created_at": "2026-01-17T18:56:55Z",
      "updated_at": "2026-01-24T18:56:55Z"
    }
  },
  {
    "model": "core.participant",
    "pk": 1402,
    "fields": {
      "cohort": 17,
      "user": 1402,
      "role_in_cohort": "MENTOR",
      "display_name": "Jordan Miller",
      "organization": "OrgD",
      "is_submitted": true,
      "submitted_at": "2026-01-24T18:56:55Z",
      "created_at": "2026-01-17T18:56:55Z",
      "updated_at": "2026-01-24T18:56:55Z"
    }
  },
  {
    "model": "core.participant",
    "pk": 1403,
    "fields": {
      "cohort": 17,
      "user": 1403,
      "role_in_cohort": "MENTOR",
      "display_name": "Indigo Johnson",
      "organization": "OrgF",
      "is_submitted": false,
      "submitted_at": null,
      "created_at": "2026-01-17T18:56:55Z",
      "updated_at": "2026-01-24T18:56:55Z"
    }
  },
  {
    "model": "core.participant",
    "pk": 1404,
    "fields": {
      "cohort": 17,
      "user": 1404,
      "role_in_cohort": "MENTOR",
      "display_name": "Jordan Williams",
      "organization": "OrgB",
      "is_submitted": false,
      "submitted_at": null,
      "created_at": "2026-01-17T18:56:55Z",
      "updated_at": "2026-01-24T18:56:55Z"
    }
  },
  {
    "model": "core.participant",
    "pk": 1405,
    "fields": {
      "cohort": 17,
      "user": 1405,
      "role_in_cohort": "MENTOR",
      "display_name": "Bailey Martinez",
      "organization": "OrgG",
      "is_submitted": false,
      "submitted_at": null,
      "created_at": "2026-01-17T18:56:55Z",
      "updated_at": "2026-01-24T18:56:55Z"
    }
  },
  {
    "model": "core.participant",
    "pk": 1406,
    "fields": {
      "cohort": 17,
      "user": 1406,
      "role_in_cohort": "MENTOR",
      "display_name": "Harper Williams",
      "organization": "OrgA",
      "is_submitted": false,
      "submitted_at": null,
      "created_at": "2026-01-17T18:56:55Z",
      "updated_at": "2026-01-24T18:56:55Z"
    }
  },
  {
    "model": "core.participant",
    "pk": 1407,
    "fields": {
      "cohort": 17,
      "user": 1407,
      "role_in_cohort": "MENTOR",
      "display_name": "Ellis Garcia",
      "organization": "OrgE",
      "is_submitted": true,
      "submitted_at": "2026-01-24T18:56:55Z",
      "created_at": "2026-01-17T18:56:55Z",
      "updated_at": "2026-01-24T18:56:55Z"
    }
  },
  {
    "model": "core.participant",
    "pk": 1408,
    "fields": {
      "cohort": 17,
      "user": 1408,
      "role_in_cohort": "MENTOR",
      "display_name": "Finley Davis",
      "organization": "OrgF",
      "is_submitted": false,
      "submitted_at": null,
      "created_at": "2026-01-17T18:56:55Z",
      "updated_at": "2026-01-24T18:56:55Z"
    }
  },
  {
    "model": "core.participant",
    "pk": 1409,
    "fields": {
      "cohort": 17,
      "user": 1409,
      "role_in_cohort": "MENTOR",
      "display_name": "Bailey Brown",
      "organization": "OrgD",
      "is_submitted": true,
      "submitted_at": "2026-01-24T18:56:55Z",
      "created_at": "2026-01-17T18:56:55Z",
      "updated_at": "2026-01-24T18:56:55Z"
    }
  },
  {
    "model": "core.participant",
    "pk": 1410,
    "fields": {
      "cohort": 17,
      "user": 1410,
      "role_in_cohort": "MENTOR",
      "display_name": "Casey Johnson",
      "organization": "OrgB",
      "is_submitted": true,
      "submitted_at": "2026-01-24T18:56:55Z",
      "created_at": "2026-01-17T18:56:55Z",
      "updated_at": "2026-01-24T18:56:55Z"
    }
  },
  {
    "model": "core.participant",
    "pk": 1411,
    "fields": {
      "cohort": 17,
      "user": 1411,
      "role_in_cohort": "MENTOR",
      "display_name": "Indigo Garcia",
      "organization": "OrgH",
      "is_submitted": true,
      "submitted_at": "2026-01-24T18:56:55Z",
      "created_at": "2026-01-17T18:56:55Z",
      "updated_at": "2026-01-24T18:56:55Z"
    }
  },
  {
    "model": "core.participant",
    "pk": 1412,
    "fields": {
      "cohort": 17,
      "user": 1412,
      "role_in_cohort": "MENTOR",
      "display_name": "Jordan Garcia",
      "organization": "OrgB",
      "is_submitted": false,
      "submitted_at": null,
      "created_at": "2026-01-17T18:56:55Z",
      "updated_at": "2026-01-24T18:56:55Z"
    }
  },
  {
    "model": "core.participant",
    "pk": 1413,
    "fields": {
      "cohort": 17,
      "user": 1413,
      "role_in_cohort": "MENTOR",
      "display_name": "Indigo Jones",
      "organization": "OrgD",
      "is_submitted": false,
      "submitted_at": null,
      "created_at": "2026-01-17T18:56:55Z",
      "updated_at": "2026-01-24T18:56:55Z"
    }
  },
  {
    "model": "core.participant",
    "pk": 1414,
    "fields": {
      "cohort": 17,
      "user": 1414,
      "role_in_cohort": "MENTOR",
      "display_name": "Bailey Johnson",
      "organization": "OrgE",
      "is_submitted": false,
      "submitted_at": null,
      "created_at": "2026-01-17T18:56:55Z",
      "updated_at": "2026-01-24T18:56:55Z"
    }
  },
  {
    "model": "core.participant",
    "pk": 1415,
    "fields": {
      "cohort": 17,
      "user": 1415,
      "role_in_cohort": "MENTOR",
      "display_name": "Kai Smith",
      "organization": "OrgE",
      "is_submitted": true,
      "submitted_at": "2026-01-24T18:56:55Z",
      "created_at": "2026-01-17T18:56:55Z",
      "updated_at": "2026-01-24T18:56:55Z"
    }
  },
  {
    "model": "core.participant",
    "pk": 1416,
    "fields": {
      "cohort": 17,
      "user": 1416,
      "role_in_cohort": "MENTOR",
      "display_name": "Casey Johnson",
      "organization": "OrgF",
      "is_submitted": true,
      "submitted_at": "2026-01-24T18:56:55Z",
      "created_at": "2026-01-17T18:56:55Z",
      "updated_at": "2026-01-24T18:56:55Z"
    }
  },
  {
    "model": "core.participant",
    "pk": 1417,
    "fields": {
      "cohort": 17,
      "user": 1417,
      "role_in_cohort": "MENTOR",
      "display_name": "Finley Miller",
      "organization": "OrgD",
      "is_submitted": false,
      "submitted_at": null,
      "created_at": "2026-01-17T18:56:55Z",
      "updated_at": "2026-01-24T18:56:55Z"
    }
  },
  {
    "model": "core.participant",
    "pk": 1418,
    "fields": {
      "cohort": 17,
      "user": 1418,
      "role_in_cohort": "MENTOR",
      "display_name": "Ellis Jones",
      "organization": "OrgA",
      "is_submitted": false,
      "submitted_at": null,
      "created_at": "2026-01-17T18:56:55Z",
      "updated_at": "2026-01-24T18:56:55Z"
    }
  },
  {
    "model": "core.participant",
    "pk": 1419,
    "fields": {
      "cohort": 17,
      "user": 1419,
      "role_in_cohort": "MENTOR",
      "display_name": "Harper Davis",
      "organization": "OrgA",
      "is_submitted": true,
      "submitted_at": "2026-01-24T18:56:55Z",
      "created_at": "2026-01-17T18:56:55Z",
      "updated_at": "2026-01-24T18:56:55Z"
    }
  },
  {
    "model": "core.participant",
    "pk": 1420,
    "fields": {
      "cohort": 17,
      "user": 1420,
      "role_in_cohort": "MENTOR",
      "display_name": "Bailey Davis",
      "organization": "OrgD",
      "is_submitted": false,
      "submitted_at": null,
      "created_at": "2026-01-17T18:56:55Z",
      "updated_at": "2026-01-24T18:56:55Z"
    }
  },
  {
    "model": "core.participant",
    "pk": 1421,
    "fields": {
      "cohort": 17,
      "user": 1421,
      "role_in_cohort": "MENTOR",
      "display_name": "Bailey Smith",
      "organization": "OrgC",
      "is_submitted": true,
      "submitted_at": "2026-01-24T18:56:55Z",
      "created_at": "2026-01-17T18:56:55Z",
      "updated_at": "2026-01-24T18:56:55Z"
    }
  },
  {
    "model": "core.participant",
    "pk": 1422,
    "fields": {
      "cohort": 17,
      "user": 1422,
      "role_in_cohort": "MENTOR",
      "display_name": "Casey Brown",
      "organization": "OrgD",
      "is_submitted": true,
      "submitted_at": "2026-01-24T18:56:55Z",
      "created_at": "2026-01-17T18:56:55Z",
      "updated_at": "2026-01-24T18:56:55Z"
    }
  },
  {
    "model": "core.participant",
    "pk": 1423,
    "fields": {
      "cohort": 17,
      "user": 1423,
      "role_in_cohort": "MENTOR",
      "display_name": "Bailey Martinez",
      "organization": "OrgF",
      "is_submitted": false,
      "submitted_at": null,
      "created_at": "2026-01-17T18:56:55Z",
      "updated_at": "2026-01-24T18:56:55Z"
    }
  },
  {
    "model": "core.participant",
    "pk": 1424,
    "fields": {
      "cohort": 17,
      "user": 1424,
      "role_in_cohort": "MENTOR",
      "display_name": "Bailey Smith",
      "organization": "OrgE",
      "is_submitted": false,
      "submitted_at": null,
      "created_at": "2026-01-17T18:56:55Z",
      "updated_at": "2026-01-24T18:56:55Z"
    }
  },
  {
    "model": "core.participant",
    "pk": 1425,
    "fields": {
      "cohort": 17,
      "user": 1425,
      "role_in_cohort": "MENTOR",
      "display_name": "Indigo Williams",
      "organization": "OrgD",
      "is_submitted": true,
      "submitted_at": "2026-01-24T18:56:55Z",
      "created_at": "2026-01-17T18:56:55Z",
      "updated_at": "2026-01-24T18:56:55Z"
    }
  },
  {
    "model": "core.participant",
    "pk": 1426,
    "fields": {
      "cohort": 17,
      "user": 1426,
      "role_in_cohort": "MENTOR",
      "display_name": "Bailey Smith",
      "organization": "OrgF",
      "is_submitted": true,
      "submitted_at": "2026-01-24T18:56:55Z",
      "created_at": "2026-01-17T18:56:55Z",
      "updated_at": "2026-01-24T18:56:55Z"
    }
  },
  {
    "model": "core.participant",
    "pk": 1427,
    "fields": {
      "cohort": 17,
      "user": 1427,
      "role_in_cohort": "MENTEE",
      "display_name": "Casey Martinez",
      "organization": "OrgA",
      "is_submitted": false,
      "submitted_at": null,
      "created_at": "2026-01-17T18:56:55Z",
      "updated_at": "2026-01-24T18:56:55Z"
    }
  },
  {
    "model": "core.participant",
    "pk": 1428,
    "fields": {
      "cohort": 17,
      "user": 1428,
      "role_in_cohort": "MENTEE",
      "display_name": "Indigo Smith",
      "organization": "OrgG",
      "is_submitted": false,
      "submitted_at": null,
      "created_at": "2026-01-17T18:56:55Z",
      "updated_at": "2026-01-24T18:56:55Z"
    }
  },
  {
    "model": "core.participant",
    "pk": 1429,
    "fields": {
      "cohort": 17,
      "user": 1429,
      "role_in_cohort": "MENTEE",
      "display_name": "Casey Garcia",
      "organization": "OrgG",
      "is_submitted": true,
      "submitted_at": "2026-01-24T18:56:55Z",
      "created_at": "2026-01-17T18:56:55Z",
      "updated_at": "2026-01-24T18:56:55Z"
    }
  },
  {
    "model": "core.participant",
    "pk": 1430,
    "fields": {
      "cohort": 17,
      "user": 1430,
      "role_in_cohort": "MENTEE",
      "display_name": "Ellis Jones",
      "organization": "OrgC",
      "is_submitted": true,
      "submitted_at": "2026-01-24T18:56:55Z",
      "created_at": "2026-01-17T18:56:55Z",
      "updated_at": "2026-01-24T18:56:55Z"
    }
  },
  {
    "model": "core.participant",
    "pk": 1431,
    "fields": {
      "cohort": 17,
      "user": 1431,
      "role_in_cohort": "MENTEE",
      "display_name": "Alex Martinez",
      "organization": "OrgC",
      "is_submitted": false,
      "submitted_at": null,
      "created_at": "2026-01-17T18:56:55Z",
      "updated_at": "2026-01-24T18:56:55Z"
    }
  },
  {
    "model": "core.participant",
    "pk": 1432,
    "fields": {
      "cohort": 17,
      "user": 1432,
      "role_in_cohort": "MENTEE",
      "display_name": "Ellis Davis",
      "organization": "OrgD",
      "is_submitted": false,
      "submitted_at": null,
      "created_at": "2026-01-17T18:56:55Z",
      "updated_at": "2026-01-24T18:56:55Z"
    }
  },
  {
    "model": "core.participant",
    "pk": 1433,
    "fields": {
      "cohort": 17,
      "user": 1433,
      "role_in_cohort": "MENTEE",
      "display_name": "Alex Johnson",
      "organization": "OrgH",
      "is_submitted": false,
      "submitted_at": null,
      "created_at": "2026-01-17T18:56:55Z",
      "updated_at": "2026-01-24T18:56:55Z"
    }
  },
  {
    "model": "core.participant",
    "pk": 1434,
    "fields": {
      "cohort": 17,
      "user": 1434,
      "role_in_cohort": "MENTEE",
      "display_name": "Casey Miller",
      "organization": "OrgG",
      "is_submitted": true,
      "submitted_at": "2026-01-24T18:56:55Z",
      "created_at": "2026-01-17T18:56:55Z",
      "updated_at": "2026-01-24T18:56:55Z"
    }
  },
  {
    "model": "core.participant",
    "pk": 1435,
    "fields": {
      "cohort": 17,
      "user": 1435,
      "role_in_cohort": "MENTEE",
      "display_name": "Jordan Smith",
      "organization": "OrgD",
      "is_submitted": true,
      "submitted_at": "2026-01-24T18:56:55Z",
      "created_at": "2026-01-17T18:56:55Z",
      "updated_at": "2026-01-24T18:56:55Z"
    }
  },
  {
    "model": "core.participant",
    "pk": 1436,
    "fields": {
      "cohort": 17,
      "user": 1436,
      "role_in_cohort": "MENTEE",
      "display_name": "Indigo Rodriguez",
      "organization": "OrgF",
      "is_submitted": true,
      "submitted_at": "2026-01-24T18:56:55Z",
      "created_at": "2026-01-17T18:56:55Z",
      "updated_at": "2026-01-24T18:56:55Z"
    }
  },
  {
    "model": "core.participant",
    "pk": 1437,
    "fields": {
      "cohort": 17,
      "user": 1437,
      "role_in_cohort": "MENTEE",
      "display_name": "Kai Rodriguez",
      "organization": "OrgF",
      "is_submitted": false,
      "submitted_at": null,
      "created_at": "2026-01-17T18:56:55Z",
      "updated_at": "2026-01-24T18:56:55Z"
    }
  },
  {
    "model": "core.participant",
    "pk": 1438,
    "fields": {
      "cohort": 17,
      "user": 1438,
      "role_in_cohort": "MENTEE",
      "display_name": "Ellis Williams",
      "organization": "OrgG",
      "is_submitted": true,
      "submitted_at": "2026-01-24T18:56:55Z",
      "created_at": "2026-01-17T18:56:55Z",
      "updated_at": "2026-01-24T18:56:55Z"
    }
  },
  {
    "model": "core.participant",
    "pk": 1439,
    "fields": {
      "cohort": 17,
      "user": 1439,
      "role_in_cohort": "MENTEE",
      "display_name": "Kai Brown",
      "organization": "OrgF",
      "is_submitted": true,
      "submitted_at": "2026-01-24T18:56:55Z",
      "created_at": "2026-01-17T18:56:55Z",
      "updated_at": "2026-01-24T18:56:55Z"
    }
  },
  {
    "model": "core.participant",
    "pk": 1440,
    "fields": {
      "cohort": 17,
      "user": 1440,
      "role_in_cohort": "MENTEE",
      "display_name": "Alex Davis",
      "organization": "OrgE",
      "is_submitted": true,
      "submitted_at": "2026-01-24T18:56:55Z",
      "created_at": "2026-01-17T18:56:55Z",
      "updated_at": "2026-01-24T18:56:55Z"
    }
  },
  {
    "model": "core.participant",
    "pk": 1441,
    "fields": {
      "cohort": 17,
      "user": 1441,
      "role_in_cohort": "MENTEE",
      "display_name": "Kai Brown",
      "organization": "OrgF",
      "is_submitted": false,
      "submitted_at": null,
      "created_at": "2026-01-17T18:56:55Z",
      "updated_at": "2026-01-24T18:56:55Z"
    }
  },
  {
    "model": "core.participant",
    "pk": 1442,
    "fields": {
      "cohort": 17,
      "user": 1442,
      "role_in_cohort": "MENTEE",
      "display_name": "Drew Brown",
      "organization": "OrgB",
      "is_submitted": true,
      "submitted_at": "2026-01-24T18:56:55Z",
      "created_at": "2026-01-17T18:56:55Z",
      "updated_at": "2026-01-24T18:56:55Z"
    }
  },
  {
    "model": "core.participant",
    "pk": 1443,
    "fields": {
      "cohort": 17,
      "user": 1443,
      "role_in_cohort": "MENTEE",
      "display_name": "Drew Martinez",
      "organization": "OrgA",
      "is_submitted": true,
      "submitted_at": "2026-01-24T18:56:55Z",
      "created_at": "2026-01-17T18:56:55Z",
      "updated_at": "2026-01-24T18:56:55Z"
    }
  },
  {
    "model": "core.participant",
    "pk": 1444,
    "fields": {
      "cohort": 17,
      "user": 1444,
      "role_in_cohort": "MENTEE",
      "display_name": "Casey Williams",
      "organization": "OrgF",
      "is_submitted": true,
      "submitted_at": "2026-01-24T18:56:55Z",
      "created_at": "2026-01-17T18:56:55Z",
      "updated_at": "2026-01-24T18:56:55Z"
    }
  },
  {
    "model": "core.participant",
    "pk": 1445,
    "fields": {
      "cohort": 17,
      "user": 1445,
      "role_in_cohort": "MENTEE",
      "display_name": "Finley Martinez",
      "organization": "OrgF",
      "is_submitted": true,
      "submitted_at": "2026-01-24T18:56:55Z",
      "created_at": "2026-01-17T18:56:55Z",
      "updated_at": "2026-01-24T18:56:55Z"
    }
  },
  {
    "model": "core.participant",
    "pk": 1446,
    "fields": {
      "cohort": 17,
      "user": 1446,
      "role_in_cohort": "MENTEE",
      "display_name": "Kai Martinez",
      "organization": "OrgF",
      "is_submitted": true,
      "submitted_at": "2026-01-24T18:56:55Z",
      "created_at": "2026-01-17T18:56:55Z",
      "updated_at": "2026-01-24T18:56:55Z"
    }
  },
  {
    "model": "core.participant",
    "pk": 1447,
    "fields": {
      "cohort": 17,
      "user": 1447,
      "role_in_cohort": "MENTEE",
      "display_name": "Indigo Rodriguez",
      "organization": "OrgD",
      "is_submitted": true,
      "submitted_at": "2026-01-24T18:56:55Z",
      "created_at": "2026-01-17T18:56:55Z",
      "updated_at": "2026-01-24T18:56:55Z"
    }
  },
  {
    "model": "core.participant",
    "pk": 1448,
    "fields": {
      "cohort": 17,
      "user": 1448,
      "role_in_cohort": "MENTEE",
      "display_name": "Indigo Smith",
      "organization": "OrgC",
      "is_submitted": true,
      "submitted_at": "2026-01-24T18:56:55Z",
      "created_at": "2026-01-17T18:56:55Z",
      "updated_at": "2026-01-24T18:56:55Z"
    }
  },
  {
    "model": "core.participant",
    "pk": 1449,
    "fields": {
      "cohort": 17,
      "user": 1449,
      "role_in_cohort": "MENTEE",
      "display_name": "Drew Martinez",
      "organization": "OrgA",
      "is_submitted": true,
      "submitted_at": "2026-01-24T18:56:55Z",
      "created_at": "2026-01-17T18:56:55Z",
      "updated_at": "2026-01-24T18:56:55Z"
    }
  },
  {
    "model": "core.participant",
    "pk": 1450,
    "fields": {
      "cohort": 17,
      "user": 1450,
      "role_in_cohort": "MENTEE",
      "display_name": "Jordan Davis",
      "organization": "OrgA",
      "is_submitted": true,
      "submitted_at": "2026-01-24T18:56:55Z",
      "created_at": "2026-01-17T18:56:55Z",
      "updated_at": "2026-01-24T18:56:55Z"
    }
  },
  {
    "model": "core.participant",
    "pk": 1451,
    "fields": {
      "cohort": 17,
      "user": 1451,
      "role_in_cohort": "MENTEE",
      "display_name": "Kai Brown",
      "organization": "OrgF",
      "is_submitted": true,
      "submitted_at": "2026-01-24T18:56:55Z",
      "created_at": "2026-01-17T18:56:55Z",
      "updated_at": "2026-01-24T18:56:55Z"
    }
  },
  {
    "model": "core.participant",
    "pk": 1452,
    "fields": {
      "cohort": 17,
      "user": 1452,
      "role_in_cohort": "MENTEE",
      "display_name": "Casey Garcia",
      "organization": "OrgF",
      "is_submitted": true,
      "submitted_at": "2026-01-24T18:56:55Z",
      "created_at": "2026-01-17T18:56:55Z",
      "updated_at": "2026-01-24T18:56:55Z"
    }
  },
  {
    "model": "core.participant",
    "pk": 1453,
    "fields": {
      "cohort": 17,
      "user": 1453,
      "role_in_cohort": "MENTEE",
      "display_name": "Casey Martinez",
      "organization": "OrgA",
      "is_submitted": true,
      "submitted_at": "2026-01-24T18:56:55Z",
      "created_at": "2026-01-17T18:56:55Z",
      "updated_at": "2026-01-24T18:56:55Z"
    }
  },
  {
    "model": "core.participant",
    "pk": 1454,
    "fields": {
      "cohort": 17,
      "user": 1454,
      "role_in_cohort": "MENTEE",
      "display_name": "Bailey Rodriguez",
      "organization": "OrgC",
      "is_submitted": false,
      "submitted_at": null,
      "created_at": "2026-01-17T18:56:55Z",
      "updated_at": "2026-01-24T18:56:55Z"
    }
  },
  {
    "model": "matching.preference",
    "pk": 11516,
    "fields": {
      "from_participant": 1401,
      "to_participant": 1434,
      "rank": 1
    }
  },
  {
    "model": "matching.preference",
    "pk": 11517,
    "fields": {
      "from_participant": 1401,
      "to_participant": 1445,
      "rank": 2
    }
  },
  {
    "model": "matching.preference",
    "pk": 11518,
    "fields": {
      "from_participant": 1401,
      "to_participant": 1446,
      "rank": 3
    }
  },
  {
    "model": "matching.preference",
    "pk": 11519,
    "fields": {
      "from_participant": 1401,
      "to_participant": 1435,
      "rank": 4
    }
  },
  {
    "model": "matching.preference",
    "pk": 11520,
    "fields": {
      "from_participant": 1401,
      "to_participant": 1444,
      "rank": 5
    }
  },
  {
    "model": "matching.preference",
    "pk": 11521,
    "fields": {
      "from_participant": 1401,
      "to_participant": 1436,
      "rank": 6
    }
  },
  {
    "model": "matching.preference",
    "pk": 11522,
    "fields": {
      "from_participant": 1401,
      "to_participant": 1438,
      "rank": 7
    }
  },
  {
    "model": "matching.preference",
    "pk": 11523,
    "fields": {
      "from_participant": 1401,
      "to_participant": 1453,
      "rank": 8
    }
  },
  {
    "model": "matching.preference",
    "pk": 11524,
    "fields": {
      "from_participant": 1402,
      "to_participant": 1447,
      "rank": 1
    }
  },
  {
    "model": "matching.preference",
    "pk": 11525,
    "fields": {
      "from_participant": 1402,
      "to_participant": 1449,
      "rank": 2
    }
  },
  {
    "model": "matching.preference",
    "pk": 11526,
    "fields": {
      "from_participant": 1402,
      "to_participant": 1444,
      "rank": 3
    }
  },
  {
    "model": "matching.preference",
    "pk": 11527,
    "fields": {
      "from_participant": 1402,
      "to_participant": 1438,
      "rank": 4
    }
  },
  {
    "model": "matching.preference",
    "pk": 11528,
    "fields": {
      "from_participant": 1402,
      "to_participant": 1445,
      "rank": 5
    }
  },
  {
    "model": "matching.preference",
    "pk": 11529,
    "fields": {
      "from_participant": 1407,
      "to_participant": 1452,
      "rank": 1
    }
  },
  {
    "model": "matching.preference",
    "pk": 11530,
    "fields": {
      "from_participant": 1407,
      "to_participant": 1438,
      "rank": 2
    }
  },
  {
    "model": "matching.preference",
    "pk": 11531,
    "fields": {
      "from_participant": 1407,
      "to_participant": 1446,
      "rank": 3
    }
  },
  {
    "model": "matching.preference",
    "pk": 11532,
    "fields": {
      "from_participant": 1407,
      "to_participant": 1443,
      "rank": 4
    }
  },
  {
    "model": "matching.preference",
    "pk": 11533,
    "fields": {
      "from_participant": 1407,
      "to_participant": 1450,
      "rank": 5
    }
  },
  {
    "model": "matching.preference",
    "pk": 11534,
    "fields": {
      "from_participant": 1407,
      "to_participant": 1434,
      "rank": 6
    }
  },
  {
    "model": "matching.preference",
    "pk": 11535,
    "fields": {
      "from_participant": 1409,
      "to_participant": 1429,
      "rank": 1
    }
  },
  {
    "model": "matching.preference",
    "pk": 11536,
    "fields": {
      "from_participant": 1409,
      "to_participant": 1452,
      "rank": 2
    }
  },
  {
    "model": "matching.preference",
    "pk": 11537,
    "fields": {
      "from_participant": 1409,
      "to_participant": 1446,
      "rank": 3
    }
  },
  {
    "model": "matching.preference",
    "pk": 11538,
    "fields": {
      "from_participant": 1409,
      "to_participant": 1430,
      "rank": 4
    }
  },
  {
    "model": "matching.preference",
    "pk": 11539,
    "fields": {
      "from_participant": 1409,
      "to_participant": 1438,
      "rank": 5
    }
  },
  {
    "model": "matching.preference",
    "pk": 11540,
    "fields": {
      "from_participant": 1410,
      "to_participant": 1453,
      "rank": 1
    }
  },
  {
    "model": "matching.preference",
    "pk": 11541,
    "fields": {
      "from_participant": 1410,
      "to_participant": 1440,
      "rank": 2
    }
  },
  {
    "model": "matching.preference",
    "pk": 11542,
    "fields": {
      "from_participant": 1410,
      "to_participant": 1435,
      "rank": 3
    }
  },
  {
    "model": "matching.preference",
    "pk": 11543,
    "fields": {
      "from_participant": 1410,
      "to_participant": 1449,
      "rank": 4
    }
  },
  {
    "model": "matching.preference",
    "pk": 11544,
    "fields": {
      "from_participant": 1410,
      "to_participant": 1436,
      "rank": 5
    }
  },
  {
    "model": "matching.preference",
    "pk": 11545,
    "fields": {
      "from_participant": 1410,
      "to_participant": 1438,
      "rank": 6
    }
  },
  {
    "model": "matching.preference",
    "pk": 11546,
    "fields": {
      "from_participant": 1410,
      "to_participant": 1445,
      "rank": 7
    }
  },
  {
    "model": "matching.preference",
    "pk": 11547,
    "fields": {
      "from_participant": 1410,
      "to_participant": 1430,
      "rank": 8
    }
  },
  {
    "model": "matching.preference",
    "pk": 11548,
    "fields": {
      "from_participant": 1411,
      "to_participant": 1445,
      "rank": 1
    }
  },
  {
    "model": "matching.preference",
    "pk": 11549,
    "fields": {
      "from_participant": 1411,
      "to_participant": 1444,
      "rank": 2
    }
  },
  {
    "model": "matching.preference",
    "pk": 11550,
    "fields": {
      "from_participant": 1411,
      "to_participant": 1438,
      "rank": 3
    }
  },
  {
    "model": "matching.preference",
    "pk": 11551,
    "fields": {
      "from_participant": 1411,
      "to_participant": 1434,
      "rank": 4
    }
  },
  {
    "model": "matching.preference",
    "pk": 11552,
    "fields": {
      "from_participant": 1411,
      "to_participant": 1452,
      "rank": 5
    }
  },
  {
    "model": "matching.preference",
    "pk": 11553,
    "fields": {
      "from_participant": 1411,
      "to_participant": 1440,
      "rank": 6
    }
  },
  {
    "model": "matching.preference",
    "pk": 11554,
    "fields": {
      "from_participant": 1415,
      "to_participant": 1442,
      "rank": 1
    }
  },
  {
    "model": "matching.preference",
    "pk": 11555,
    "fields": {
      "from_participant": 1415,
      "to_participant": 1439,
      "rank": 2
    }
  },
  {
    "model": "matching.preference",
    "pk": 11556,
    "fields": {
      "from_participant": 1415,
      "to_participant": 1440,
      "rank": 3
    }
  },
  {
    "model": "matching.preference",
    "pk": 11557,
    "fields": {
      "from_participant": 1416,
      "to_participant": 1445,
      "rank": 1
    }
  },
  {
    "model": "matching.preference",
    "pk": 11558,
    "fields": {
      "from_participant": 1416,
      "to_participant": 1442,
      "rank": 2
    }
  },
  {
    "model": "matching.preference",
    "pk": 11559,
    "fields": {
      "from_participant": 1416,
      "to_participant": 1435,
      "rank": 3
    }
  },
  {
    "model": "matching.preference",
    "pk": 11560,
    "fields": {
      "from_participant": 1416,
      "to_participant": 1429,
      "rank": 4
    }
  },
  {
    "model": "matching.preference",
    "pk": 11561,
    "fields": {
      "from_participant": 1419,
      "to_participant": 1446,
      "rank": 1
    }
  },
  {
    "model": "matching.preference",
    "pk": 11562,
    "fields": {
      "from_participant": 1419,
      "to_participant": 1448,
      "rank": 2
    }
  },
  {
    "model": "matching.preference",
    "pk": 11563,
    "fields": {
      "from_participant": 1419,
      "to_participant": 1447,
      "rank": 3
    }
  },
  {
    "model": "matching.preference",
    "pk": 11564,
    "fields": {
      "from_participant": 1421,
      "to_participant": 1447,
      "rank": 1
    }
  },
  {
    "model": "matching.preference",
    "pk": 11565,
    "fields": {
      "from_participant": 1421,
      "to_participant": 1449,
      "rank": 2
    }
  },
  {
    "model": "matching.preference",
    "pk": 11566,
    "fields": {
      "from_participant": 1421,
      "to_participant": 1446,
      "rank": 3
    }
  },
  {
    "model": "matching.preference",
    "pk": 11567,
    "fields": {
      "from_participant": 1421,
      "to_participant": 1445,
      "rank": 4
    }
  },
  {
    "model": "matching.preference",
    "pk": 11568,
    "fields": {
      "from_participant": 1421,
      "to_participant": 1451,
      "rank": 5
    }
  },
  {
    "model": "matching.preference",
    "pk": 11569,
    "fields": {
      "from_participant": 1422,
      "to_participant": 1449,
      "rank": 1
    }
  },
  {
    "model": "matching.preference",
    "pk": 11570,
    "fields": {
      "from_participant": 1422,
      "to_participant": 1452,
      "rank": 2
    }
  },
  {
    "model": "matching.preference",
    "pk": 11571,
    "fields": {
      "from_participant": 1422,
      "to_participant": 1440,
      "rank": 3
    }
  },
  {
    "model": "matching.preference",
    "pk": 11572,
    "fields": {
      "from_participant": 1422,
      "to_participant": 1438,
      "rank": 4
    }
  },
  {
    "model": "matching.preference",
    "pk": 11573,
    "fields": {
      "from_participant": 1425,
      "to_participant": 1434,
      "rank": 1
    }
  },
  {
    "model": "matching.preference",
    "pk": 11574,
    "fields": {
      "from_participant": 1425,
      "to_participant": 1430,
      "rank": 2
    }
  },
  {
    "model": "matching.preference",
    "pk": 11575,
    "fields": {
      "from_participant": 1425,
      "to_participant": 1443,
      "rank": 3
    }
  },
  {
    "model": "matching.preference",
    "pk": 11576,
    "fields": {
      "from_participant": 1425,
      "to_participant": 1429,
      "rank": 4
    }
  },
  {
    "model": "matching.preference",
    "pk": 11577,
    "fields": {
      "from_participant": 1425,
      "to_participant": 1444,
      "rank": 5
    }
  },
  {
    "model": "matching.preference",
    "pk": 11578,
    "fields": {
      "from_participant": 1425,
      "to_participant": 1436,
      "rank": 6
    }
  },
  {
    "model": "matching.preference",
    "pk": 11579,
    "fields": {
      "from_participant": 1425,
      "to_participant": 1452,
      "rank": 7
    }
  },
  {
    "model": "matching.preference",
    "pk": 11580,
    "fields": {
      "from_participant": 1425,
      "to_participant": 1447,
      "rank": 8
    }
  },
  {
    "model": "matching.preference",
    "pk": 11581,
    "fields": {
      "from_participant": 1425,
      "to_participant": 1438,
      "rank": 9
    }
  },
  {
    "model": "matching.preference",
    "pk": 11582,
    "fields": {
      "from_participant": 1425,
      "to_participant": 1453,
      "rank": 10
    }
  },
  {
    "model": "matching.preference",
    "pk": 11583,
    "fields": {
      "from_participant": 1426,
      "to_participant": 1438,
      "rank": 1
    }
  },
  {
    "model": "matching.preference",
    "pk": 11584,
    "fields": {
      "from_participant": 1426,
      "to_participant": 1434,
      "rank": 2
    }
  },
  {
    "model": "matching.preference",
    "pk": 11585,
    "fields": {
      "from_participant": 1426,
      "to_participant": 1451,
      "rank": 3
    }
  },
  {
    "model": "matching.preference",
    "pk": 11586,
    "fields": {
      "from_participant": 1426,
      "to_participant": 1452,
      "rank": 4
    }
  },
  {
    "model": "matching.preference",
    "pk": 11587,
    "fields": {
      "from_participant": 1426,
      "to_participant": 1444,
      "rank": 5
    }
  },
  {
    "model": "matching.preference",
    "pk": 11588,
    "fields": {
      "from_participant": 1426,
      "to_participant": 1443,
      "rank": 6
    }
  },
  {
    "model": "matching.preference",
    "pk": 11589,
    "fields": {
      "from_participant": 1426,
      "to_participant": 1448,
      "rank": 7
    }
  },
  {
    "model": "matching.preference",
    "pk": 11590,
    "fields": {
      "from_participant": 1426,
      "to_participant": 1440,
      "rank": 8
    }
  },
  {
    "model": "matching.preference",
    "pk": 11591,
    "fields": {
      "from_participant": 1426,
      "to_participant": 1445,
      "rank": 9
    }
  },
  {
    "model": "matching.preference",
    "pk": 11592,
    "fields": {
      "from_participant": 1429,
      "to_participant": 1415,
      "rank": 1
    }
  },
  {
    "model": "matching.preference",
    "pk": 11593,
    "fields": {
      "from_participant": 1429,
      "to_participant": 1422,
      "rank": 2
    }
  },
  {
    "model": "matching.preference",
    "pk": 11594,
    "fields": {
      "from_participant": 1429,
      "to_participant": 1407,
      "rank": 3
    }
  },
  {
    "model": "matching.preference",
    "pk": 11595,
    "fields": {
      "from_participant": 1430,
      "to_participant": 1407,
      "rank": 1
    }
  },
  {
    "model": "matching.preference",
    "pk": 11596,
    "fields": {
      "from_participant": 1430,
      "to_participant": 1401,
      "rank": 2
    }
  },
  {
    "model": "matching.preference",
    "pk": 11597,
    "fields": {
      "from_participant": 1430,
      "to_participant": 1402,
      "rank": 3
    }
  },
  {
    "model": "matching.preference",
    "pk": 11598,
    "fields": {
      "from_participant": 1430,
      "to_participant": 1411,
      "rank": 4
    }
  },
  {
    "model": "matching.preference",
    "pk": 11599,
    "fields": {
      "from_participant": 1430,
      "to_participant": 1409,
      "rank": 5
    }
  },
  {
    "model": "matching.preference",
    "pk": 11600,
    "fields": {
      "from_participant": 1430,
      "to_participant": 1419,
      "rank": 6
    }
  },
  {
    "model": "matching.preference",
    "pk": 11601,
    "fields": {
      "from_participant": 1430,
      "to_participant": 1416,
      "rank": 7
    }
  },
  {
    "model": "matching.preference",
    "pk": 11602,
    "fields": {
      "from_participant": 1430,
      "to_participant": 1421,
      "rank": 8
    }
  },
  {
    "model": "matching.preference",
    "pk": 11603,
    "fields": {
      "from_participant": 1430,
      "to_participant": 1410,
      "rank": 9
    }
  },
  {
    "model": "matching.preference",
    "pk": 11604,
    "fields": {
      "from_participant": 1434,
      "to_participant": 1422,
      "rank": 1
    }
  },
  {
    "model": "matching.preference",
    "pk": 11605,
    "fields": {
      "from_participant": 1434,
      "to_participant": 1410,
      "rank": 2
    }
  },
  {
    "model": "matching.preference",
    "pk": 11606,
    "fields": {
      "from_participant": 1434,
      "to_participant": 1425,
      "rank": 3
    }
  },
  {
    "model": "matching.preference",
    "pk": 11607,
    "fields": {
      "from_participant": 1434,
      "to_participant": 1409,
      "rank": 4
    }
  },
  {
    "model": "matching.preference",
    "pk": 11608,
    "fields": {
      "from_participant": 1434,
      "to_participant": 1402,
      "rank": 5
    }
  },
  {
    "model": "matching.preference",
    "pk": 11609,
    "fields": {
      "from_participant": 1434,
      "to_participant": 1401,
      "rank": 6
    }
  },
  {
    "model": "matching.preference",
    "pk": 11610,
    "fields": {
      "from_participant": 1434,
      "to_participant": 1421,
      "rank": 7
    }
  },
  {
    "model": "matching.preference",
    "pk": 11611,
    "fields": {
      "from_participant": 1435,
      "to_participant": 1407,
      "rank": 1
    }
  },
  {
    "model": "matching.preference",
    "pk": 11612,
    "fields": {
      "from_participant": 1435,
      "to_participant": 1401,
      "rank": 2
    }
  },
  {
    "model": "matching.preference",
    "pk": 11613,
    "fields": {
      "from_participant": 1435,
      "to_participant": 1411,
      "rank": 3
    }
  },
  {
    "model": "matching.preference",
    "pk": 11614,
    "fields": {
      "from_participant": 1435,
      "to_participant": 1425,
      "rank": 4
    }
  },
  {
    "model": "matching.preference",
    "pk": 11615,
    "fields": {
      "from_participant": 1435,
      "to_participant": 1415,
      "rank": 5
    }
  },
  {
    "model": "matching.preference",
    "pk": 11616,
    "fields": {
      "from_participant": 1435,
      "to_participant": 1402,
      "rank": 6
    }
  },
  {
    "model": "matching.preference",
    "pk": 11617,
    "fields": {
      "from_participant": 1435,
      "to_participant": 1426,
      "rank": 7
    }
  },
  {
    "model": "matching.preference",
    "pk": 11618,
    "fields": {
      "from_participant": 1435,
      "to_participant": 1422,
      "rank": 8
    }
  },
  {
    "model": "matching.preference",
    "pk": 11619,
    "fields": {
      "from_participant": 1435,
      "to_participant": 1410,
      "rank": 9
    }
  },
  {
    "model": "matching.preference",
    "pk": 11620,
    "fields": {
      "from_participant": 1435,
      "to_participant": 1409,
      "rank": 10
    }
  },
  {
    "model": "matching.preference",
    "pk": 11621,
    "fields": {
      "from_participant": 1436,
      "to_participant": 1402,
      "rank": 1
    }
  },
  {
    "model": "matching.preference",
    "pk": 11622,
    "fields": {
      "from_participant": 1436,
      "to_participant": 1401,
      "rank": 2
    }
  },
  {
    "model": "matching.preference",
    "pk": 11623,
    "fields": {
      "from_participant": 1436,
      "to_participant": 1409,
      "rank": 3
    }
  },
  {
    "model": "matching.preference",
    "pk": 11624,
    "fields": {
      "from_participant": 1436,
      "to_participant": 1407,
      "rank": 4
    }
  },
  {
    "model": "matching.preference",
    "pk": 11625,
    "fields": {
      "from_participant": 1436,
      "to_participant": 1410,
      "rank": 5
    }
  },
  {
    "model": "matching.preference",
    "pk": 11626,
    "fields": {
      "from_participant": 1436,
      "to_participant": 1426,
      "rank": 6
    }
  },
  {
    "model": "matching.preference",
    "pk": 11627,
    "fields": {
      "from_participant": 1438,
      "to_participant": 1402,
      "rank": 1
    }
  },
  {
    "model": "matching.preference",
    "pk": 11628,
    "fields": {
      "from_participant": 1438,
      "to_participant": 1410,
      "rank": 2
    }
  },
  {
    "model": "matching.preference",
    "pk": 11629,
    "fields": {
      "from_participant": 1438,
      "to_participant": 1415,
      "rank": 3
    }
  },
  {
    "model": "matching.preference",
    "pk": 11630,
    "fields": {
      "from_participant": 1438,
      "to_participant": 1416,
      "rank": 4
    }
  },
  {
    "model": "matching.preference",
    "pk": 11631,
    "fields": {
      "from_participant": 1438,
      "to_participant": 1421,
      "rank": 5
    }
  },
  {
    "model": "matching.preference",
    "pk": 11632,
    "fields": {
      "from_participant": 1438,
      "to_participant": 1425,
      "rank": 6
    }
  },
  {
    "model": "matching.preference",
    "pk": 11633,
    "fields": {
      "from_participant": 1438,
      "to_participant": 1401,
      "rank": 7
    }
  },
  {
    "model": "matching.preference",
    "pk": 11634,
    "fields": {
      "from_participant": 1438,
      "to_participant": 1411,
      "rank": 8
    }
  },
  {
    "model": "matching.preference",
    "pk": 11635,
    "fields": {
      "from_participant": 1438,
      "to_participant": 1419,
      "rank": 9
    }
  },
  {
    "model": "matching.preference",
    "pk": 11636,
    "fields": {
      "from_participant": 1438,
      "to_participant": 1409,
      "rank": 10
    }
  },
  {
    "model": "matching.preference",
    "pk": 11637,
    "fields": {
      "from_participant": 1439,
      "to_participant": 1411,
      "rank": 1
    }
  },
  {
    "model": "matching.preference",
    "pk": 11638,
    "fields": {
      "from_participant": 1439,
      "to_participant": 1415,
      "rank": 2
    }
  },
  {
    "model": "matching.preference",
    "pk": 11639,
    "fields": {
      "from_participant": 1439,
      "to_participant": 1426,
      "rank": 3
    }
  },
  {
    "model": "matching.preference",
    "pk": 11640,
    "fields": {
      "from_participant": 1439,
      "to_participant": 1407,
      "rank": 4
    }
  },
  {
    "model": "matching.preference",
    "pk": 11641,
    "fields": {
      "from_participant": 1439,
      "to_participant": 1416,
      "rank": 5
    }
  },
  {
    "model": "matching.preference",
    "pk": 11642,
    "fields": {
      "from_participant": 1440,
      "to_participant": 1410,
      "rank": 1
    }
  },
  {
    "model": "matching.preference",
    "pk": 11643,
    "fields": {
      "from_participant": 1440,
      "to_participant": 1416,
      "rank": 2
    }
  },
  {
    "model": "matching.preference",
    "pk": 11644,
    "fields": {
      "from_participant": 1440,
      "to_participant": 1425,
      "rank": 3
    }
  },
  {
    "model": "matching.preference",
    "pk": 11645,
    "fields": {
      "from_participant": 1442,
      "to_participant": 1409,
      "rank": 1
    }
  },
  {
    "model": "matching.preference",
    "pk": 11646,
    "fields": {
      "from_participant": 1442,
      "to_participant": 1410,
      "rank": 2
    }
  },
  {
    "model": "matching.preference",
    "pk": 11647,
    "fields": {
      "from_participant": 1442,
      "to_participant": 1421,
      "rank": 3
    }
  },
  {
    "model": "matching.preference",
    "pk": 11648,
    "fields": {
      "from_participant": 1442,
      "to_participant": 1401,
      "rank": 4
    }
  },
  {
    "model": "matching.preference",
    "pk": 11649,
    "fields": {
      "from_participant": 1442,
      "to_participant": 1407,
      "rank": 5
    }
  },
  {
    "model": "matching.preference",
    "pk": 11650,
    "fields": {
      "from_participant": 1442,
      "to_participant": 1402,
      "rank": 6
    }
  },
  {
    "model": "matching.preference",
    "pk": 11651,
    "fields": {
      "from_participant": 1442,
      "to_participant": 1422,
      "rank": 7
    }
  },
  {
    "model": "matching.preference",
    "pk": 11652,
    "fields": {
      "from_participant": 1443,
      "to_participant": 1426,
      "rank": 1
    }
  },
  {
    "model": "matching.preference",
    "pk": 11653,
    "fields": {
      "from_participant": 1443,
      "to_participant": 1419,
      "rank": 2
    }
  },
  {
    "model": "matching.preference",
    "pk": 11654,
    "fields": {
      "from_participant": 1443,
      "to_participant": 1415,
      "rank": 3
    }
  },
  {
    "model": "matching.preference",
    "pk": 11655,
    "fields": {
      "from_participant": 1443,
      "to_participant": 1421,
      "rank": 4
    }
  },
  {
    "model": "matching.preference",
    "pk": 11656,
    "fields": {
      "from_participant": 1443,
      "to_participant": 1409,
      "rank": 5
    }
  },
  {
    "model": "matching.preference",
    "pk": 11657,
    "fields": {
      "from_participant": 1443,
      "to_participant": 1401,
      "rank": 6
    }
  },
  {
    "model": "matching.preference",
    "pk": 11658,
    "fields": {
      "from_participant": 1443,
      "to_participant": 1422,
      "rank": 7
    }
  },
  {
    "model": "matching.preference",
    "pk": 11659,
    "fields": {
      "from_participant": 1443,
      "to_participant": 1425,
      "rank": 8
    }
  },
  {
    "model": "matching.preference",
    "pk": 11660,
    "fields": {
      "from_participant": 1444,
      "to_participant": 1419,
      "rank": 1
    }
  },
  {
    "model": "matching.preference",
    "pk": 11661,
    "fields": {
      "from_participant": 1444,
      "to_participant": 1422,
      "rank": 2
    }
  },
  {
    "model": "matching.preference",
    "pk": 11662,
    "fields": {
      "from_participant": 1444,
      "to_participant": 1416,
      "rank": 3
    }
  },
  {
    "model": "matching.preference",
    "pk": 11663,
    "fields": {
      "from_participant": 1444,
      "to_participant": 1421,
      "rank": 4
    }
  },
  {
    "model": "matching.preference",
    "pk": 11664,
    "fields": {
      "from_participant": 1444,
      "to_participant": 1409,
      "rank": 5
    }
  },
  {
    "model": "matching.preference",
    "pk": 11665,
    "fields": {
      "from_participant": 1444,
      "to_participant": 1425,
      "rank": 6
    }
  },
  {
    "model": "matching.preference",
    "pk": 11666,
    "fields": {
      "from_participant": 1444,
      "to_participant": 1407,
      "rank": 7
    }
  },
  {
    "model": "matching.preference",
    "pk": 11667,
    "fields": {
      "from_participant": 1444,
      "to_participant": 1401,
      "rank": 8
    }
  },
  {
    "model": "matching.preference",
    "pk": 11668,
    "fields": {
      "from_participant": 1444,
      "to_participant": 1426,
      "rank": 9
    }
  },
  {
    "model": "matching.preference",
    "pk": 11669,
    "fields": {
      "from_participant": 1445,
      "to_participant": 1419,
      "rank": 1
    }
  },
  {
    "model": "matching.preference",
    "pk": 11670,
    "fields": {
      "from_participant": 1445,
      "to_participant": 1421,
      "rank": 2
    }
  },
  {
    "model": "matching.preference",
    "pk": 11671,
    "fields": {
      "from_participant": 1445,
      "to_participant": 1426,
      "rank": 3
    }
  },
  {
    "model": "matching.preference",
    "pk": 11672,
    "fields": {
      "from_participant": 1446,
      "to_participant": 1402,
      "rank": 1
    }
  },
  {
    "model": "matching.preference",
    "pk": 11673,
    "fields": {
      "from_participant": 1446,
      "to_participant": 1416,
      "rank": 2
    }
  },
  {
    "model": "matching.preference",
    "pk": 11674,
    "fields": {
      "from_participant": 1446,
      "to_participant": 1407,
      "rank": 3
    }
  },
  {
    "model": "matching.preference",
    "pk": 11675,
    "fields": {
      "from_participant": 1446,
      "to_participant": 1422,
      "rank": 4
    }
  },
  {
    "model": "matching.preference",
    "pk": 11676,
    "fields": {
      "from_participant": 1446,
      "to_participant": 1409,
      "rank": 5
    }
  },
  {
    "model": "matching.preference",
    "pk": 11677,
    "fields": {
      "from_participant": 1447,
      "to_participant": 1407,
      "rank": 1
    }
  },
  {
    "model": "matching.preference",
    "pk": 11678,
    "fields": {
      "from_participant": 1447,
      "to_participant": 1401,
      "rank": 2
    }
  },
  {
    "model": "matching.preference",
    "pk": 11679,
    "fields": {
      "from_participant": 1447,
      "to_participant": 1415,
      "rank": 3
    }
  },
  {
    "model": "matching.preference",
    "pk": 11680,
    "fields": {
      "from_participant": 1447,
      "to_participant": 1402,
      "rank": 4
    }
  },
  {
    "model": "matching.preference",
    "pk": 11681,
    "fields": {
      "from_participant": 1447,
      "to_participant": 1422,
      "rank": 5
    }
  },
  {
    "model": "matching.preference",
    "pk": 11682,
    "fields": {
      "from_participant": 1447,
      "to_participant": 1409,
      "rank": 6
    }
  },
  {
    "model": "matching.preference",
    "pk": 11683,
    "fields": {
      "from_participant": 1448,
      "to_participant": 1421,
      "rank": 1
    }
  },
  {
    "model": "matching.preference",
    "pk": 11684,
    "fields": {
      "from_participant": 1448,
      "to_participant": 1410,
      "rank": 2
    }
  },
  {
    "model": "matching.preference",
    "pk": 11685,
    "fields": {
      "from_participant": 1448,
      "to_participant": 1411,
      "rank": 3
    }
  },
  {
    "model": "matching.preference",
    "pk": 11686,
    "fields": {
      "from_participant": 1448,
      "to_participant": 1402,
      "rank": 4
    }
  },
  {
    "model": "matching.preference",
    "pk": 11687,
    "fields": {
      "from_participant": 1448,
      "to_participant": 1426,
      "rank": 5
    }
  },
  {
    "model": "matching.preference",
    "pk": 11688,
    "fields": {
      "from_participant": 1449,
      "to_participant": 1419,
      "rank": 1
    }
  },
  {
    "model": "matching.preference",
    "pk": 11689,
    "fields": {
      "from_participant": 1449,
      "to_participant": 1415,
      "rank": 2
    }
  },
  {
    "model": "matching.preference",
    "pk": 11690,
    "fields": {
      "from_participant": 1449,
      "to_participant": 1426,
      "rank": 3
    }
  },
  {
    "model": "matching.preference",
    "pk": 11691,
    "fields": {
      "from_participant": 1449,
      "to_participant": 1411,
      "rank": 4
    }
  },
  {
    "model": "matching.preference",
    "pk": 11692,
    "fields": {
      "from_participant": 1449,
      "to_participant": 1410,
      "rank": 5
    }
  },
  {
    "model": "matching.preference",
    "pk": 11693,
    "fields": {
      "from_participant": 1449,
      "to_participant": 1416,
      "rank": 6
    }
  },
  {
    "model": "matching.preference",
    "pk": 11694,
    "fields": {
      "from_participant": 1449,
      "to_participant": 1425,
      "rank": 7
    }
  },
  {
    "model": "matching.preference",
    "pk": 11695,
    "fields": {
      "from_participant": 1449,
      "to_participant": 1401,
      "rank": 8
    }
  },
  {
    "model": "matching.preference",
    "pk": 11696,
    "fields": {
      "from_participant": 1449,
      "to_participant": 1422,
      "rank": 9
    }
  },
  {
    "model": "matching.preference",
    "pk": 11697,
    "fields": {
      "from_participant": 1450,
      "to_participant": 1402,
      "rank": 1
    }
  },
  {
    "model": "matching.preference",
    "pk": 11698,
    "fields": {
      "from_participant": 1450,
      "to_participant": 1415,
      "rank": 2
    }
  },
  {
    "model": "matching.preference",
    "pk": 11699,
    "fields": {
      "from_participant": 1450,
      "to_participant": 1407,
      "rank": 3
    }
  },
  {
    "model": "matching.preference",
    "pk": 11700,
    "fields": {
      "from_participant": 1450,
      "to_participant": 1422,
      "rank": 4
    }
  },
  {
    "model": "matching.preference",
    "pk": 11701,
    "fields": {
      "from_participant": 1450,
      "to_participant": 1426,
      "rank": 5
    }
  },
  {
    "model": "matching.preference",
    "pk": 11702,
    "fields": {
      "from_participant": 1450,
      "to_participant": 1419,
      "rank": 6
    }
  },
  {
    "model": "matching.preference",
    "pk": 11703,
    "fields": {
      "from_participant": 1450,
      "to_participant": 1410,
      "rank": 7
    }
  },
  {
    "model": "matching.preference",
    "pk": 11704,
    "fields": {
      "from_participant": 1450,
      "to_participant": 1401,
      "rank": 8
    }
  },
  {
    "model": "matching.preference",
    "pk": 11705,
    "fields": {
      "from_participant": 1450,
      "to_participant": 1421,
      "rank": 9
    }
  },
  {
    "model": "matching.preference",
    "pk": 11706,
    "fields": {
      "from_participant": 1451,
      "to_participant": 1415,
      "rank": 1
    }
  },
  {
    "model": "matching.preference",
    "pk": 11707,
    "fields": {
      "from_participant": 1451,
      "to_participant": 1410,
      "rank": 2
    }
  },
  {
    "model": "matching.preference",
    "pk": 11708,
    "fields": {
      "from_participant": 1451,
      "to_participant": 1426,
      "rank": 3
    }
  },
  {
    "model": "matching.preference",
    "pk": 11709,
    "fields": {
      "from_participant": 1451,
      "to_participant": 1416,
      "rank": 4
    }
  },
  {
    "model": "matching.preference",
    "pk": 11710,
    "fields": {
      "from_participant": 1451,
      "to_participant": 1421,
      "rank": 5
    }
  },
  {
    "model": "matching.preference",
    "pk": 11711,
    "fields": {
      "from_participant": 1451,
      "to_participant": 1401,
      "rank": 6
    }
  },
  {
    "model": "matching.preference",
    "pk": 11712,
    "fields": {
      "from_participant": 1451,
      "to_participant": 1402,
      "rank": 7
    }
  },
  {
    "model": "matching.preference",
    "pk": 11713,
    "fields": {
      "from_participant": 1451,
      "to_participant": 1407,
      "rank": 8
    }
  },
  {
    "model": "matching.preference",
    "pk": 11714,
    "fields": {
      "from_participant": 1452,
      "to_participant": 1407,
      "rank": 1
    }
  },
  {
    "model": "matching.preference",
    "pk": 11715,
    "fields": {
      "from_participant": 1452,
      "to_participant": 1421,
      "rank": 2
    }
  },
  {
    "model": "matching.preference",
    "pk": 11716,
    "fields": {
      "from_participant": 1452,
      "to_participant": 1425,
      "rank": 3
    }
  },
  {
    "model": "matching.preference",
    "pk": 11717,
    "fields": {
      "from_participant": 1452,
      "to_participant": 1415,
      "rank": 4
    }
  },
  {
    "model": "matching.preference",
    "pk": 11718,
    "fields": {
      "from_participant": 1452,
      "to_participant": 1401,
      "rank": 5
    }
  },
  {
    "model": "matching.preference",
    "pk": 11719,
    "fields": {
      "from_participant": 1452,
      "to_participant": 1422,
      "rank": 6
    }
  },
  {
    "model": "matching.preference",
    "pk": 11720,
    "fields": {
      "from_participant": 1452,
      "to_participant": 1426,
      "rank": 7
    }
  },
  {
    "model": "matching.preference",
    "pk": 11721,
    "fields": {
      "from_participant": 1452,
      "to_participant": 1411,
      "rank": 8
    }
  },
  {
    "model": "matching.preference",
    "pk": 11722,
    "fields": {
      "from_participant": 1452,
      "to_participant": 1402,
      "rank": 9
    }
  },
  {
    "model": "matching.preference",
    "pk": 11723,
    "fields": {
      "from_participant": 1453,
      "to_participant": 1425,
      "rank": 1
    }
  },
  {
    "model": "matching.preference",
    "pk": 11724,
    "fields": {
      "from_participant": 1453,
      "to_participant": 1416,
      "rank": 2
    }
  },
  {
    "model": "matching.preference",
    "pk": 11725,
    "fields": {
      "from_participant": 1453,
      "to_participant": 1410,
      "rank": 3
    }
  }
]