[
  {
    "model": "core.cohort",
    "pk": 11,
    "fields": {
      "name": "E5 Multi Cohort #2 (10% submitted)",
      "status": "OPEN",
      "created_at": "2026-01-01T18:56:55Z"
    }
  },
  {
    "model": "auth.user",
    "pk": 1061,
    "fields": {
      "username": "mentor1061",
      "first_name": "Jordan",
      "last_name": "Davis",
      "email": "mentor1061@example.com",
      "password": "pbkdf2_sha256$600000$test$test==",
      "is_staff": false,
      "is_active": true,
      "is_superuser": false,
      "date_joined": "2026-01-01T18:56:55Z"
    }
  },
  {
    "model": "auth.user",
    "pk": 1062,
    "fields": {
      "username": "mentor1062",
      "first_name": "Ellis",
      "last_name": "Smith",
      "email": "mentor1062@example.com",
      "password": "pbkdf2_sha256$600000$test$test==",
      "is_staff": false,
      "is_active": true,
      "is_superuser": false,
      "date_joined": "2026-01-01T18:56:55Z"
    }
  },
  {
    "model": "auth.user",
    "pk": 1063,
    "fields": {
      "username": "mentor1063",
      "first_name": "Bailey",
      "last_name": "Miller",
      "email": "mentor1063@example.com",
      "password": "pbkdf2_sha256$600000$test$test==",
      "is_staff": false,
      "is_active": true,
      "is_superuser": false,
      "date_joined": "2026-01-01T18:56:55Z"
    }
  },
  {
    "model": "auth.user",
    "pk": 1064,
    "fields": {
      "username": "mentor1064",
      "first_name": "Ellis",
      "last_name": "Smith",
      "email": "mentor1064@example.com",
      "password": "pbkdf2_sha256$600000$test$test==",
      "is_staff": false,
      "is_active": true,
      "is_superuser": false,
      "date_joined": "2026-01-01T18:56:55Z"
    }
  },
  {
    "model": "auth.user",
    "pk": 1065,
    "fields": {
      "username": "mentor1065",
      "first_name": "Alex",
      "last_name": "Garcia",
      "email": "mentor1065@example.com",
      "password": "pbkdf2_sha256$600000$test$test==",
      "is_staff": false,
      "is_active": true,
      "is_superuser": false,
      "date_joined": "2026-01-01T18:56:55Z"
    }
  },
  {
    "model": "auth.user",
    "pk": 1066,
    "fields": {
      "username": "mentor1066",
      "first_name": "Casey",
      "last_name": "Jones",
      "email": "mentor1066@example.com",
      "password": "pbkdf2_sha256$600000$test$test==",
      "is_staff": false,
      "is_active": true,
      "is_superuser": false,
      "date_joined": "2026-01-01T18:56:55Z"
    }
  },
  {
    "model": "auth.user",
    "pk": 1067,
    "fields": {
      "username": "mentor1067",
      "first_name": "Casey",
      "last_name": "Davis",
      "email": "mentor1067@example.com",
      "password": "pbkdf2_sha256$600000$test$test==",
      "is_staff": false,
      "is_active": true,
      "is_superuser": false,
      "date_joined": "2026-01-01T18:56:55Z"
    }
  },
  {
    "model": "auth.user",
    "pk": 1068,
    "fields": {
      "username": "mentor1068",
      "first_name": "Jordan",
      "last_name": "Miller",
      "email": "mentor1068@example.com",
      "password": "pbkdf2_sha256$600000$test$test==",
      "is_staff": false,
      "is_active": true,
      "is_superuser": false,
      "date_joined": "2026-01-01T18:56:55Z"
    }
  },
  {
    "model": "auth.user",
    "pk": 1069,
    "fields": {
      "username": "mentor1069",
      "first_name": "Jordan",
      "last_name": "Smith",
      "email": "mentor1069@example.com",
      "password": "pbkdf2_sha256$600000$test$test==",
      "is_staff": false,
      "is_active": true,
      "is_superuser": false,
      "date_joined": "2026-01-01T18:56:55Z"
    }
  },
  {
    "model": "auth.user",
    "pk": 1070,
    "fields": {
      "username": "mentor1070",
      "first_name": "Bailey",
      "last_name": "Johnson",
      "email": "mentor1070@example.com",
      "password": "pbkdf2_sha256$600000$test$test==",
      "is_staff": false,
      "is_active": true,
      "is_superuser": false,
      "date_joined": "2026-01-01T18:56:55Z"
    }
  },
  {
    "model": "auth.user",
    "pk": 1071,
    "fields": {
      "username": "mentor1071",
      "first_name": "Casey",
      "last_name": "Rodriguez",
      "email": "mentor1071@example.com",
      "password": "pbkdf2_sha256$600000$test$test==",
      "is_staff": false,
      "is_active": true,
      "is_superuser": false,
      "date_joined": "2026-01-01T18:56:55Z"
    }
  },
  {
    "model": "auth.user",
    "pk": 1072,
    "fields": {
      "username": "mentor1072",
      "first_name": "Alex",
      "last_name": "Garcia",
      "email": "mentor1072@example.com",
      "password": "pbkdf2_sha256$600000$test$test==",
      "is_staff": false,
      "is_active": true,
      "is_superuser": false,
      "date_joined": "2026-01-01T18:56:55Z"
    }
  },
  {
    "model": "auth.user",
    "pk": 1073,
    "fields": {
      "username": "mentor1073",
      "first_name": "Kai",
      "last_name": "Rodriguez",
      "email": "mentor1073@example.com",
      "password": "pbkdf2_sha256$600000$test$test==",
      "is_staff": false,
      "is_active": true,
      "is_superuser": false,
      "date_joined": "2026-01-01T18:56:55Z"
    }
  },
  {
    "model": "auth.user",
    "pk": 1074,
    "fields": {
      "username": "mentor1074",
      "first_name": "Casey",
      "last_name": "Miller",
      "email": "mentor1074@example.com",
      "password": "pbkdf2_sha256$600000$test$test==",
      "is_staff": false,
      "is_active": true,
      "is_superuser": false,
      "date_joined": "2026-01-01T18:56:55Z"
    }
  },
  {
    "model": "auth.user",
    "pk": 1075,
    "fields": {
      "username": "mentor1075",
      "first_name": "Casey",
      "last_name": "Smith",
      "email": "mentor1075@example.com",
      "password": "pbkdf2_sha256$600000$test$test==",
      "is_staff": false,
      "is_active": true,
      "is_superuser": false,
      "date_joined": "2026-01-01T18:56:55Z"
    }
  },
  {
    "model": "auth.user",
    "pk": 1076,
    "fields": {
      "username": "mentor1076",
      "first_name": "Ellis",
      "last_name": "Garcia",
      "email": "mentor1076@example.com",
      "password": "pbkdf2_sha256$600000$test$test==",
      "is_staff": false,
      "is_active": true,
      "is_superuser": false,
      "date_joined": "2026-01-01T18:56:55Z"
    }
  },
  {
    "model": "auth.user",
    "pk": 1077,
    "fields": {
      "username": "mentor1077",
      "first_name": "Alex",
      "last_name": "Garcia",
      "email": "mentor1077@example.com",
      "password": "pbkdf2_sha256$600000$test$test==",
      "is_staff": false,
      "is_active": true,
      "is_superuser": false,
      "date_joined": "2026-01-01T18:56:55Z"
    }
  },
  {
    "model": "auth.user",
    "pk": 1078,
    "fields": {
      "username": "mentor1078",
      "first_name": "Drew",
      "last_name": "Brown",
      "email": "mentor1078@example.com",
      "password": "pbkdf2_sha256$600000$test$test==",
      "is_staff": false,
      "is_active": true,
      "is_superuser": false,
      "date_joined": "2026-01-01T18:56:55Z"
    }
  },
  {
    "model": "auth.user",
    "pk": 1079,
    "fields": {
      "username": "mentor1079",
      "first_name": "Bailey",
      "last_name": "Garcia",
      "email": "mentor1079@example.com",
      "password": "pbkdf2_sha256$600000$test$test==",
      "is_staff": false,
      "is_active": true,
      "is_superuser": false,
      "date_joined": "2026-01-01T18:56:55Z"
    }
  },
  {
    "model": "auth.user",
    "pk": 1080,
    "fields": {
      "username": "mentor1080",
      "first_name": "Jordan",
      "last_name": "Miller",
      "email": "mentor1080@example.com",
      "password": "pbkdf2_sha256$600000$test$test==",
      "is_staff": false,
      "is_active": true,
      "is_superuser": false,
      "date_joined": "2026-01-01T18:56:55Z"
    }
  },
  {
    "model": "auth.user",
    "pk": 1081,
    "fields": {
      "username": "mentor1081",
      "first_name": "Kai",
      "last_name": "Williams",
      "email": "mentor1081@example.com",
      "password": "pbkdf2_sha256$600000$test$test==",
      "is_staff": false,
      "is_active": true,
      "is_superuser": false,
      "date_joined": "2026-01-01T18:56:55Z"
    }
  },
  {
    "model": "auth.user",
    "pk": 1082,
    "fields": {
      "username": "mentor1082",
      "first_name": "Drew",
      "last_name": "Williams",
      "email": "mentor1082@example.com",
      "password": "pbkdf2_sha256$600000$test$test==",
      "is_staff": false,
      "is_active": true,
      "is_superuser": false,
      "date_joined": "2026-01-01T18:56:55Z"
    }
  },
  {
    "model": "auth.user",
    "pk": 1083,
    "fields": {
      "username": "mentor1083",
      "first_name": "Casey",
      "last_name": "Miller",
      "email": "mentor1083@example.com",
      "password": "pbkdf2_sha256$600000$test$test==",
      "is_staff": false,
      "is_active": true,
      "is_superuser": false,
      "date_joined": "2026-01-01T18:56:55Z"
    }
  },
  {
    "model": "auth.user",
    "pk": 1084,
    "fields": {
      "username": "mentor1084",
      "first_name": "Alex",
      "last_name": "Williams",
      "email": "mentor1084@example.com",
      "password": "pbkdf2_sha256$600000$test$test==",
      "is_staff": false,
      "is_active": true,
      "is_superuser": false,
      "date_joined": "2026-01-01T18:56:55Z"
    }
  },
  {
    "model": "auth.user",
    "pk": 1085,
    "fields": {
      "username": "mentor1085",
      "first_name": "Finley",
      "last_name": "Miller",
      "email": "mentor1085@example.com",
      "password": "pbkdf2_sha256$600000$test$test==",
      "is_staff": false,
      "is_active": true,
      "is_superuser": false,
      "date_joined": "2026-01-01T18:56:55Z"
    }
  },
  {
    "model": "auth.user",
    "pk": 1086,
    "fields": {
      "username": "mentor1086",
      "first_name": "Drew",
      "last_name": "Jones",
      "email": "mentor1086@example.com",
      "password": "pbkdf2_sha256$600000$test$test==",
      "is_staff": false,
      "is_active": true,
      "is_superuser": false,
      "date_joined": "2026-01-01T18:56:55Z"
    }
  },
  {
    "model": "auth.user",
    "pk": 1087,
    "fields": {
      "username": "mentor1087",
      "first_name": "Casey",
      "last_name": "Johnson",
      "email": "mentor1087@example.com",
      "password": "pbkdf2_sha256$600000$test$test==",
      "is_staff": false,
      "is_active": true,
      "is_superuser": false,
      "date_joined": "2026-01-01T18:56:55Z"
    }
  },
  {
    "model": "auth.user",
    "pk": 1088,
    "fields": {
      "username": "mentor1088",
      "first_name": "Harper",
      "last_name": "Smith",
      "email": "mentor1088@example.com",
      "password": "pbkdf2_sha256$600000$test$test==",
      "is_staff": false,
      "is_active": true,
      "is_superuser": false,
      "date_joined": "2026-01-01T18:56:55Z"
    }
  },
  {
    "model": "auth.user",
    "pk": 1089,
    "fields": {
      "username": "mentor1089",
      "first_name": "Indigo",
      "last_name": "Brown",
      "email": "mentor1089@example.com",
      "password": "pbkdf2_sha256$600000$test$test==",
      "is_staff": false,
      "is_active": true,
      "is_superuser": false,
      "date_joined": "2026-01-01T18:56:55Z"
    }
  },
  {
    "model": "auth.user",
    "pk": 1090,
    "fields": {
      "username": "mentee1090",
      "first_name": "Drew",
      "last_name": "Davis",
      "email": "mentee1090@example.com",
      "password": "pbkdf2_sha256$600000$test$test==",
      "is_staff": false,
      "is_active": true,
      "is_superuser": false,
      "date_joined": "2026-01-01T18:56:55Z"
    }
  },
  {
    "model": "auth.user",
    "pk": 1091,
    "fields": {
      "username": "mentee1091",
      "first_name": "Finley",
      "last_name": "Jones",
      "email": "mentee1091@example.com",
      "password": "pbkdf2_sha256$600000$test$test==",
      "is_staff": false,
      "is_active": true,
      "is_superuser": false,
      "date_joined": "2026-01-01T18:56:55Z"
    }
  },
  {
    "model": "auth.user",
    "pk": 1092,
    "fields": {
      "username": "mentee1092",
      "first_name": "Drew",
      "last_name": "Brown",
      "email": "mentee1092@example.com",
      "password": "pbkdf2_sha256$600000$test$test==",
      "is_staff": false,
      "is_active": true,
      "is_superuser": false,
      "date_joined": "2026-01-01T18:56:55Z"
    }
  },
  {
    "model": "auth.user",
    "pk": 1093,
    "fields": {
      "username": "mentee1093",
      "first_name": "Alex",
      "last_name": "Brown",
      "email": "mentee1093@example.com",
      "password": "pbkdf2_sha256$600000$test$test==",
      "is_staff": false,
      "is_active": true,
      "is_superuser": false,
      "date_joined": "2026-01-01T18:56:55Z"
    }
  },
  {
    "model": "auth.user",
    "pk": 1094,
    "fields": {
      "username": "mentee1094",
      "first_name": "Harper",
      "last_name": "Garcia",
      "email": "mentee1094@example.com",
      "password": "pbkdf2_sha256$600000$test$test==",
      "is_staff": false,
      "is_active": true,
      "is_superuser": false,
      "date_joined": "2026-01-01T18:56:55Z"
    }
  },
  {
    "model": "auth.user",
    "pk": 1095,
    "fields": {
      "username": "mentee1095",
      "first_name": "Ellis",
      "last_name": "Johnson",
      "email": "mentee1095@example.com",
      "password": "pbkdf2_sha256$600000$test$test==",
      "is_staff": false,
      "is_active": true,
      "is_superuser": false,
      "date_joined": "2026-01-01T18:56:55Z"
    }
  },
  {
    "model": "auth.user",
    "pk": 1096,
    "fields": {
      "username": "mentee1096",
      "first_name": "Ellis",
      "last_name": "Garcia",
      "email": "mentee1096@example.com",
      "password": "pbkdf2_sha256$600000$test$test==",
      "is_staff": false,
      "is_active": true,
      "is_superuser": false,
      "date_joined": "2026-01-01T18:56:55Z"
    }
  },
  {
    "model": "auth.user",
    "pk": 1097,
    "fields": {
      "username": "mentee1097",
      "first_name": "Jordan",
      "last_name": "Miller",
      "email": "mentee1097@example.com",
      "password": "pbkdf2_sha256$600000$test$test==",
      "is_staff": false,
      "is_active": true,
      "is_superuser": false,
      "date_joined": "2026-01-01T18:56:55Z"
    }
  },
  {
    "model": "auth.user",
    "pk": 1098,
    "fields": {
      "username": "mentee1098",
      "first_name": "Jordan",
      "last_name": "Garcia",
      "email": "mentee1098@example.com",
      "password": "pbkdf2_sha256$600000$test$test==",
      "is_staff": false,
      "is_active": true,
      "is_superuser": false,
      "date_joined": "2026-01-01T18:56:55Z"
    }
  },
  {
    "model": "auth.user",
    "pk": 1099,
    "fields": {
      "username": "mentee1099",
      "first_name": "Alex",
      "last_name": "Johnson",
      "email": "mentee1099@example.com",
      "password": "pbkdf2_sha256$600000$test$test==",
      "is_staff": false,
      "is_active": true,
      "is_superuser": false,
      "date_joined": "2026-01-01T18:56:55Z"
    }
  },
  {
    "model": "auth.user",
    "pk": 1100,
    "fields": {
      "username": "mentee1100",
      "first_name": "Ellis",
      "last_name": "Williams",
      "email": "mentee1100@example.com",
      "password": "pbkdf2_sha256$600000$test$test==",
      "is_staff": false,
      "is_active": true,
      "is_superuser": false,
      "date_joined": "2026-01-01T18:56:55Z"
    }
  },
  {
    "model": "auth.user",
    "pk": 1101,
    "fields": {
      "username": "mentee1101",
      "first_name": "Kai",
      "last_name": "Jones",
      "email": "mentee1101@example.com",
      "password": "pbkdf2_sha256$600000$test$test==",
      "is_staff": false,
      "is_active": true,
      "is_superuser": false,
      "date_joined": "2026-01-01T18:56:55Z"
    }
  },
  {
    "model": "auth.user",
    "pk": 1102,
    "fields": {
      "username": "mentee1102",
      "first_name": "Alex",
      "last_name": "Johnson",
      "email": "mentee1102@example.com",
      "password": "pbkdf2_sha256$600000$test$test==",
      "is_staff": false,
      "is_active": true,
      "is_superuser": false,
      "date_joined": "2026-01-01T18:56:55Z"
    }
  },
  {
    "model": "auth.user",
    "pk": 1103,
    "fields": {
      "username": "mentee1103",
      "first_name": "Kai",
      "last_name": "Miller",
      "email": "mentee1103@example.com",
      "password": "pbkdf2_sha256$600000$test$test==",
      "is_staff": false,
      "is_active": true,
      "is_superuser": false,
      "date_joined": "2026-01-01T18:56:55Z"
    }
  },
  {
    "model": "auth.user",
    "pk": 1104,
    "fields": {
      "username": "mentee1104",
      "first_name": "Finley",
      "last_name": "Garcia",
      "email": "mentee1104@example.com",
      "password": "pbkdf2_sha256$600000$test$test==",
      "is_staff": false,
      "is_active": true,
      "is_superuser": false,
      "date_joined": "2026-01-01T18:56:55Z"
    }
  },
  {
    "model": "auth.user",
    "pk": 1105,
    "fields": {
      "username": "mentee1105",
      "first_name": "Harper",
      "last_name": "Martinez",
      "email": "mentee1105@example.com",
      "password": "pbkdf2_sha256$600000$test$test==",
      "is_staff": false,
      "is_active": true,
      "is_superuser": false,
      "date_joined": "2026-01-01T18:56:55Z"
    }
  },
  {
    "model": "auth.user",
    "pk": 1106,
    "fields": {
      "username": "mentee1106",
      "first_name": "Jordan",
      "last_name": "Johnson",
      "email": "mentee1106@example.com",
      "password": "pbkdf2_sha256$600000$test$test==",
      "is_staff": false,
      "is_active": true,
      "is_superuser": false,
      "date_joined": "2026-01-01T18:56:55Z"
    }
  },
  {
    "model": "auth.user",
    "pk": 1107,
    "fields": {
      "username": "mentee1107",
      "first_name": "Harper",
      "last_name": "Martinez",
      "email": "mentee1107@example.com",
      "password": "pbkdf2_sha256$600000$test$test==",
      "is_staff": false,
      "is_active": true,
      "is_superuser": false,
      "date_joined": "2026-01-01T18:56:55Z"
    }
  },
  {
    "model": "auth.user",
    "pk": 1108,
    "fields": {
      "username": "mentee1108",
      "first_name": "Drew",
      "last_name": "Jones",
      "email": "mentee1108@example.com",
      "password": "pbkdf2_sha256$600000$test$test==",
      "is_staff": false,
      "is_active": true,
      "is_superuser": false,
      "date_joined": "2026-01-01T18:56:55Z"
    }
  },
  {
    "model": "auth.user",
    "pk": 1109,
    "fields": {
      "username": "mentee1109",
      "first_name": "Alex",
      "last_name": "Miller",
      "email": "mentee1109@example.com",
      "password": "pbkdf2_sha256$600000$test$test==",
      "is_staff": false,
      "is_active": true,
      "is_superuser": false,
      "date_joined": "2026-01-01T18:56:55Z"
    }
  },
  {
    "model": "auth.user",
    "pk": 1110,
    "fields": {
      "username": "mentee1110",
      "first_name": "Alex",
      "last_name": "Rodriguez",
      "email": "mentee1110@example.com",
      "password": "pbkdf2_sha256$600000$test$test==",
      "is_staff": false,
      "is_active": true,
      "is_superuser": false,
      "date_joined": "2026-01-01T18:56:55Z"
    }
  },
  {
    "model": "auth.user",
    "pk": 1111,
    "fields": {
      "username": "mentee1111",
      "first_name": "Jordan",
      "last_name": "Brown",
      "email": "mentee1111@example.com",
      "password": "pbkdf2_sha256$600000$test$test==",
      "is_staff": false,
      "is_active": true,
      "is_superuser": false,
      "date_joined": "2026-01-01T18:56:55Z"
    }
  },
  {
    "model": "auth.user",
    "pk": 1112,
    "fields": {
      "username": "mentee1112",
      "first_name": "Finley",
      "last_name": "Miller",
      "email": "mentee1112@example.com",
      "password": "pbkdf2_sha256$600000$test$test==",
      "is_staff": false,
      "is_active": true,
      "is_superuser": false,
      "date_joined": "2026-01-01T18:56:55Z"
    }
  },
  {
    "model": "auth.user",
    "pk": 1113,
    "fields": {
      "username": "mentee1113",
      "first_name": "Bailey",
      "last_name": "Garcia",
      "email": "mentee1113@example.com",
      "password": "pbkdf2_sha256$600000$test$test==",
      "is_staff": false,
      "is_active": true,
      "is_superuser": false,
      "date_joined": "2026-01-01T18:56:55Z"
    }
  },
  {
    "model": "auth.user",
    "pk": 1114,
    "fields": {
      "username": "mentee1114",
      "first_name": "Kai",
      "last_name": "Garcia",
      "email": "mentee1114@example.com",
      "password": "pbkdf2_sha256$600000$test$test==",
      "is_staff": false,
      "is_active": true,
      "is_superuser": false,
      "date_joined": "2026-01-01T18:56:55Z"
    }
  },
  {
    "model": "auth.user",
    "pk": 1115,
    "fields": {
      "username": "mentee1115",
      "first_name": "Bailey",
      "last_name": "Jones",
      "email": "mentee1115@example.com",
      "password": "pbkdf2_sha256$600000$test$test==",
      "is_staff": false,
      "is_active": true,
      "is_superuser": false,
      "date_joined": "2026-01-01T18:56:55Z"
    }
  },
  {
    "model": "auth.user",
    "pk": 1116,
    "fields": {
      "username": "mentee1116",
      "first_name": "Jordan",
      "last_name": "Jones",
      "email": "mentee1116@example.com",
      "password": "pbkdf2_sha256$600000$test$test==",
      "is_staff": false,
      "is_active": true,
      "is_superuser": false,
      "date_joined": "2026-01-01T18:56:55Z"
    }
  },
  {
    "model": "auth.user",
    "pk": 1117,
    "fields": {
      "username": "mentee1117",
      "first_name": "Harper",
      "last_name": "Garcia",
      "email": "mentee1117@example.com",
      "password": "pbkdf2_sha256$600000$test$test==",
      "is_staff": false,
      "is_active": true,
      "is_superuser": false,
      "date_joined": "2026-01-01T18:56:55Z"
    }
  },
  {
    "model": "auth.user",
    "pk": 1118,
    "fields": {
      "username": "mentee1118",
      "first_name": "Harper",
      "last_name": "Jones",
      "email": "mentee1118@example.com",
      "password": "pbkdf2_sha256$600000$test$test==",
      "is_staff": false,
      "is_active": true,
      "is_superuser": false,
      "date_joined": "2026-01-01T18:56:55Z"
    }
  },
  {
    "model": "core.participant",
    "pk": 1061,
    "fields": {
      "cohort": 11,
      "user": 1061,
      "role_in_cohort": "MENTOR",
      "display_name": "Drew Miller",
      "organization": "OrgC",
      "is_submitted": false,
      "submitted_at": null,
      "created_at": "2026-01-17T18:56:55Z",
      "updated_at": "2026-01-24T18:56:55Z"
    }
  },
  {
    "model": "core.participant",
    "pk": 1062,
    "fields": {
      "cohort": 11,
      "user": 1062,
      "role_in_cohort": "MENTOR",
      "display_name": "Casey Martinez",
      "organization": "OrgG",
      "is_submitted": false,
      "submitted_at": null,
      "created_at": "2026-01-17T18:56:55Z",
      "updated_at": "2026-01-24T18:56:55Z"
    }
  },
  {
    "model": "core.participant",
    "pk": 1063,
    "fields": {
      "cohort": 11,
      "user": 1063,
      "role_in_cohort": "MENTOR",
      "display_name": "Harper Rodriguez",
      "organization": "OrgE",
      "is_submitted": false,
      "submitted_at": null,
      "created_at": "2026-01-17T18:56:55Z",
      "updated_at": "2026-01-24T18:56:55Z"
    }
  },
  {
    "model": "core.participant",
    "pk": 1064,
    "fields": {
      "cohort": 11,
      "user": 1064,
      "role_in_cohort": "MENTOR",
      "display_name": "Ellis Brown",
      "organization": "OrgE",
      "is_submitted": true,
      "submitted_at": "2026-01-24T18:56:55Z",
      "created_at": "2026-01-17T18:56:55Z",
      "updated_at": "2026-01-24T18:56:55Z"
    }
  },
  {
    "model": "core.participant",
    "pk": 1065,
    "fields": {
      "cohort": 11,
      "user": 1065,
      "role_in_cohort": "MENTOR",
      "display_name": "Indigo Davis",
      "organization": "OrgF",
      "is_submitted": false,
      "submitted_at": null,
      "created_at": "2026-01-17T18:56:55Z",
      "updated_at": "2026-01-24T18:56:55Z"
    }
  },
  {
    "model": "core.participant",
    "pk": 1066,
    "fields": {
      "cohort": 11,
      "user": 1066,
      "role_in_cohort": "MENTOR",
      "display_name": "Jordan Davis",
      "organization": "OrgD",
      "is_submitted": false,
      "submitted_at": null,
      "created_at": "2026-01-17T18:56:55Z",
      "updated_at": "2026-01-24T18:56:55Z"
    }
  },
  {
    "model": "core.participant",
    "pk": 1067,
    "fields": {
      "cohort": 11,
      "user": 1067,
      "role_in_cohort": "MENTOR",
      "display_name": "Bailey Jones",
      "organization": "OrgC",
      "is_submitted": false,
      "submitted_at": null,
      "created_at": "2026-01-17T18:56:55Z",
      "updated_at": "2026-01-24T18:56:55Z"
    }
  },
  {
    "model": "core.participant",
    "pk": 1068,
    "fields": {
      "cohort": 11,
      "user": 1068,
      "role_in_cohort": "MENTOR",
      "display_name": "Bailey Brown",
      "organization": "OrgF",
      "is_submitted": false,
      "submitted_at": null,
      "created_at": "2026-01-17T18:56:55Z",
      "updated_at": "2026-01-24T18:56:55Z"
    }
  },
  {
    "model": "core.participant",
    "pk": 1069,
    "fields": {
      "cohort": 11,
      "user": 1069,
      "role_in_cohort": "MENTOR",
      "display_name": "Drew Brown",
      "organization": "OrgE",
      "is_submitted": false,
      "submitted_at": null,
      "created_at": "2026-01-17T18:56:55Z",
      "updated_at": "2026-01-24T18:56:55Z"
    }
  },
  {
    "model": "core.participant",
    "pk": 1070,
    "fields": {
      "cohort": 11,
      "user": 1070,
      "role_in_cohort": "MENTOR",
      "display_name": "Alex Brown",
      "organization": "OrgA",
      "is_submitted": false,
      "submitted_at": null,
      "created_at": "2026-01-17T18:56:55Z",
      "updated_at": "2026-01-24T18:56:55Z"
    }
  },
  {
    "model": "core.participant",
    "pk": 1071,
    "fields": {
      "cohort": 11,
      "user": 1071,
      "role_in_cohort": "MENTOR",
      "display_name": "Indigo Miller",
      "organization": "OrgB",
      "is_submitted": false,
      "submitted_at": null,
      "created_at": "2026-01-17T18:56:55Z",
      "updated_at": "2026-01-24T18:56:55Z"
    }
  },
  {
    "model": "core.participant",
    "pk": 1072,
    "fields": {
      "cohort": 11,
      "user": 1072,
      "role_in_cohort": "MENTOR",
      "display_name": "Harper Davis",
      "organization": "OrgD",
      "is_submitted": false,
      "submitted_at": null,
      "created_at": "2026-01-17T18:56:55Z",
      "updated_at": "2026-01-24T18:56:55Z"
    }
  },
  {
    "model": "core.participant",
    "pk": 1073,
    "fields": {
      "cohort": 11,
      "user": 1073,
      "role_in_cohort": "MENTOR",
      "display_name": "Casey Smith",
      "organization": "OrgD",
      "is_submitted": false,
      "submitted_at": null,
      "created_at": "2026-01-17T18:56:55Z",
      "updated_at": "2026-01-24T18:56:55Z"
    }
  },
  {
    "model": "core.participant",
    "pk": 1074,
    "fields": {
      "cohort": 11,
      "user": 1074,
      "role_in_cohort": "MENTOR",
      "display_name": "Harper Brown",
      "organization": "OrgB",
      "is_submitted": false,
      "submitted_at": null,
      "created_at": "2026-01-17T18:56:55Z",
      "updated_at": "2026-01-24T18:56:55Z"
    }
  },
  {
    "model": "core.participant",
    "pk": 1075,
    "fields": {
      "cohort": 11,
      "user": 1075,
      "role_in_cohort": "MENTOR",
      "display_name": "Alex Rodriguez",
      "organization": "OrgH",
      "is_submitted": false,
      "submitted_at": null,
      "created_at": "2026-01-17T18:56:55Z",
      "updated_at": "2026-01-24T18:56:55Z"
    }
  },
  {
    "model": "core.participant",
    "pk": 1076,
    "fields": {
      "cohort": 11,
      "user": 1076,
      "role_in_cohort": "MENTOR",
      "display_name": "Indigo Williams",
      "organization": "OrgB",
      "is_submitted": false,
      "submitted_at": null,
      "created_at": "2026-01-17T18:56:55Z",
      "updated_at": "2026-01-24T18:56:55Z"
    }
  },
  {
    "model": "core.participant",
    "pk": 1077,
    "fields": {
      "cohort": 11,
      "user": 1077,
      "role_in_cohort": "MENTOR",
      "display_name": "Indigo Martinez",
      "organization": "OrgF",
      "is_submitted": false,
      "submitted_at": null,
      "created_at": "2026-01-17T18:56:55Z",
      "updated_at": "2026-01-24T18:56:55Z"
    }
  },
  {
    "model": "core.participant",
    "pk": 1078,
    "fields": {
      "cohort": 11,
      "user": 1078,
      "role_in_cohort": "MENTOR",
      "display_name": "Jordan Davis",
      "organization": "OrgG",
      "is_submitted": false,
      "submitted_at": null,
      "created_at": "2026-01-17T18:56:55Z",
      "updated_at": "2026-01-24T18:56:55Z"
    }
  },
  {
    "model": "core.participant",
    "pk": 1079,
    "fields": {
      "cohort": 11,
      "user": 1079,
      "role_in_cohort": "MENTOR",
      "display_name": "Indigo Jones",
      "organization": "OrgH",
      "is_submitted": false,
      "submitted_at": null,
      "created_at": "2026-01-17T18:56:55Z",
      "updated_at": "2026-01-24T18:56:55Z"
    }
  },
  {
    "model": "core.participant",
    "pk": 1080,
    "fields": {
      "cohort": 11,
      "user": 1080,
      "role_in_cohort": "MENTOR",
      "display_name": "Ellis Rodriguez",
      "organization": "OrgD",
      "is_submitted": false,
      "submitted_at": null,
      "created_at": "2026-01-17T18:56:55Z",
      "updated_at": "2026-01-24T18:56:55Z"
    }
  },
  {
    "model": "core.participant",
    "pk": 1081,
    "fields": {
      "cohort": 11,
      "user": 1081,
      "role_in_cohort": "MENTOR",
      "display_name": "Ellis Davis",
      "organization": "OrgD",
      "is_submitted": false,
      "submitted_at": null,
      "created_at": "2026-01-17T18:56:55Z",
      "updated_at": "2026-01-24T18:56:55Z"
    }
  },
  {
    "model": "core.participant",
    "pk": 1082,
    "fields": {
      "cohort": 11,
      "user": 1082,
      "role_in_cohort": "MENTOR",
      "display_name": "Drew Jones",
      "organization": "OrgE",
      "is_submitted": true,
      "submitted_at": "2026-01-24T18:56:55Z",
      "created_at": "2026-01-17T18:56:55Z",
      "updated_at": "2026-01-24T18:56:55Z"
    }
  },
  {
    "model": "core.participant",
    "pk": 1083,
    "fields": {
      "cohort": 11,
      "user": 1083,
      "role_in_cohort": "MENTOR",
      "display_name": "Jordan Johnson",
      "organization": "OrgF",
      "is_submitted": false,
      "submitted_at": null,
      "created_at": "2026-01-17T18:56:55Z",
      "updated_at": "2026-01-24T18:56:55Z"
    }
  },
  {
    "model": "core.participant",
    "pk": 1084,
    "fields": {
      "cohort": 11,
      "user": 1084,
      "role_in_cohort": "MENTOR",
      "display_name": "Drew Miller",
      "organization": "OrgC",
      "is_submitted": false,
      "submitted_at": null,
      "created_at": "2026-01-17T18:56:55Z",
      "updated_at": "2026-01-24T18:56:55Z"
    }
  },
  {
    "model": "core.participant",
    "pk": 1085,
    "fields": {
      "cohort": 11,
      "user": 1085,
      "role_in_cohort": "MENTOR",
      "display_name": "Drew Johnson",
      "organization": "OrgC",
      "is_submitted": false,
      "submitted_at": null,
      "created_at": "2026-01-17T18:56:55Z",
      "updated_at": "2026-01-24T18:56:55Z"
    }
  },
  {
    "model": "core.participant",
    "pk": 1086,
    "fields": {
      "cohort": 11,
      "user": 1086,
      "role_in_cohort": "MENTOR",
      "display_name": "Finley Rodriguez",
      "organization": "OrgG",
      "is_submitted": false,
      "submitted_at": null,
      "created_at": "2026-01-17T18:56:55Z",
      "updated_at": "2026-01-24T18:56:55Z"
    }
  },
  {
    "model": "core.participant",
    "pk": 1087,
    "fields": {
      "cohort": 11,
      "user": 1087,
      "role_in_cohort": "MENTOR",
      "display_name": "Alex Brown",
      "organization": "OrgG",
      "is_submitted": false,
      "submitted_at": null,
      "created_at": "2026-01-17T18:56:55Z",
      "updated_at": "2026-01-24T18:56:55Z"
    }
  },
  {
    "model": "core.participant",
    "pk": 1088,
    "fields": {
      "cohort": 11,
      "user": 1088,
      "role_in_cohort": "MENTOR",
      "display_name": "Kai Smith",
      "organization": "OrgG",
      "is_submitted": false,
      "submitted_at": null,
      "created_at": "2026-01-17T18:56:55Z",
      "updated_at": "2026-01-24T18:56:55Z"
    }
  },
  {
    "model": "core.participant",
    "pk": 1089,
    "fields": {
      "cohort": 11,
      "user": 1089,
      "role_in_cohort": "MENTOR",
      "display_name": "Indigo Smith",
      "organization": "OrgG",
      "is_submitted": false,
      "submitted_at": null,
      "created_at": "2026-01-17T18:56:55Z",
      "updated_at": "2026-01-24T18:56:55Z"
    }
  },
  {
    "model": "core.participant",
    "pk": 1090,
    "fields": {
      "cohort": 11,
      "user": 1090,
      "role_in_cohort": "MENTEE",
      "display_name": "Harper Miller",
      "organization": "OrgE",
      "is_submitted": false,
      "submitted_at": null,
      "created_at": "2026-01-17T18:56:55Z",
      "updated_at": "2026-01-24T18:56:55Z"
    }
  },
  {
    "model": "core.participant",
    "pk": 1091,
    "fields": {
      "cohort": 11,
      "user": 1091,
      "role_in_cohort": "MENTEE",
      "display_name": "Indigo Brown",
      "organization": "OrgD",
      "is_submitted": false,
      "submitted_at": null,
      "created_at": "2026-01-17T18:56:55Z",
      "updated_at": "2026-01-24T18:56:55Z"
    }
  },
  {
    "model": "core.participant",
    "pk": 1092,
    "fields": {
      "cohort": 11,
      "user": 1092,
      "role_in_cohort": "MENTEE",
      "display_name": "Indigo Smith",
      "organization": "OrgG",
      "is_submitted": false,
      "submitted_at": null,
      "created_at": "2026-01-17T18:56:55Z",
      "updated_at": "2026-01-24T18:56:55Z"
    }
  },
  {
    "model": "core.participant",
    "pk": 1093,
    "fields": {
      "cohort": 11,
      "user": 1093,
      "role_in_cohort": "MENTEE",
      "display_name": "Harper Williams",
      "organization": "OrgF",
      "is_submitted": false,
      "submitted_at": null,
      "created_at": "2026-01-17T18:56:55Z",
      "updated_at": "2026-01-24T18:56:55Z"
    }
  },
  {
    "model": "core.participant",
    "pk": 1094,
    "fields": {
      "cohort": 11,
      "user": 1094,
      "role_in_cohort": "MENTEE",
      "display_name": "Kai Rodriguez",
      "organization": "OrgC",
      "is_submitted": false,
      "submitted_at": null,
      "created_at": "2026-01-17T18:56:55Z",
      "updated_at": "2026-01-24T18:56:55Z"
    }
  },
  {
    "model": "core.participant",
    "pk": 1095,
    "fields": {
      "cohort": 11,
      "user": 1095,
      "role_in_cohort": "MENTEE",
      "display_name": "Kai Martinez",
      "organization": "OrgG",
      "is_submitted": true,
      "submitted_at": "2026-01-24T18:56:55Z",
      "created_at": "2026-01-17T18:56:55Z",
      "updated_at": "2026-01-24T18:56:55Z"
    }
  },
  {
    "model": "core.participant",
    "pk": 1096,
    "fields": {
      "cohort": 11,
      "user": 1096,
      "role_in_cohort": "MENTEE",
      "display_name": "Bailey Miller",
      "organization": "OrgA",
      "is_submitted": false,
      "submitted_at": null,
      "created_at": "2026-01-17T18:56:55Z",
      "updated_at": "2026-01-24T18:56:55Z"
    }
  },
  {
    "model": "core.participant",
    "pk": 1097,
    "fields": {
      "cohort": 11,
      "user": 1097,
      "role_in_cohort": "MENTEE",
      "display_name": "Casey Smith",
      "organization": "OrgH",
      "is_submitted": false,
      "submitted_at": null,
      "created_at": "2026-01-17T18:56:55Z",
      "updated_at": "2026-01-24T18:56:55Z"
    }
  },
  {
    "model": "core.participant",
    "pk": 1098,
    "fields": {
      "cohort": 11,
      "user": 1098,
      "role_in_cohort": "MENTEE",
      "display_name": "Finley Brown",
      "organization": "OrgG",
      "is_submitted": false,
      "submitted_at": null,
      "created_at": "2026-01-17T18:56:55Z",
      "updated_at": "2026-01-24T18:56:55Z"
    }
  },
  {
    "model": "core.participant",
    "pk": 1099,
    "fields": {
      "cohort": 11,
      "user": 1099,
      "role_in_cohort": "MENTEE",
      "display_name": "Finley Miller",
      "organization": "OrgF",
      "is_submitted": false,
      "submitted_at": null,
      "created_at": "2026-01-17T18:56:55Z",
      "updated_at": "2026-01-24T18:56:55Z"
    }
  },
  {
    "model": "core.participant",
    "pk": 1100,
    "fields": {
      "cohort": 11,
      "user": 1100,
      "role_in_cohort": "MENTEE",
      "display_name": "Ellis Johnson",
      "organization": "OrgG",
      "is_submitted": false,
      "submitted_at": null,
      "created_at": "2026-01-17T18:56:55Z",
      "updated_at": "2026-01-24T18:56:55Z"
    }
  },
  {
    "model": "core.participant",
    "pk": 1101,
    "fields": {
      "cohort": 11,
      "user": 1101,
      "role_in_cohort": "MENTEE",
      "display_name": "Jordan Smith",
      "organization": "OrgA",
      "is_submitted": false,
      "submitted_at": null,
      "created_at": "2026-01-17T18:56:55Z",
      "updated_at": "2026-01-24T18:56:55Z"
    }
  },
  {
    "model": "core.participant",
    "pk": 1102,
    "fields": {
      "cohort": 11,
      "user": 1102,
      "role_in_cohort": "MENTEE",
      "display_name": "Bailey Smith",
      "organization": "OrgD",
      "is_submitted": false,
      "submitted_at": null,
      "created_at": "2026-01-17T18:56:55Z",
      "updated_at": "2026-01-24T18:56:55Z"
    }
  },
  {
    "model": "core.participant",
    "pk": 1103,
    "fields": {
      "cohort": 11,
      "user": 1103,
      "role_in_cohort": "MENTEE",
      "display_name": "Drew Brown",
      "organization": "OrgA",
      "is_submitted": false,
      "submitted_at": null,
      "created_at": "2026-01-17T18:56:55Z",
      "updated_at": "2026-01-24T18:56:55Z"
    }
  },
  {
    "model": "core.participant",
    "pk": 1104,
    "fields": {
      "cohort": 11,
      "user": 1104,
      "role_in_cohort": "MENTEE",
      "display_name": "Drew Williams",
      "organization": "OrgC",
      "is_submitted": true,
      "submitted_at": "2026-01-24T18:56:55Z",
      "created_at": "2026-01-17T18:56:55Z",
      "updated_at": "2026-01-24T18:56:55Z"
    }
  },
  {
    "model": "core.participant",
    "pk": 1105,
    "fields": {
      "cohort": 11,
      "user": 1105,
      "role_in_cohort": "MENTEE",
      "display_name": "Kai Brown",
      "organization": "OrgB",
      "is_submitted": false,
      "submitted_at": null,
      "created_at": "2026-01-17T18:56:55Z",
      "updated_at": "2026-01-24T18:56:55Z"
    }
  },
  {
    "model": "core.participant",
    "pk": 1106,
    "fields": {
      "cohort": 11,
      "user": 1106,
      "role_in_cohort": "MENTEE",
      "display_name": "Finley Williams",
      "organization": "OrgE",
      "is_submitted": false,
      "submitted_at": null,
      "created_at": "2026-01-17T18:56:55Z",
      "updated_at": "2026-01-24T18:56:55Z"
    }
  },
  {
    "model": "core.participant",
    "pk": 1107,
    "fields": {
      "cohort": 11,
      "user": 1107,
      "role_in_cohort": "MENTEE",
      "display_name": "Casey Jones",
      "organization": "OrgB",
      "is_submitted": false,
      "submitted_at": null,
      "created_at": "2026-01-17T18:56:55Z",
      "updated_at": "2026-01-24T18:56:55Z"
    }
  },
  {
    "model": "core.participant",
    "pk": 1108,
    "fields": {
      "cohort": 11,
      "user": 1108,
      "role_in_cohort": "MENTEE",
      "display_name": "Ellis Martinez",
      "organization": "OrgA",
      "is_submitted": false,
      "submitted_at": null,
      "created_at": "2026-01-17T18:56:55Z",
      "updated_at": "2026-01-24T18:56:55Z"
    }
  },
  {
    "model": "core.participant",
    "pk": 1109,
    "fields": {
      "cohort": 11,
      "user": 1109,
      "role_in_cohort": "MENTEE",
      "display_name": "Harper Brown",
      "organization": "OrgG",
      "is_submitted": false,
      "submitted_at": null,
      "created_at": "2026-01-17T18:56:55Z",
      "updated_at": "2026-01-24T18:56:55Z"
    }
  },
  {
    "model": "core.participant",
    "pk": 1110,
    "fields": {
      "cohort": 11,
      "user": 1110,
      "role_in_cohort": "MENTEE",
      "display_name": "Bailey Jones",
      "organization": "OrgD",
      "is_submitted": true,
      "submitted_at": "2026-01-24T18:56:55Z",
      "created_at": "2026-01-17T18:56:55Z",
      "updated_at": "2026-01-24T18:56:55Z"
    }
  },
  {
    "model": "core.participant",
    "pk": 1111,
    "fields": {
      "cohort": 11,
      "user": 1111,
      "role_in_cohort": "MENTEE",
      "display_name": "Kai Smith",
      "organization": "OrgB",
      "is_submitted": false,
      "submitted_at": null,
      "created_at": "2026-01-17T18:56:55Z",
      "updated_at": "2026-01-24T18:56:55Z"
    }
  },
  {
    "model": "core.participant",
    "pk": 1112,
    "fields": {
      "cohort": 11,
      "user": 1112,
      "role_in_cohort": "MENTEE",
      "display_name": "Finley Johnson",
      "organization": "OrgG",
      "is_submitted": false,
      "submitted_at": null,
      "created_at": "2026-01-17T18:56:55Z",
      "updated_at": "2026-01-24T18:56:55Z"
    }
  },
  {
    "model": "core.participant",
    "pk": 1113,
    "fields": {
      "cohort": 11,
      "user": 1113,
      "role_in_cohort": "MENTEE",
      "display_name": "Alex Miller",
      "organization": "OrgF",
      "is_submitted": false,
      "submitted_at": null,
      "created_at": "2026-01-17T18:56:55Z",
      "updated_at": "2026-01-24T18:56:55Z"
    }
  },
  {
    "model": "core.participant",
    "pk": 1114,
    "fields": {
      "cohort": 11,
      "user": 1114,
      "role_in_cohort": "MENTEE",
      "display_name": "Harper Garcia",
      "organization": "OrgB",
      "is_submitted": false,
      "submitted_at": null,
      "created_at": "2026-01-17T18:56:55Z",
      "updated_at": "2026-01-24T18:56:55Z"
    }
  },
  {
    "model": "core.participant",
    "pk": 1115,
    "fields": {
      "cohort": 11,
      "user": 1115,
      "role_in_cohort": "MENTEE",
      "display_name": "Casey Miller",
      "organization": "OrgH",
      "is_submitted": false,
      "submitted_at": null,
      "created_at": "2026-01-17T18:56:55Z",
      "updated_at": "2026-01-24T18:56:55Z"
    }
  },
  {
    "model": "core.participant",
    "pk": 1116,
    "fields": {
      "cohort": 11,
      "user": 1116,
      "role_in_cohort": "MENTEE",
      "display_name": "Kai Rodriguez",
      "organization": "OrgE",
      "is_submitted": false,
      "submitted_at": null,
      "created_at": "2026-01-17T18:56:55Z",
      "updated_at": "2026-01-24T18:56:55Z"
    }
  },
  {
    "model": "core.participant",
    "pk": 1117,
    "fields": {
      "cohort": 11,
      "user": 1117,
      "role_in_cohort": "MENTEE",
      "display_name": "Indigo Miller",
      "organization": "OrgH",
      "is_submitted": false,
      "submitted_at": null,
      "created_at": "2026-01-17T18:56:55Z",
      "updated_at": "2026-01-24T18:56:55Z"
    }
  },
  {
    "model": "core.participant",
    "pk": 1118,
    "fields": {
      "cohort": 11,
      "user": 1118,
      "role_in_cohort": "MENTEE",
      "display_name": "Finley Brown",
      "organization": "OrgE",
      "is_submitted": false,
      "submitted_at": null,
      "created_at": "2026-01-17T18:56:55Z",
      "updated_at": "2026-01-24T18:56:55Z"
    }
  },
  {
    "model": "matching.preference",
    "pk": 10101,
    "fields": {
      "from_participant": 1064,
      "to_participant": 1104,
      "rank": 1
    }
  },
  {
    "model": "matching.preference",
    "pk": 10102,
    "fields": {
      "from_participant": 1064,
      "to_participant": 1110,
      "rank": 2
    }
  },
  {
    "model": "matching.preference",
    "pk": 10103,
    "fields": {
      "from_participant": 1064,
      "to_participant": 1095,
      "rank": 3
    }
  },
  {
    "model": "matching.preference",
    "pk": 10104,
    "fields": {
      "from_participant": 1082,
      "to_participant": 1110,
      "rank": 1
    }
  },
  {
    "model": "matching.preference",
    "pk": 10105,
    "fields": {
      "from_participant": 1082,
      "to_participant": 1104,
      "rank": 2
    }
  },
  {
    "model": "matching.preference",
    "pk": 10106,
    "fields": {
      "from_participant": 1082,
      "to_participant": 1095,
      "rank": 3
    }
  },
  {
    "model": "matching.preference",
    "pk": 10107,
    "fields": {
      "from_participant": 1095,
      "to_participant": 1082,
      "rank": 1
    }
  },
  {
    "model": "matching.preference",
    "pk": 10108,
    "fields": {
      "from_participant": 1095,
      "to_participant": 1064,
      "rank": 2
    }
  },
  {
    "model": "matching.preference",
    "pk": 10109,
    "fields": {
      "from_participant": 1104,
      "to_participant": 1082,
      "rank": 1
    }
  },
  {
    "model": "matching.preference",
    "pk": 10110,
    "fields": {
      "from_participant": 1104,
      "to_participant": 1064,
      "rank": 2
    }
  },
  {
    "model": "matching.preference",
    "pk": 10111,
    "fields": {
      "from_participant": 1110,
      "to_participant": 1082,
      "rank": 1
    }
  },
  {
    "model": "matching.preference",
    "pk": 10112,
    "fields": {
      "from_participant": 1110,
      "to_participant": 1064,
      "rank": 2
    }
  }
]