[
  {
    "model": "core.cohort",
    "pk": 16,
    "fields": {
      "name": "E5 Multi Cohort #7 (10% submitted)",
      "status": "OPEN",
      "created_at": "2026-01-01T18:56:55Z"
    }
  },
  {
    "model": "auth.user",
    "pk": 1341,
    "fields": {
      "username": "mentor1341",
      "first_name": "Indigo",
      "last_name": "Garcia",
      "email": "mentor1341@example.com",
      "password": "pbkdf2_sha256$600000$test$test==",
      "is_staff": false,
      "is_active": true,
      "is_superuser": false,
      "date_joined": "2026-01-01T18:56:55Z"
    }
  },
  {
    "model": "auth.user",
    "pk": 1342,
    "fields": {
      "username": "mentor1342",
      "first_name": "Indigo",
      "last_name": "Johnson",
      "email": "mentor1342@example.com",
      "password": "pbkdf2_sha256$600000$test$test==",
      "is_staff": false,
      "is_active": true,
      "is_superuser": false,
      "date_joined": "2026-01-01T18:56:55Z"
    }
  },
  {
    "model": "auth.user",
    "pk": 1343,
    "fields": {
      "username": "mentor1343",
      "first_name": "Indigo",
      "last_name": "Davis",
      "email": "mentor1343@example.com",
      "password": "pbkdf2_sha256$600000$test$test==",
      "is_staff": false,
      "is_active": true,
      "is_superuser": false,
      "date_joined": "2026-01-01T18:56:55Z"
    }
  },
  {
    "model": "auth.user",
    "pk": 1344,
    "fields": {
      "username": "mentor1344",
      "first_name": "Finley",
      "last_name": "Johnson",
      "email": "mentor1344@example.com",
      "password": "pbkdf2_sha256$600000$test$test==",
      "is_staff": false,
      "is_active": true,
      "is_superuser": false,
      "date_joined": "2026-01-01T18:56:55Z"
    }
  },
  {
    "model": "auth.user",
    "pk": 1345,
    "fields": {
      "username": "mentor1345",
      "first_name": "Ellis",
      "last_name": "Smith",
      "email": "mentor1345@example.com",
      "password": "pbkdf2_sha256$600000$test$test==",
      "is_staff": false,
      "is_active": true,
      "is_superuser": false,
      "date_joined": "2026-01-01T18:56:55Z"
    }
  },
  {
    "model": "auth.user",
    "pk": 1346,
    "fields": {
      "username": "mentor1346",
      "first_name": "Bailey",
      "last_name": "Smith",
      "email": "mentor1346@example.com",
      "password": "pbkdf2_sha256$600000$test$test==",
      "is_staff": false,
      "is_active": true,
      "is_superuser": false,
      "date_joined": "2026-01-01T18:56:55Z"
    }
  },
  {
    "model": "auth.user",
    "pk": 1347,
    "fields": {
      "username": "mentor1347",
      "first_name": "Finley",
      "last_name": "Johnson",
      "email": "mentor1347@example.com",
      "password": "pbkdf2_sha256$600000$test$test==",
      "is_staff": false,
      "is_active": true,
      "is_superuser": false,
      "date_joined": "2026-01-01T18:56:55Z"
    }
  },
  {
    "model": "auth.user",
    "pk": 1348,
    "fields": {
      "username": "mentor1348",
      "first_name": "Casey",
      "last_name": "Brown",
      "email": "mentor1348@example.com",
      "password": "pbkdf2_sha256$600000$test$test==",
      "is_staff": false,
      "is_active": true,
      "is_superuser": false,
      "date_joined": "2026-01-01T18:56:55Z"
    }
  },
  {
    "model": "auth.user",
    "pk": 1349,
    "fields": {
      "username": "mentor1349",
      "first_name": "Jordan",
      "last_name": "Williams",
      "email": "mentor1349@example.com",
      "password": "pbkdf2_sha256$600000$test$test==",
      "is_staff": false,
      "is_active": true,
      "is_superuser": false,
      "date_joined": "2026-01-01T18:56:55Z"
    }
  },
  {
    "model": "auth.user",
    "pk": 1350,
    "fields": {
      "username": "mentor1350",
      "first_name": "Jordan",
      "last_name": "Williams",
      "email": "mentor1350@example.com",
      "password": "pbkdf2_sha256$600000$test$test==",
      "is_staff": false,
      "is_active": true,
      "is_superuser": false,
      "date_joined": "2026-01-01T18:56:55Z"
    }
  },
  {
    "model": "auth.user",
    "pk": 1351,
    "fields": {
      "username": "mentor1351",
      "first_name": "Finley",
      "last_name": "Rodriguez",
      "email": "mentor1351@example.com",
      "password": "pbkdf2_sha256$600000$test$test==",
      "is_staff": false,
      "is_active": true,
      "is_superuser": false,
      "date_joined": "2026-01-01T18:56:55Z"
    }
  },
  {
    "model": "auth.user",
    "pk": 1352,
    "fields": {
      "username": "mentor1352",
      "first_name": "Harper",
      "last_name": "Davis",
      "email": "mentor1352@example.com",
      "password": "pbkdf2_sha256$600000$test$test==",
      "is_staff": false,
      "is_active": true,
      "is_superuser": false,
      "date_joined": "2026-01-01T18:56:55Z"
    }
  },
  {
    "model": "auth.user",
    "pk": 1353,
    "fields": {
      "username": "mentor1353",
      "first_name": "Drew",
      "last_name": "Miller",
      "email": "mentor1353@example.com",
      "password": "pbkdf2_sha256$600000$test$test==",
      "is_staff": false,
      "is_active": true,
      "is_superuser": false,
      "date_joined": "2026-01-01T18:56:55Z"
    }
  },
  {
    "model": "auth.user",
    "pk": 1354,
    "fields": {
      "username": "mentor1354",
      "first_name": "Casey",
      "last_name": "Williams",
      "email": "mentor1354@example.com",
      "password": "pbkdf2_sha256$600000$test$test==",
      "is_staff": false,
      "is_active": true,
      "is_superuser": false,
      "date_joined": "2026-01-01T18:56:55Z"
    }
  },
  {
    "model": "auth.user",
    "pk": 1355,
    "fields": {
      "username": "mentor1355",
      "first_name": "Harper",
      "last_name": "Miller",
      "email": "mentor1355@example.com",
      "password": "pbkdf2_sha256$600000$test$test==",
      "is_staff": false,
      "is_active": true,
      "is_superuser": false,
      "date_joined": "2026-01-01T18:56:55Z"
    }
  },
  {
    "model": "auth.user",
    "pk": 1356,
    "fields": {
      "username": "mentor1356",
      "first_name": "Alex",
      "last_name": "Martinez",
      "email": "mentor1356@example.com",
      "password": "pbkdf2_sha256$600000$test$test==",
      "is_staff": false,
      "is_active": true,
      "is_superuser": false,
      "date_joined": "2026-01-01T18:56:55Z"
    }
  },
  {
    "model": "auth.user",
    "pk": 1357,
    "fields": {
      "username": "mentor1357",
      "first_name": "Drew",
      "last_name": "Davis",
      "email": "mentor1357@example.com",
      "password": "pbkdf2_sha256$600000$test$test==",
      "is_staff": false,
      "is_active": true,
      "is_superuser": false,
      "date_joined": "2026-01-01T18:56:55Z"
    }
  },
  {
    "model": "auth.user",
    "pk": 1358,
    "fields": {
      "username": "mentor1358",
      "first_name": "Kai",
      "last_name": "Miller",
      "email": "mentor1358@example.com",
      "password": "pbkdf2_sha256$600000$test$test==",
      "is_staff": false,
      "is_active": true,
      "is_superuser": false,
      "date_joined": "2026-01-01T18:56:55Z"
    }
  },
  {
    "model": "auth.user",
    "pk": 1359,
    "fields": {
      "username": "mentor1359",
      "first_name": "Harper",
      "last_name": "Smith",
      "email": "mentor1359@example.com",
      "password": "pbkdf2_sha256$600000$test$test==",
      "is_staff": false,
      "is_active": true,
      "is_superuser": false,
      "date_joined": "2026-01-01T18:56:55Z"
    }
  },
  {
    "model": "auth.user",
    "pk": 1360,
    "fields": {
      "username": "mentor1360",
      "first_name": "Drew",
      "last_name": "Brown",
      "email": "mentor1360@example.com",
      "password": "pbkdf2_sha256$600000$test$test==",
      "is_staff": false,
      "is_active": true,
      "is_superuser": false,
      "date_joined": "2026-01-01T18:56:55Z"
    }
  },
  {
    "model": "auth.user",
    "pk": 1361,
    "fields": {
      "username": "mentor1361",
      "first_name": "Ellis",
      "last_name": "Johnson",
      "email": "mentor1361@example.com",
      "password": "pbkdf2_sha256$600000$test$test==",
      "is_staff": false,
      "is_active": true,
      "is_superuser": false,
      "date_joined": "2026-01-01T18:56:55Z"
    }
  },
  {
    "model": "auth.user",
    "pk": 1362,
    "fields": {
      "username": "mentor1362",
      "first_name": "Kai",
      "last_name": "Johnson",
      "email": "mentor1362@example.com",
      "password": "pbkdf2_sha256$600000$test$test==",
      "is_staff": false,
      "is_active": true,
      "is_superuser": false,
      "date_joined": "2026-01-01T18:56:55Z"
    }
  },
  {
    "model": "auth.user",
    "pk": 1363,
    "fields": {
      "username": "mentor1363",
      "first_name": "Jordan",
      "last_name": "Williams",
      "email": "mentor1363@example.com",
      "password": "pbkdf2_sha256$600000$test$test==",
      "is_staff": false,
      "is_active": true,
      "is_superuser": false,
      "date_joined": "2026-01-01T18:56:55Z"
    }
  },
  {
    "model": "auth.user",
    "pk": 1364,
    "fields": {
      "username": "mentor1364",
      "first_name": "Finley",
      "last_name": "Garcia",
      "email": "mentor1364@example.com",
      "password": "pbkdf2_sha256$600000$test$test==",
      "is_staff": false,
      "is_active": true,
      "is_superuser": false,
      "date_joined": "2026-01-01T18:56:55Z"
    }
  },
  {
    "model": "auth.user",
    "pk": 1365,
    "fields": {
      "username": "mentor1365",
      "first_name": "Drew",
      "last_name": "Davis",
      "email": "mentor1365@example.com",
      "password": "pbkdf2_sha256$600000$test$test==",
      "is_staff": false,
      "is_active": true,
      "is_superuser": false,
      "date_joined": "2026-01-01T18:56:55Z"
    }
  },
  {
    "model": "auth.user",
    "pk": 1366,
    "fields": {
      "username": "mentor1366",
      "first_name": "Bailey",
      "last_name": "Jones",
      "email": "mentor1366@example.com",
      "password": "pbkdf2_sha256$600000$test$test==",
      "is_staff": false,
      "is_active": true,
      "is_superuser": false,
      "date_joined": "2026-01-01T18:56:55Z"
    }
  },
  {
    "model": "auth.user",
    "pk": 1367,
    "fields": {
      "username": "mentor1367",
      "first_name": "Indigo",
      "last_name": "Rodriguez",
      "email": "mentor1367@example.com",
      "password": "pbkdf2_sha256$600000$test$test==",
      "is_staff": false,
      "is_active": true,
      "is_superuser": false,
      "date_joined": "2026-01-01T18:56:55Z"
    }
  },
  {
    "model": "auth.user",
    "pk": 1368,
    "fields": {
      "username": "mentor1368",
      "first_name": "Finley",
      "last_name": "Martinez",
      "email": "mentor1368@example.com",
      "password": "pbkdf2_sha256$600000$test$test==",
      "is_staff": false,
      "is_active": true,
      "is_superuser": false,
      "date_joined": "2026-01-01T18:56:55Z"
    }
  },
  {
    "model": "auth.user",
    "pk": 1369,
    "fields": {
      "username": "mentor1369",
      "first_name": "Harper",
      "last_name": "Martinez",
      "email": "mentor1369@example.com",
      "password": "pbkdf2_sha256$600000$test$test==",
      "is_staff": false,
      "is_active": true,
      "is_superuser": false,
      "date_joined": "2026-01-01T18:56:55Z"
    }
  },
  {
    "model": "auth.user",
    "pk": 1370,
    "fields": {
      "username": "mentee1370",
      "first_name": "Harper",
      "last_name": "Martinez",
      "email": "mentee1370@example.com",
      "password": "pbkdf2_sha256$600000$test$test==",
      "is_staff": false,
      "is_active": true,
      "is_superuser": false,
      "date_joined": "2026-01-01T18:56:55Z"
    }
  },
  {
    "model": "auth.user",
    "pk": 1371,
    "fields": {
      "username": "mentee1371",
      "first_name": "Bailey",
      "last_name": "Garcia",
      "email": "mentee1371@example.com",
      "password": "pbkdf2_sha256$600000$test$test==",
      "is_staff": false,
      "is_active": true,
      "is_superuser": false,
      "date_joined": "2026-01-01T18:56:55Z"
    }
  },
  {
    "model": "auth.user",
    "pk": 1372,
    "fields": {
      "username": "mentee1372",
      "first_name": "Finley",
      "last_name": "Davis",
      "email": "mentee1372@example.com",
      "password": "pbkdf2_sha256$600000$test$test==",
      "is_staff": false,
      "is_active": true,
      "is_superuser": false,
      "date_joined": "2026-01-01T18:56:55Z"
    }
  },
  {
    "model": "auth.user",
    "pk": 1373,
    "fields": {
      "username": "mentee1373",
      "first_name": "Kai",
      "last_name": "Williams",
      "email": "mentee1373@example.com",
      "password": "pbkdf2_sha256$600000$test$test==",
      "is_staff": false,
      "is_active": true,
      "is_superuser": false,
      "date_joined": "2026-01-01T18:56:55Z"
    }
  },
  {
    "model": "auth.user",
    "pk": 1374,
    "fields": {
      "username": "mentee1374",
      "first_name": "Ellis",
      "last_name": "Martinez",
      "email": "mentee1374@example.com",
      "password": "pbkdf2_sha256$600000$test$test==",
      "is_staff": false,
      "is_active": true,
      "is_superuser": false,
      "date_joined": "2026-01-01T18:56:55Z"
    }
  },
  {
    "model": "auth.user",
    "pk": 1375,
    "fields": {
      "username": "mentee1375",
      "first_name": "Kai",
      "last_name": "Johnson",
      "email": "mentee1375@example.com",
      "password": "pbkdf2_sha256$600000$test$test==",
      "is_staff": false,
      "is_active": true,
      "is_superuser": false,
      "date_joined": "2026-01-01T18:56:55Z"
    }
  },
  {
    "model": "auth.user",
    "pk": 1376,
    "fields": {
      "username": "mentee1376",
      "first_name": "Casey",
      "last_name": "Garcia",
      "email": "mentee1376@example.com",
      "password": "pbkdf2_sha256$600000$test$test==",
      "is_staff": false,
      "is_active": true,
      "is_superuser": false,
      "date_joined": "2026-01-01T18:56:55Z"
    }
  },
  {
    "model": "auth.user",
    "pk": 1377,
    "fields": {
      "username": "mentee1377",
      "first_name": "Bailey",
      "last_name": "Brown",
      "email": "mentee1377@example.com",
      "password": "pbkdf2_sha256$600000$test$test==",
      "is_staff": false,
      "is_active": true,
      "is_superuser": false,
      "date_joined": "2026-01-01T18:56:55Z"
    }
  },
  {
    "model": "auth.user",
    "pk": 1378,
    "fields": {
      "username": "mentee1378",
      "first_name": "Ellis",
      "last_name": "Johnson",
      "email": "mentee1378@example.com",
      "password": "pbkdf2_sha256$600000$test$test==",
      "is_staff": false,
      "is_active": true,
      "is_superuser": false,
      "date_joined": "2026-01-01T18:56:55Z"
    }
  },
  {
    "model": "auth.user",
    "pk": 1379,
    "fields": {
      "username": "mentee1379",
      "first_name": "Casey",
      "last_name": "Garcia",
      "email": "mentee1379@example.com",
      "password": "pbkdf2_sha256$600000$test$test==",
      "is_staff": false,
      "is_active": true,
      "is_superuser": false,
      "date_joined": "2026-01-01T18:56:55Z"
    }
  },
  {
    "model": "auth.user",
    "pk": 1380,
    "fields": {
      "username": "mentee1380",
      "first_name": "Casey",
      "last_name": "Rodriguez",
      "email": "mentee1380@example.com",
      "password": "pbkdf2_sha256$600000$test$test==",
      "is_staff": false,
      "is_active": true,
      "is_superuser": false,
      "date_joined": "2026-01-01T18:56:55Z"
    }
  },
  {
    "model": "auth.user",
    "pk": 1381,
    "fields": {
      "username": "mentee1381",
      "first_name": "Harper",
      "last_name": "Miller",
      "email": "mentee1381@example.com",
      "password": "pbkdf2_sha256$600000$test$test==",
      "is_staff": false,
      "is_active": true,
      "is_superuser": false,
      "date_joined": "2026-01-01T18:56:55Z"
    }
  },
  {
    "model": "auth.user",
    "pk": 1382,
    "fields": {
      "username": "mentee1382",
      "first_name": "Kai",
      "last_name": "Williams",
      "email": "mentee1382@example.com",
      "password": "pbkdf2_sha256$600000$test$test==",
      "is_staff": false,
      "is_active": true,
      "is_superuser": false,
      "date_joined": "2026-01-01T18:56:55Z"
    }
  },
  {
    "model": "auth.user",
    "pk": 1383,
    "fields": {
      "username": "mentee1383",
      "first_name": "Kai",
      "last_name": "Miller",
      "email": "mentee1383@example.com",
      "password": "pbkdf2_sha256$600000$test$test==",
      "is_staff": false,
      "is_active": true,
      "is_superuser": false,
      "date_joined": "2026-01-01T18:56:55Z"
    }
  },
  {
    "model": "auth.user",
    "pk": 1384,
    "fields": {
      "username": "mentee1384",
      "first_name": "Harper",
      "last_name": "Williams",
      "email": "mentee1384@example.com",
      "password": "pbkdf2_sha256$600000$test$test==",
      "is_staff": false,
      "is_active": true,
      "is_superuser": false,
      "date_joined": "2026-01-01T18:56:55Z"
    }
  },
  {
    "model": "auth.user",
    "pk": 1385,
    "fields": {
      "username": "mentee1385",
      "first_name": "Indigo",
      "last_name": "Rodriguez",
      "email": "mentee1385@example.com",
      "password": "pbkdf2_sha256$600000$test$test==",
      "is_staff": false,
      "is_active": true,
      "is_superuser": false,
      "date_joined": "2026-01-01T18:56:55Z"
    }
  },
  {
    "model": "auth.user",
    "pk": 1386,
    "fields": {
      "username": "mentee1386",
      "first_name": "Casey",
      "last_name": "Rodriguez",
      "email": "mentee1386@example.com",
      "password": "pbkdf2_sha256$600000$test$test==",
      "is_staff": false,
      "is_active": true,
      "is_superuser": false,
      "date_joined": "2026-01-01T18:56:55Z"
    }
  },
  {
    "model": "auth.user",
    "pk": 1387,
    "fields": {
      "username": "mentee1387",
      "first_name": "Casey",
      "last_name": "Davis",
      "email": "mentee1387@example.com",
      "password": "pbkdf2_sha256$600000$test$test==",
      "is_staff": false,
      "is_active": true,
      "is_superuser": false,
      "date_joined": "2026-01-01T18:56:55Z"
    }
  },
  {
    "model": "auth.user",
    "pk": 1388,
    "fields": {
      "username": "mentee1388",
      "first_name": "Ellis",
      "last_name": "Williams",
      "email": "mentee1388@example.com",
      "password": "pbkdf2_sha256$600000$test$test==",
      "is_staff": false,
      "is_active": true,
      "is_superuser": false,
      "date_joined": "2026-01-01T18:56:55Z"
    }
  },
  {
    "model": "auth.user",
    "pk": 1389,
    "fields": {
      "username": "mentee1389",
      "first_name": "Casey",
      "last_name": "Garcia",
      "email": "mentee1389@example.com",
      "password": "pbkdf2_sha256$600000$test$test==",
      "is_staff": false,
      "is_active": true,
      "is_superuser": false,
      "date_joined": "2026-01-01T18:56:55Z"
    }
  },
  {
    "model": "auth.user",
    "pk": 1390,
    "fields": {
      "username": "mentee1390",
      "first_name": "Indigo",
      "last_name": "Martinez",
      "email": "mentee1390@example.com",
      "password": "pbkdf2_sha256$600000$test$test==",
      "is_staff": false,
      "is_active": true,
      "is_superuser": false,
      "date_joined": "2026-01-01T18:56:55Z"
    }
  },
  {
    "model": "auth.user",
    "pk": 1391,
    "fields": {
      "username": "mentee1391",
      "first_name": "Alex",
      "last_name": "Garcia",
      "email": "mentee1391@example.com",
      "password": "pbkdf2_sha256$600000$test$test==",
      "is_staff": false,
      "is_active": true,
      "is_superuser": false,
      "date_joined": "2026-01-01T18:56:55Z"
    }
  },
  {
    "model": "auth.user",
    "pk": 1392,
    "fields": {
      "username": "mentee1392",
      "first_name": "Alex",
      "last_name": "Davis",
      "email": "mentee1392@example.com",
      "password": "pbkdf2_sha256$600000$test$test==",
      "is_staff": false,
      "is_active": true,
      "is_superuser": false,
      "date_joined": "2026-01-01T18:56:55Z"
    }
  },
  {
    "model": "auth.user",
    "pk": 1393,
    "fields": {
      "username": "mentee1393",
      "first_name": "Casey",
      "last_name": "Brown",
      "email": "mentee1393@example.com",
      "password": "pbkdf2_sha256$600000$test$test==",
      "is_staff": false,
      "is_active": true,
      "is_superuser": false,
      "date_joined": "2026-01-01T18:56:55Z"
    }
  },
  {
    "model": "auth.user",
    "pk": 1394,
    "fields": {
      "username": "mentee1394",
      "first_name": "Harper",
      "last_name": "Rodriguez",
      "email": "mentee1394@example.com",
      "password": "pbkdf2_sha256$600000$test$test==",
      "is_staff": false,
      "is_active": true,
      "is_superuser": false,
      "date_joined": "2026-01-01T18:56:55Z"
    }
  },
  {
    "model": "auth.user",
    "pk": 1395,
    "fields": {
      "username": "mentee1395",
      "first_name": "Jordan",
      "last_name": "Davis",
      "email": "mentee1395@example.com",
      "password": "pbkdf2_sha256$600000$test$test==",
      "is_staff": false,
      "is_active": true,
      "is_superuser": false,
      "date_joined": "2026-01-01T18:56:55Z"
    }
  },
  {
    "model": "auth.user",
    "pk": 1396,
    "fields": {
      "username": "mentee1396",
      "first_name": "Harper",
      "last_name": "Davis",
      "email": "mentee1396@example.com",
      "password": "pbkdf2_sha256$600000$test$test==",
      "is_staff": false,
      "is_active": true,
      "is_superuser": false,
      "date_joined": "2026-01-01T18:56:55Z"
    }
  },
  {
    "model": "auth.user",
    "pk": 1397,
    "fields": {
      "username": "mentee1397",
      "first_name": "Harper",
      "last_name": "Davis",
      "email": "mentee1397@example.com",
      "password": "pbkdf2_sha256$600000$test$test==",
      "is_staff": false,
      "is_active": true,
      "is_superuser": false,
      "date_joined": "2026-01-01T18:56:55Z"
    }
  },
  {
    "model": "auth.user",
    "pk": 1398,
    "fields": {
      "username": "mentee1398",
      "first_name": "Indigo",
      "last_name": "Williams",
      "email": "mentee1398@example.com",
      "password": "pbkdf2_sha256$600000$test$test==",
      "is_staff": false,
      "is_active": true,
      "is_superuser": false,
      "date_joined": "2026-01-01T18:56:55Z"
    }
  },
  {
    "model": "core.participant",
    "pk": 1341,
    "fields": {
      "cohort": 16,
      "user": 1341,
      "role_in_cohort": "MENTOR",
      "display_name": "Drew Jones",
      "organization": "OrgA",
      "is_submitted": false,
      "submitted_at": null,
      "created_at": "2026-01-17T18:56:55Z",
      "updated_at": "2026-01-24T18:56:55Z"
    }
  },
  {
    "model": "core.participant",
    "pk": 1342,
    "fields": {
      "cohort": 16,
      "user": 1342,
      "role_in_cohort": "MENTOR",
      "display_name": "Drew Rodriguez",
      "organization": "OrgE",
      "is_submitted": true,
      "submitted_at": "2026-01-24T18:56:55Z",
      "created_at": "2026-01-17T18:56:55Z",
      "updated_at": "2026-01-24T18:56:55Z"
    }
  },
  {
    "model": "core.participant",
    "pk": 1343,
    "fields": {
      "cohort": 16,
      "user": 1343,
      "role_in_cohort": "MENTOR",
      "display_name": "Indigo Martinez",
      "organization": "OrgC",
      "is_submitted": false,
      "submitted_at": null,
      "created_at": "2026-01-17T18:56:55Z",
      "updated_at": "2026-01-24T18:56:55Z"
    }
  },
  {
    "model": "core.participant",
    "pk": 1344,
    "fields": {
      "cohort": 16,
      "user": 1344,
      "role_in_cohort": "MENTOR",
      "display_name": "Jordan Rodriguez",
      "organization": "OrgH",
      "is_submitted": false,
      "submitted_at": null,
      "created_at": "2026-01-17T18:56:55Z",
      "updated_at": "2026-01-24T18:56:55Z"
    }
  },
  {
    "model": "core.participant",
    "pk": 1345,
    "fields": {
      "cohort": 16,
      "user": 1345,
      "role_in_cohort": "MENTOR",
      "display_name": "Ellis Rodriguez",
      "organization": "OrgB",
      "is_submitted": false,
      "submitted_at": null,
      "created_at": "2026-01-17T18:56:55Z",
      "updated_at": "2026-01-24T18:56:55Z"
    }
  },
  {
    "model": "core.participant",
    "pk": 1346,
    "fields": {
      "cohort": 16,
      "user": 1346,
      "role_in_cohort": "MENTOR",
      "display_name": "Indigo Rodriguez",
      "organization": "OrgA",
      "is_submitted": false,
      "submitted_at": null,
      "created_at": "2026-01-17T18:56:55Z",
      "updated_at": "2026-01-24T18:56:55Z"
    }
  },
  {
    "model": "core.participant",
    "pk": 1347,
    "fields": {
      "cohort": 16,
      "user": 1347,
      "role_in_cohort": "MENTOR",
      "display_name": "Bailey Brown",
      "organization": "OrgG",
      "is_submitted": false,
      "submitted_at": null,
      "created_at": "2026-01-17T18:56:55Z",
      "updated_at": "2026-01-24T18:56:55Z"
    }
  },
  {
    "model": "core.participant",
    "pk": 1348,
    "fields": {
      "cohort": 16,
      "user": 1348,
      "role_in_cohort": "MENTOR",
      "display_name": "Indigo Jones",
      "organization": "OrgA",
      "is_submitted": false,
      "submitted_at": null,
      "created_at": "2026-01-17T18:56:55Z",
      "updated_at": "2026-01-24T18:56:55Z"
    }
  },
  {
    "model": "core.participant",
    "pk": 1349,
    "fields": {
      "cohort": 16,
      "user": 1349,
      "role_in_cohort": "MENTOR",
      "display_name": "Indigo Johnson",
      "organization": "OrgB",
      "is_submitted": false,
      "submitted_at": null,
      "created_at": "2026-01-17T18:56:55Z",
      "updated_at": "2026-01-24T18:56:55Z"
    }
  },
  {
    "model": "core.participant",
    "pk": 1350,
    "fields": {
      "cohort": 16,
      "user": 1350,
      "role_in_cohort": "MENTOR",
      "display_name": "Drew Martinez",
      "organization": "OrgD",
      "is_submitted": false,
      "submitted_at": null,
      "created_at": "2026-01-17T18:56:55Z",
      "updated_at": "2026-01-24T18:56:55Z"
    }
  },
  {
    "model": "core.participant",
    "pk": 1351,
    "fields": {
      "cohort": 16,
      "user": 1351,
      "role_in_cohort": "MENTOR",
      "display_name": "Kai Miller",
      "organization": "OrgF",
      "is_submitted": false,
      "submitted_at": null,
      "created_at": "2026-01-17T18:56:55Z",
      "updated_at": "2026-01-24T18:56:55Z"
    }
  },
  {
    "model": "core.participant",
    "pk": 1352,
    "fields": {
      "cohort": 16,
      "user": 1352,
      "role_in_cohort": "MENTOR",
      "display_name": "Drew Brown",
      "organization": "OrgC",
      "is_submitted": false,
      "submitted_at": null,
      "created_at": "2026-01-17T18:56:55Z",
      "updated_at": "2026-01-24T18:56:55Z"
    }
  },
  {
    "model": "core.participant",
    "pk": 1353,
    "fields": {
      "cohort": 16,
      "user": 1353,
      "role_in_cohort": "MENTOR",
      "display_name": "Jordan Jones",
      "organization": "OrgF",
      "is_submitted": true,
      "submitted_at": "2026-01-24T18:56:55Z",
      "created_at": "2026-01-17T18:56:55Z",
      "updated_at": "2026-01-24T18:56:55Z"
    }
  },
  {
    "model": "core.participant",
    "pk": 1354,
    "fields": {
      "cohort": 16,
      "user": 1354,
      "role_in_cohort": "MENTOR",
      "display_name": "Finley Jones",
      "organization": "OrgC",
      "is_submitted": false,
      "submitted_at": null,
      "created_at": "2026-01-17T18:56:55Z",
      "updated_at": "2026-01-24T18:56:55Z"
    }
  },
  {
    "model": "core.participant",
    "pk": 1355,
    "fields": {
      "cohort": 16,
      "user": 1355,
      "role_in_cohort": "MENTOR",
      "display_name": "Jordan Johnson",
      "organization": "OrgE",
      "is_submitted": false,
      "submitted_at": null,
      "created_at": "2026-01-17T18:56:55Z",
      "updated_at": "2026-01-24T18:56:55Z"
    }
  },
  {
    "model": "core.participant",
    "pk": 1356,
    "fields": {
      "cohort": 16,
      "user": 1356,
      "role_in_cohort": "MENTOR",
      "display_name": "Alex Jones",
      "organization": "OrgG",
      "is_submitted": false,
      "submitted_at": null,
      "created_at": "2026-01-17T18:56:55Z",
      "updated_at": "2026-01-24T18:56:55Z"
    }
  },
  {
    "model": "core.participant",
    "pk": 1357,
    "fields": {
      "cohort": 16,
      "user": 1357,
      "role_in_cohort": "MENTOR",
      "display_name": "Casey Brown",
      "organization": "OrgC",
      "is_submitted": false,
      "submitted_at": null,
      "created_at": "2026-01-17T18:56:55Z",
      "updated_at": "2026-01-24T18:56:55Z"
    }
  },
  {
    "model": "core.participant",
    "pk": 1358,
    "fields": {
      "cohort": 16,
      "user": 1358,
      "role_in_cohort": "MENTOR",
      "display_name": "Drew Miller",
      "organization": "OrgF",
      "is_submitted": false,
      "submitted_at": null,
      "created_at": "2026-01-17T18:56:55Z",
      "updated_at": "2026-01-24T18:56:55Z"
    }
  },
  {
    "model": "core.participant",
    "pk": 1359,
    "fields": {
      "cohort": 16,
      "user": 1359,
      "role_in_cohort": "MENTOR",
      "display_name": "Kai Jones",
      "organization": "OrgC",
      "is_submitted": false,
      "submitted_at": null,
      "created_at": "2026-01-17T18:56:55Z",
      "updated_at": "2026-01-24T18:56:55Z"
    }
  },
  {
    "model": "core.participant",
    "pk": 1360,
    "fields": {
      "cohort": 16,
      "user": 1360,
      "role_in_cohort": "MENTOR",
      "display_name": "Harper Davis",
      "organization": "OrgG",
      "is_submitted": false,
      "submitted_at": null,
      "created_at": "2026-01-17T18:56:55Z",
      "updated_at": "2026-01-24T18:56:55Z"
    }
  },
  {
    "model": "core.participant",
    "pk": 1361,
    "fields": {
      "cohort": 16,
      "user": 1361,
      "role_in_cohort": "MENTOR",
      "display_name": "Harper Rodriguez",
      "organization": "OrgB",
      "is_submitted": true,
      "submitted_at": "2026-01-24T18:56:55Z",
      "created_at": "2026-01-17T18:56:55Z",
      "updated_at": "2026-01-24T18:56:55Z"
    }
  },
  {
    "model": "core.participant",
    "pk": 1362,
    "fields": {
      "cohort": 16,
      "user": 1362,
      "role_in_cohort": "MENTOR",
      "display_name": "Finley Davis",
      "organization": "OrgE",
      "is_submitted": false,
      "submitted_at": null,
      "created_at": "2026-01-17T18:56:55Z",
      "updated_at": "2026-01-24T18:56:55Z"
    }
  },
  {
    "model": "core.participant",
    "pk": 1363,
    "fields": {
      "cohort": 16,
      "user": 1363,
      "role_in_cohort": "MENTOR",
      "display_name": "Kai Smith",
      "organization": "OrgF",
      "is_submitted": false,
      "submitted_at": null,
      "created_at": "2026-01-17T18:56:55Z",
      "updated_at": "2026-01-24T18:56:55Z"
    }
  },
  {
    "model": "core.participant",
    "pk": 1364,
    "fields": {
      "cohort": 16,
      "user": 1364,
      "role_in_cohort": "MENTOR",
      "display_name": "Indigo Garcia",
      "organization": "OrgB",
      "is_submitted": false,
      "submitted_at": null,
      "created_at": "2026-01-17T18:56:55Z",
      "updated_at": "2026-01-24T18:56:55Z"
    }
  },
  {
    "model": "core.participant",
    "pk": 1365,
    "fields": {
      "cohort": 16,
      "user": 1365,
      "role_in_cohort": "MENTOR",
      "display_name": "Drew Miller",
      "organization": "OrgG",
      "is_submitted": true,
      "submitted_at": "2026-01-24T18:56:55Z",
      "created_at": "2026-01-17T18:56:55Z",
      "updated_at": "2026-01-24T18:56:55Z"
    }
  },
  {
    "model": "core.participant",
    "pk": 1366,
    "fields": {
      "cohort": 16,
      "user": 1366,
      "role_in_cohort": "MENTOR",
      "display_name": "Ellis Garcia",
      "organization": "OrgH",
      "is_submitted": false,
      "submitted_at": null,
      "created_at": "2026-01-17T18:56:55Z",
      "updated_at": "2026-01-24T18:56:55Z"
    }
  },
  {
    "model": "core.participant",
    "pk": 1367,
    "fields": {
      "cohort": 16,
      "user": 1367,
      "role_in_cohort": "MENTOR",
      "display_name": "Jordan Martinez",
      "organization": "OrgF",
      "is_submitted": false,
      "submitted_at": null,
      "created_at": "2026-01-17T18:56:55Z",
      "updated_at": "2026-01-24T18:56:55Z"
    }
  },
  {
    "model": "core.participant",
    "pk": 1368,
    "fields": {
      "cohort": 16,
      "user": 1368,
      "role_in_cohort": "MENTOR",
      "display_name": "Finley Smith",
      "organization": "OrgH",
      "is_submitted": false,
      "submitted_at": null,
      "created_at": "2026-01-17T18:56:55Z",
      "updated_at": "2026-01-24T18:56:55Z"
    }
  },
  {
    "model": "core.participant",
    "pk": 1369,
    "fields": {
      "cohort": 16,
      "user": 1369,
      "role_in_cohort": "MENTOR",
      "display_name": "Indigo Smith",
      "organization": "OrgB",
      "is_submitted": true,
      "submitted_at": "2026-01-24T18:56:55Z",
      "created_at": "2026-01-17T18:56:55Z",
      "updated_at": "2026-01-24T18:56:55Z"
    }
  },
  {
    "model": "core.participant",
    "pk": 1370,
    "fields": {
      "cohort": 16,
      "user": 1370,
      "role_in_cohort": "MENTEE",
      "display_name": "Indigo Davis",
      "organization": "OrgC",
      "is_submitted": false,
      "submitted_at": null,
      "created_at": "2026-01-17T18:56:55Z",
      "updated_at": "2026-01-24T18:56:55Z"
    }
  },
  {
    "model": "core.participant",
    "pk": 1371,
    "fields": {
      "cohort": 16,
      "user": 1371,
      "role_in_cohort": "MENTEE",
      "display_name": "Drew Williams",
      "organization": "OrgG",
      "is_submitted": true,
      "submitted_at": "2026-01-24T18:56:55Z",
      "created_at": "2026-01-17T18:56:55Z",
      "updated_at": "2026-01-24T18:56:55Z"
    }
  },
  {
    "model": "core.participant",
    "pk": 1372,
    "fields": {
      "cohort": 16,
      "user": 1372,
      "role_in_cohort": "MENTEE",
      "display_name": "Casey Jones",
      "organization": "OrgE",
      "is_submitted": false,
      "submitted_at": null,
      "created_at": "2026-01-17T18:56:55Z",
      "updated_at": "2026-01-24T18:56:55Z"
    }
  },
  {
    "model": "core.participant",
    "pk": 1373,
    "fields": {
      "cohort": 16,
      "user": 1373,
      "role_in_cohort": "MENTEE",
      "display_name": "Ellis Johnson",
      "organization": "OrgF",
      "is_submitted": false,
      "submitted_at": null,
      "created_at": "2026-01-17T18:56:55Z",
      "updated_at": "2026-01-24T18:56:55Z"
    }
  },
  {
    "model": "core.participant",
    "pk": 1374,
    "fields": {
      "cohort": 16,
      "user": 1374,
      "role_in_cohort": "MENTEE",
      "display_name": "Alex Miller",
      "organization": "OrgC",
      "is_submitted": false,
      "submitted_at": null,
      "created_at": "2026-01-17T18:56:55Z",
      "updated_at": "2026-01-24T18:56:55Z"
    }
  },
  {
    "model": "core.participant",
    "pk": 1375,
    "fields": {
      "cohort": 16,
      "user": 1375,
      "role_in_cohort": "MENTEE",
      "display_name": "Drew Miller",
      "organization": "OrgE",
      "is_submitted": false,
      "submitted_at": null,
      "created_at": "2026-01-17T18:56:55Z",
      "updated_at": "2026-01-24T18:56:55Z"
    }
  },
  {
    "model": "core.participant",
    "pk": 1376,
    "fields": {
      "cohort": 16,
      "user": 1376,
      "role_in_cohort": "MENTEE",
      "display_name": "Bailey Smith",
      "organization": "OrgB",
      "is_submitted": false,
      "submitted_at": null,
      "created_at": "2026-01-17T18:56:55Z",
      "updated_at": "2026-01-24T18:56:55Z"
    }
  },
  {
    "model": "core.participant",
    "pk": 1377,
    "fields": {
      "cohort": 16,
      "user": 1377,
      "role_in_cohort": "MENTEE",
      "display_name": "Bailey Williams",
      "organization": "OrgH",
      "is_submitted": false,
      "submitted_at": null,
      "created_at": "2026-01-17T18:56:55Z",
      "updated_at": "2026-01-24T18:56:55Z"
    }
  },
  {
    "model": "core.participant",
    "pk": 1378,
    "fields": {
      "cohort": 16,
      "user": 1378,
      "role_in_cohort": "MENTEE",
      "display_name": "Jordan Davis",
      "organization": "OrgD",
      "is_submitted": false,
      "submitted_at": null,
      "created_at": "2026-01-17T18:56:55Z",
      "updated_at": "2026-01-24T18:56:55Z"
    }
  },
  {
    "model": "core.participant",
    "pk": 1379,
    "fields": {
      "cohort": 16,
      "user": 1379,
      "role_in_cohort": "MENTEE",
      "display_name": "Finley Johnson",
      "organization": "OrgA",
      "is_submitted": true,
      "submitted_at": "2026-01-24T18:56:55Z",
      "created_at": "2026-01-17T18:56:55Z",
      "updated_at": "2026-01-24T18:56:55Z"
    }
  },
  {
    "model": "core.participant",
    "pk": 1380,
    "fields": {
      "cohort": 16,
      "user": 1380,
      "role_in_cohort": "MENTEE",
      "display_name": "Indigo Johnson",
      "organization": "OrgC",
      "is_submitted": false,
      "submitted_at": null,
      "created_at": "2026-01-17T18:56:55Z",
      "updated_at": "2026-01-24T18:56:55Z"
    }
  },
  {
    "model": "core.participant",
    "pk": 1381,
    "fields": {
      "cohort": 16,
      "user": 1381,
      "role_in_cohort": "MENTEE",
      "display_name": "Bailey Johnson",
      "organization": "OrgG",
      "is_submitted": false,
      "submitted_at": null,
      "created_at": "2026-01-17T18:56:55Z",
      "updated_at": "2026-01-24T18:56:55Z"
    }
  },
  {
    "model": "core.participant",
    "pk": 1382,
    "fields": {
      "cohort": 16,
      "user": 1382,
      "role_in_cohort": "MENTEE",
      "display_name": "Finley Jones",
      "organization": "OrgF",
      "is_submitted": false,
      "submitted_at": null,
      "created_at": "2026-01-17T18:56:55Z",
      "updated_at": "2026-01-24T18:56:55Z"
    }
  },
  {
    "model": "core.participant",
    "pk": 1383,
    "fields": {
      "cohort": 16,
      "user": 1383,
      "role_in_cohort": "MENTEE",
      "display_name": "Casey Williams",
      "organization": "OrgG",
      "is_submitted": false,
      "submitted_at": null,
      "created_at": "2026-01-17T18:56:55Z",
      "updated_at": "2026-01-24T18:56:55Z"
    }
  },
  {
    "model": "core.participant",
    "pk": 1384,
    "fields": {
      "cohort": 16,
      "user": 1384,
      "role_in_cohort": "MENTEE",
      "display_name": "Kai Williams",
      "organization": "OrgA",
      "is_submitted": true,
      "submitted_at": "2026-01-24T18:56:55Z",
      "created_at": "2026-01-17T18:56:55Z",
      "updated_at": "2026-01-24T18:56:55Z"
    }
  },
  {
    "model": "core.participant",
    "pk": 1385,
    "fields": {
      "cohort": 16,
      "user": 1385,
      "role_in_cohort": "MENTEE",
      "display_name": "Drew Williams",
      "organization": "OrgF",
      "is_submitted": false,
      "submitted_at": null,
      "created_at": "2026-01-17T18:56:55Z",
      "updated_at": "2026-01-24T18:56:55Z"
    }
  },
  {
    "model": "core.participant",
    "pk": 1386,
    "fields": {
      "cohort": 16,
      "user": 1386,
      "role_in_cohort": "MENTEE",
      "display_name": "Drew Johnson",
      "organization": "OrgH",
      "is_submitted": false,
      "submitted_at": null,
      "created_at": "2026-01-17T18:56:55Z",
      "updated_at": "2026-01-24T18:56:55Z"
    }
  },
  {
    "model": "core.participant",
    "pk": 1387,
    "fields": {
      "cohort": 16,
      "user": 1387,
      "role_in_cohort": "MENTEE",
      "display_name": "Bailey Martinez",
      "organization": "OrgC",
      "is_submitted": false,
      "submitted_at": null,
      "created_at": "2026-01-17T18:56:55Z",
      "updated_at": "2026-01-24T18:56:55Z"
    }
  },
  {
    "model": "core.participant",
    "pk": 1388,
    "fields": {
      "cohort": 16,
      "user": 1388,
      "role_in_cohort": "MENTEE",
      "display_name": "Finley Miller",
      "organization": "OrgG",
      "is_submitted": false,
      "submitted_at": null,
      "created_at": "2026-01-17T18:56:55Z",
      "updated_at": "2026-01-24T18:56:55Z"
    }
  },
  {
    "model": "core.participant",
    "pk": 1389,
    "fields": {
      "cohort": 16,
      "user": 1389,
      "role_in_cohort": "MENTEE",
      "display_name": "Drew Jones",
      "organization": "OrgC",
      "is_submitted": false,
      "submitted_at": null,
      "created_at": "2026-01-17T18:56:55Z",
      "updated_at": "2026-01-24T18:56:55Z"
    }
  },
  {
    "model": "core.participant",
    "pk": 1390,
    "fields": {
      "cohort": 16,
      "user": 1390,
      "role_in_cohort": "MENTEE",
      "display_name": "Drew Rodriguez",
      "organization": "OrgB",
      "is_submitted": false,
      "submitted_at": null,
      "created_at": "2026-01-17T18:56:55Z",
      "updated_at": "2026-01-24T18:56:55Z"
    }
  },
  {
    "model": "core.participant",
    "pk": 1391,
    "fields": {
      "cohort": 16,
      "user": 1391,
      "role_in_cohort": "MENTEE",
      "display_name": "Alex Jones",
      "organization": "OrgE",
      "is_submitted": false,
      "submitted_at": null,
      "created_at": "2026-01-17T18:56:55Z",
      "updated_at": "2026-01-24T18:56:55Z"
    }
  },
  {
    "model": "core.participant",
    "pk": 1392,
    "fields": {
      "cohort": 16,
      "user": 1392,
      "role_in_cohort": "MENTEE",
      "display_name": "Harper Jones",
      "organization": "OrgD",
      "is_submitted": false,
      "submitted_at": null,
      "created_at": "2026-01-17T18:56:55Z",
      "updated_at": "2026-01-24T18:56:55Z"
    }
  },
  {
    "model": "core.participant",
    "pk": 1393,
    "fields": {
      "cohort": 16,
      "user": 1393,
      "role_in_cohort": "MENTEE",
      "display_name": "Drew Davis",
      "organization": "OrgA",
      "is_submitted": false,
      "submitted_at": null,
      "created_at": "2026-01-17T18:56:55Z",
      "updated_at": "2026-01-24T18:56:55Z"
    }
  },
  {
    "model": "core.participant",
    "pk": 1394,
    "fields": {
      "cohort": 16,
      "user": 1394,
      "role_in_cohort": "MENTEE",
      "display_name": "Drew Davis",
      "organization": "OrgB",
      "is_submitted": false,
      "submitted_at": null,
      "created_at": "2026-01-17T18:56:55Z",
      "updated_at": "2026-01-24T18:56:55Z"
    }
  },
  {
    "model": "core.participant",
    "pk": 1395,
    "fields": {
      "cohort": 16,
      "user": 1395,
      "role_in_cohort": "MENTEE",
      "display_name": "Jordan Smith",
      "organization": "OrgB",
      "is_submitted": false,
      "submitted_at": null,
      "created_at": "2026-01-17T18:56:55Z",
      "updated_at": "2026-01-24T18:56:55Z"
    }
  },
  {
    "model": "core.participant",
    "pk": 1396,
    "fields": {
      "cohort": 16,
      "user": 1396,
      "role_in_cohort": "MENTEE",
      "display_name": "Casey Miller",
      "organization": "OrgF",
      "is_submitted": false,
      "submitted_at": null,
      "created_at": "2026-01-17T18:56:55Z",
      "updated_at": "2026-01-24T18:56:55Z"
    }
  },
  {
    "model": "core.participant",
    "pk": 1397,
    "fields": {
      "cohort": 16,
      "user": 1397,
      "role_in_cohort": "MENTEE",
      "display_name": "Finley Rodriguez",
      "organization": "OrgG",
      "is_submitted": false,
      "submitted_at": null,
      "created_at": "2026-01-17T18:56:55Z",
      "updated_at": "2026-01-24T18:56:55Z"
    }
  },
  {
    "model": "core.participant",
    "pk": 1398,
    "fields": {
      "cohort": 16,
      "user": 1398,
      "role_in_cohort": "MENTEE",
      "display_name": "Indigo Johnson",
      "organization": "OrgC",
      "is_submitted": false,
      "submitted_at": null,
      "created_at": "2026-01-17T18:56:55Z",
      "updated_at": "2026-01-24T18:56:55Z"
    }
  },
  {
    "model": "matching.preference",
    "pk": 11388,
    "fields": {
      "from_participant": 1342,
      "to_participant": 1384,
      "rank": 1
    }
  },
  {
    "model": "matching.preference",
    "pk": 11389,
    "fields": {
      "from_participant": 1342,
      "to_participant": 1371,
      "rank": 2
    }
  },
  {
    "model": "matching.preference",
    "pk": 11390,
    "fields": {
      "from_participant": 1342,
      "to_participant": 1379,
      "rank": 3
    }
  },
  {
    "model": "matching.preference",
    "pk": 11391,
    "fields": {
      "from_participant": 1353,
      "to_participant": 1371,
      "rank": 1
    }
  },
  {
    "model": "matching.preference",
    "pk": 11392,
    "fields": {
      "from_participant": 1353,
      "to_participant": 1384,
      "rank": 2
    }
  },
  {
    "model": "matching.preference",
    "pk": 11393,
    "fields": {
      "from_participant": 1353,
      "to_participant": 1379,
      "rank": 3
    }
  },
  {
    "model": "matching.preference",
    "pk": 11394,
    "fields": {
      "from_participant": 1361,
      "to_participant": 1384,
      "rank": 1
    }
  },
  {
    "model": "matching.preference",
    "pk": 11395,
    "fields": {
      "from_participant": 1361,
      "to_participant": 1379,
      "rank": 2
    }
  },
  {
    "model": "matching.preference",
    "pk": 11396,
    "fields": {
      "from_participant": 1361,
      "to_participant": 1371,
      "rank": 3
    }
  },
  {
    "model": "matching.preference",
    "pk": 11397,
    "fields": {
      "from_participant": 1365,
      "to_participant": 1384,
      "rank": 1
    }
  },
  {
    "model": "matching.preference",
    "pk": 11398,
    "fields": {
      "from_participant": 1365,
      "to_participant": 1379,
      "rank": 2
    }
  },
  {
    "model": "matching.preference",
    "pk": 11399,
    "fields": {
      "from_participant": 1365,
      "to_participant": 1371,
      "rank": 3
    }
  },
  {
    "model": "matching.preference",
    "pk": 11400,
    "fields": {
      "from_participant": 1369,
      "to_participant": 1379,
      "rank": 1
    }
  },
  {
    "model": "matching.preference",
    "pk": 11401,
    "fields": {
      "from_participant": 1369,
      "to_participant": 1371,
      "rank": 2
    }
  },
  {
    "model": "matching.preference",
    "pk": 11402,
    "fields": {
      "from_participant": 1369,
      "to_participant": 1384,
      "rank": 3
    }
  },
  {
    "model": "matching.preference",
    "pk": 11403,
    "fields": {
      "from_participant": 1371,
      "to_participant": 1369,
      "rank": 1
    }
  },
  {
    "model": "matching.preference",
    "pk": 11404,
    "fields": {
      "from_participant": 1371,
      "to_participant": 1353,
      "rank": 2
    }
  },
  {
    "model": "matching.preference",
    "pk": 11405,
    "fields": {
      "from_participant": 1371,
      "to_participant": 1342,
      "rank": 3
    }
  },
  {
    "model": "matching.preference",
    "pk": 11406,
    "fields": {
      "from_participant": 1379,
      "to_participant": 1361,
      "rank": 1
    }
  },
  {
    "model": "matching.preference",
    "pk": 11407,
    "fields": {
      "from_participant": 1379,
      "to_participant": 1365,
      "rank": 2
    }
  },
  {
    "model": "matching.preference",
    "pk": 11408,
    "fields": {
      "from_participant": 1379,
      "to_participant": 1369,
      "rank": 3
    }
  },
  {
    "model": "matching.preference",
    "pk": 11409,
    "fields": {
      "from_participant": 1379,
      "to_participant": 1342,
      "rank": 4
    }
  },
  {
    "model": "matching.preference",
    "pk": 11410,
    "fields": {
      "from_participant": 1379,
      "to_participant": 1353,
      "rank": 5
    }
  },
  {
    "model": "matching.preference",
    "pk": 11411,
    "fields": {
      "from_participant": 1384,
      "to_participant": 1365,
      "rank": 1
    }
  },
  {
    "model": "matching.preference",
    "pk": 11412,
    "fields": {
      "from_participant": 1384,
      "to_participant": 1353,
      "rank": 2
    }
  },
  {
    "model": "matching.preference",
    "pk": 11413,
    "fields": {
      "from_participant": 1384,
      "to_participant": 1342,
      "rank": 3
    }
  },
  {
    "model": "matching.preference",
    "pk": 11414,
    "fields": {
      "from_participant": 1384,
      "to_participant": 1361,
      "rank": 4
    }
  },
  {
    "model": "matching.preference",
    "pk": 11415,
    "fields": {
      "from_participant": 1384,
      "to_participant": 1369,
      "rank": 5
    }
  }
]