[
  {
    "model": "core.cohort",
    "pk": 12,
    "fields": {
      "name": "E5 Multi Cohort #3 (50% submitted)",
      "status": "OPEN",
      "created_at": "2026-01-01T18:56:55Z"
    }
  },
  {
    "model": "auth.user",
    "pk": 1119,
    "fields": {
      "username": "mentor1119",
      "first_name": "Ellis",
      "last_name": "Martinez",
      "email": "mentor1119@example.com",
      "password": "pbkdf2_sha256$600000$test$test==",
      "is_staff": false,
      "is_active": true,
      "is_superuser": false,
      "date_joined": "2026-01-01T18:56:55Z"
    }
  },
  {
    "model": "auth.user",
    "pk": 1120,
    "fields": {
      "username": "mentor1120",
      "first_name": "Ellis",
      "last_name": "Rodriguez",
      "email": "mentor1120@example.com",
      "password": "pbkdf2_sha256$600000$test$test==",
      "is_staff": false,
      "is_active": true,
      "is_superuser": false,
      "date_joined": "2026-01-01T18:56:55Z"
    }
  },
  {
    "model": "auth.user",
    "pk": 1121,
    "fields": {
      "username": "mentor1121",
      "first_name": "Alex",
      "last_name": "Rodriguez",
      "email": "mentor1121@example.com",
      "password": "pbkdf2_sha256$600000$test$test==",
      "is_staff": false,
      "is_active": true,
      "is_superuser": false,
      "date_joined": "2026-01-01T18:56:55Z"
    }
  },
  {
    "model": "auth.user",
    "pk": 1122,
    "fields": {
      "username": "mentor1122",
      "first_name": "Drew",
      "last_name": "Johnson",
      "email": "mentor1122@example.com",
      "password": "pbkdf2_sha256$600000$test$test==",
      "is_staff": false,
      "is_active": true,
      "is_superuser": false,
      "date_joined": "2026-01-01T18:56:55Z"
    }
  },
  {
    "model": "auth.user",
    "pk": 1123,
    "fields": {
      "username": "mentor1123",
      "first_name": "Drew",
      "last_name": "Miller",
      "email": "mentor1123@example.com",
      "password": "pbkdf2_sha256$600000$test$test==",
      "is_staff": false,
      "is_active": true,
      "is_superuser": false,
      "date_joined": "2026-01-01T18:56:55Z"
    }
  },
  {
    "model": "auth.user",
    "pk": 1124,
    "fields": {
      "username": "mentor1124",
      "first_name": "Indigo",
      "last_name": "Rodriguez",
      "email": "mentor1124@example.com",
      "password": "pbkdf2_sha256$600000$test$test==",
      "is_staff": false,
      "is_active": true,
      "is_superuser": false,
      "date_joined": "2026-01-01T18:56:55Z"
    }
  },
  {
    "model": "auth.user",
    "pk": 1125,
    "fields": {
      "username": "mentor1125",
      "first_name": "Drew",
      "last_name": "Davis",
      "email": "mentor1125@example.com",
      "password": "pbkdf2_sha256$600000$test$test==",
      "is_staff": false,
      "is_active": true,
      "is_superuser": false,
      "date_joined": "2026-01-01T18:56:55Z"
    }
  },
  {
    "model": "auth.user",
    "pk": 1126,
    "fields": {
      "username": "mentor1126",
      "first_name": "Indigo",
      "last_name": "Davis",
      "email": "mentor1126@example.com",
      "password": "pbkdf2_sha256$600000$test$test==",
      "is_staff": false,
      "is_active": true,
      "is_superuser": false,
      "date_joined": "2026-01-01T18:56:55Z"
    }
  },
  {
    "model": "auth.user",
    "pk": 1127,
    "fields": {
      "username": "mentor1127",
      "first_name": "Alex",
      "last_name": "Johnson",
      "email": "mentor1127@example.com",
      "password": "pbkdf2_sha256$600000$test$test==",
      "is_staff": false,
      "is_active": true,
      "is_superuser": false,
      "date_joined": "2026-01-01T18:56:55Z"
    }
  },
  {
    "model": "auth.user",
    "pk": 1128,
    "fields": {
      "username": "mentor1128",
      "first_name": "Ellis",
      "last_name": "Brown",
      "email": "mentor1128@example.com",
      "password": "pbkdf2_sha256$600000$test$test==",
      "is_staff": false,
      "is_active": true,
      "is_superuser": false,
      "date_joined": "2026-01-01T18:56:55Z"
    }
  },
  {
    "model": "auth.user",
    "pk": 1129,
    "fields": {
      "username": "mentor1129",
      "first_name": "Harper",
      "last_name": "Brown",
      "email": "mentor1129@example.com",
      "password": "pbkdf2_sha256$600000$test$test==",
      "is_staff": false,
      "is_active": true,
      "is_superuser": false,
      "date_joined": "2026-01-01T18:56:55Z"
    }
  },
  {
    "model": "auth.user",
    "pk": 1130,
    "fields": {
      "username": "mentor1130",
      "first_name": "Ellis",
      "last_name": "Martinez",
      "email": "mentor1130@example.com",
      "password": "pbkdf2_sha256$600000$test$test==",
      "is_staff": false,
      "is_active": true,
      "is_superuser": false,
      "date_joined": "2026-01-01T18:56:55Z"
    }
  },
  {
    "model": "auth.user",
    "pk": 1131,
    "fields": {
      "username": "mentor1131",
      "first_name": "Finley",
      "last_name": "Davis",
      "email": "mentor1131@example.com",
      "password": "pbkdf2_sha256$600000$test$test==",
      "is_staff": false,
      "is_active": true,
      "is_superuser": false,
      "date_joined": "2026-01-01T18:56:55Z"
    }
  },
  {
    "model": "auth.user",
    "pk": 1132,
    "fields": {
      "username": "mentor1132",
      "first_name": "Jordan",
      "last_name": "Rodriguez",
      "email": "mentor1132@example.com",
      "password": "pbkdf2_sha256$600000$test$test==",
      "is_staff": false,
      "is_active": true,
      "is_superuser": false,
      "date_joined": "2026-01-01T18:56:55Z"
    }
  },
  {
    "model": "auth.user",
    "pk": 1133,
    "fields": {
      "username": "mentor1133",
      "first_name": "Finley",
      "last_name": "Miller",
      "email": "mentor1133@example.com",
      "password": "pbkdf2_sha256$600000$test$test==",
      "is_staff": false,
      "is_active": true,
      "is_superuser": false,
      "date_joined": "2026-01-01T18:56:55Z"
    }
  },
  {
    "model": "auth.user",
    "pk": 1134,
    "fields": {
      "username": "mentor1134",
      "first_name": "Jordan",
      "last_name": "Garcia",
      "email": "mentor1134@example.com",
      "password": "pbkdf2_sha256$600000$test$test==",
      "is_staff": false,
      "is_active": true,
      "is_superuser": false,
      "date_joined": "2026-01-01T18:56:55Z"
    }
  },
  {
    "model": "auth.user",
    "pk": 1135,
    "fields": {
      "username": "mentor1135",
      "first_name": "Finley",
      "last_name": "Davis",
      "email": "mentor1135@example.com",
      "password": "pbkdf2_sha256$600000$test$test==",
      "is_staff": false,
      "is_active": true,
      "is_superuser": false,
      "date_joined": "2026-01-01T18:56:55Z"
    }
  },
  {
    "model": "auth.user",
    "pk": 1136,
    "fields": {
      "username": "mentor1136",
      "first_name": "Ellis",
      "last_name": "Jones",
      "email": "mentor1136@example.com",
      "password": "pbkdf2_sha256$600000$test$test==",
      "is_staff": false,
      "is_active": true,
      "is_superuser": false,
      "date_joined": "2026-01-01T18:56:55Z"
    }
  },
  {
    "model": "auth.user",
    "pk": 1137,
    "fields": {
      "username": "mentor1137",
      "first_name": "Ellis",
      "last_name": "Brown",
      "email": "mentor1137@example.com",
      "password": "pbkdf2_sha256$600000$test$test==",
      "is_staff": false,
      "is_active": true,
      "is_superuser": false,
      "date_joined": "2026-01-01T18:56:55Z"
    }
  },
  {
    "model": "auth.user",
    "pk": 1138,
    "fields": {
      "username": "mentor1138",
      "first_name": "Bailey",
      "last_name": "Brown",
      "email": "mentor1138@example.com",
      "password": "pbkdf2_sha256$600000$test$test==",
      "is_staff": false,
      "is_active": true,
      "is_superuser": false,
      "date_joined": "2026-01-01T18:56:55Z"
    }
  },
  {
    "model": "auth.user",
    "pk": 1139,
    "fields": {
      "username": "mentor1139",
      "first_name": "Finley",
      "last_name": "Johnson",
      "email": "mentor1139@example.com",
      "password": "pbkdf2_sha256$600000$test$test==",
      "is_staff": false,
      "is_active": true,
      "is_superuser": false,
      "date_joined": "2026-01-01T18:56:55Z"
    }
  },
  {
    "model": "auth.user",
    "pk": 1140,
    "fields": {
      "username": "mentor1140",
      "first_name": "Jordan",
      "last_name": "Williams",
      "email": "mentor1140@example.com",
      "password": "pbkdf2_sha256$600000$test$test==",
      "is_staff": false,
      "is_active": true,
      "is_superuser": false,
      "date_joined": "2026-01-01T18:56:55Z"
    }
  },
  {
    "model": "auth.user",
    "pk": 1141,
    "fields": {
      "username": "mentor1141",
      "first_name": "Drew",
      "last_name": "Brown",
      "email": "mentor1141@example.com",
      "password": "pbkdf2_sha256$600000$test$test==",
      "is_staff": false,
      "is_active": true,
      "is_superuser": false,
      "date_joined": "2026-01-01T18:56:55Z"
    }
  },
  {
    "model": "auth.user",
    "pk": 1142,
    "fields": {
      "username": "mentor1142",
      "first_name": "Indigo",
      "last_name": "Jones",
      "email": "mentor1142@example.com",
      "password": "pbkdf2_sha256$600000$test$test==",
      "is_staff": false,
      "is_active": true,
      "is_superuser": false,
      "date_joined": "2026-01-01T18:56:55Z"
    }
  },
  {
    "model": "auth.user",
    "pk": 1143,
    "fields": {
      "username": "mentor1143",
      "first_name": "Kai",
      "last_name": "Rodriguez",
      "email": "mentor1143@example.com",
      "password": "pbkdf2_sha256$600000$test$test==",
      "is_staff": false,
      "is_active": true,
      "is_superuser": false,
      "date_joined": "2026-01-01T18:56:55Z"
    }
  },
  {
    "model": "auth.user",
    "pk": 1144,
    "fields": {
      "username": "mentor1144",
      "first_name": "Kai",
      "last_name": "Jones",
      "email": "mentor1144@example.com",
      "password": "pbkdf2_sha256$600000$test$test==",
      "is_staff": false,
      "is_active": true,
      "is_superuser": false,
      "date_joined": "2026-01-01T18:56:55Z"
    }
  },
  {
    "model": "auth.user",
    "pk": 1145,
    "fields": {
      "username": "mentor1145",
      "first_name": "Bailey",
      "last_name": "Brown",
      "email": "mentor1145@example.com",
      "password": "pbkdf2_sha256$600000$test$test==",
      "is_staff": false,
      "is_active": true,
      "is_superuser": false,
      "date_joined": "2026-01-01T18:56:55Z"
    }
  },
  {
    "model": "auth.user",
    "pk": 1146,
    "fields": {
      "username": "mentor1146",
      "first_name": "Ellis",
      "last_name": "Brown",
      "email": "mentor1146@example.com",
      "password": "pbkdf2_sha256$600000$test$test==",
      "is_staff": false,
      "is_active": true,
      "is_superuser": false,
      "date_joined": "2026-01-01T18:56:55Z"
    }
  },
  {
    "model": "auth.user",
    "pk": 1147,
    "fields": {
      "username": "mentee1147",
      "first_name": "Finley",
      "last_name": "Williams",
      "email": "mentee1147@example.com",
      "password": "pbkdf2_sha256$600000$test$test==",
      "is_staff": false,
      "is_active": true,
      "is_superuser": false,
      "date_joined": "2026-01-01T18:56:55Z"
    }
  },
  {
    "model": "auth.user",
    "pk": 1148,
    "fields": {
      "username": "mentee1148",
      "first_name": "Ellis",
      "last_name": "Smith",
      "email": "mentee1148@example.com",
      "password": "pbkdf2_sha256$600000$test$test==",
      "is_staff": false,
      "is_active": true,
      "is_superuser": false,
      "date_joined": "2026-01-01T18:56:55Z"
    }
  },
  {
    "model": "auth.user",
    "pk": 1149,
    "fields": {
      "username": "mentee1149",
      "first_name": "Jordan",
      "last_name": "Williams",
      "email": "mentee1149@example.com",
      "password": "pbkdf2_sha256$600000$test$test==",
      "is_staff": false,
      "is_active": true,
      "is_superuser": false,
      "date_joined": "2026-01-01T18:56:55Z"
    }
  },
  {
    "model": "auth.user",
    "pk": 1150,
    "fields": {
      "username": "mentee1150",
      "first_name": "Ellis",
      "last_name": "Smith",
      "email": "mentee1150@example.com",
      "password": "pbkdf2_sha256$600000$test$test==",
      "is_staff": false,
      "is_active": true,
      "is_superuser": false,
      "date_joined": "2026-01-01T18:56:55Z"
    }
  },
  {
    "model": "auth.user",
    "pk": 1151,
    "fields": {
      "username": "mentee1151",
      "first_name": "Alex",
      "last_name": "Rodriguez",
      "email": "mentee1151@example.com",
      "password": "pbkdf2_sha256$600000$test$test==",
      "is_staff": false,
      "is_active": true,
      "is_superuser": false,
      "date_joined": "2026-01-01T18:56:55Z"
    }
  },
  {
    "model": "auth.user",
    "pk": 1152,
    "fields": {
      "username": "mentee1152",
      "first_name": "Ellis",
      "last_name": "Williams",
      "email": "mentee1152@example.com",
      "password": "pbkdf2_sha256$600000$test$test==",
      "is_staff": false,
      "is_active": true,
      "is_superuser": false,
      "date_joined": "2026-01-01T18:56:55Z"
    }
  },
  {
    "model": "auth.user",
    "pk": 1153,
    "fields": {
      "username": "mentee1153",
      "first_name": "Indigo",
      "last_name": "Johnson",
      "email": "mentee1153@example.com",
      "password": "pbkdf2_sha256$600000$test$test==",
      "is_staff": false,
      "is_active": true,
      "is_superuser": false,
      "date_joined": "2026-01-01T18:56:55Z"
    }
  },
  {
    "model": "auth.user",
    "pk": 1154,
    "fields": {
      "username": "mentee1154",
      "first_name": "Alex",
      "last_name": "Martinez",
      "email": "mentee1154@example.com",
      "password": "pbkdf2_sha256$600000$test$test==",
      "is_staff": false,
      "is_active": true,
      "is_superuser": false,
      "date_joined": "2026-01-01T18:56:55Z"
    }
  },
  {
    "model": "auth.user",
    "pk": 1155,
    "fields": {
      "username": "mentee1155",
      "first_name": "Ellis",
      "last_name": "Davis",
      "email": "mentee1155@example.com",
      "password": "pbkdf2_sha256$600000$test$test==",
      "is_staff": false,
      "is_active": true,
      "is_superuser": false,
      "date_joined": "2026-01-01T18:56:55Z"
    }
  },
  {
    "model": "auth.user",
    "pk": 1156,
    "fields": {
      "username": "mentee1156",
      "first_name": "Indigo",
      "last_name": "Davis",
      "email": "mentee1156@example.com",
      "password": "pbkdf2_sha256$600000$test$test==",
      "is_staff": false,
      "is_active": true,
      "is_superuser": false,
      "date_joined": "2026-01-01T18:56:55Z"
    }
  },
  {
    "model": "auth.user",
    "pk": 1157,
    "fields": {
      "username": "mentee1157",
      "first_name": "Finley",
      "last_name": "Williams",
      "email": "mentee1157@example.com",
      "password": "pbkdf2_sha256$600000$test$test==",
      "is_staff": false,
      "is_active": true,
      "is_superuser": false,
      "date_joined": "2026-01-01T18:56:55Z"
    }
  },
  {
    "model": "auth.user",
    "pk": 1158,
    "fields": {
      "username": "mentee1158",
      "first_name": "Alex",
      "last_name": "Jones",
      "email": "mentee1158@example.com",
      "password": "pbkdf2_sha256$600000$test$test==",
      "is_staff": false,
      "is_active": true,
      "is_superuser": false,
      "date_joined": "2026-01-01T18:56:55Z"
    }
  },
  {
    "model": "auth.user",
    "pk": 1159,
    "fields": {
      "username": "mentee1159",
      "first_name": "Indigo",
      "last_name": "Johnson",
      "email": "mentee1159@example.com",
      "password": "pbkdf2_sha256$600000$test$test==",
      "is_staff": false,
      "is_active": true,
      "is_superuser": false,
      "date_joined": "2026-01-01T18:56:55Z"
    }
  },
  {
    "model": "auth.user",
    "pk": 1160,
    "fields": {
      "username": "mentee1160",
      "first_name": "Bailey",
      "last_name": "Miller",
      "email": "mentee1160@example.com",
      "password": "pbkdf2_sha256$600000$test$test==",
      "is_staff": false,
      "is_active": true,
      "is_superuser": false,
      "date_joined": "2026-01-01T18:56:55Z"
    }
  },
  {
    "model": "auth.user",
    "pk": 1161,
    "fields": {
      "username": "mentee1161",
      "first_name": "Indigo",
      "last_name": "Johnson",
      "email": "mentee1161@example.com",
      "password": "pbkdf2_sha256$600000$test$test==",
      "is_staff": false,
      "is_active": true,
      "is_superuser": false,
      "date_joined": "2026-01-01T18:56:55Z"
    }
  },
  {
    "model": "auth.user",
    "pk": 1162,
    "fields": {
      "username": "mentee1162",
      "first_name": "Kai",
      "last_name": "Smith",
      "email": "mentee1162@example.com",
      "password": "pbkdf2_sha256$600000$test$test==",
      "is_staff": false,
      "is_active": true,
      "is_superuser": false,
      "date_joined": "2026-01-01T18:56:55Z"
    }
  },
  {
    "model": "auth.user",
    "pk": 1163,
    "fields": {
      "username": "mentee1163",
      "first_name": "Casey",
      "last_name": "Williams",
      "email": "mentee1163@example.com",
      "password": "pbkdf2_sha256$600000$test$test==",
      "is_staff": false,
      "is_active": true,
      "is_superuser": false,
      "date_joined": "2026-01-01T18:56:55Z"
    }
  },
  {
    "model": "auth.user",
    "pk": 1164,
    "fields": {
      "username": "mentee1164",
      "first_name": "Kai",
      "last_name": "Jones",
      "email": "mentee1164@example.com",
      "password": "pbkdf2_sha256$600000$test$test==",
      "is_staff": false,
      "is_active": true,
      "is_superuser": false,
      "date_joined": "2026-01-01T18:56:55Z"
    }
  },
  {
    "model": "auth.user",
    "pk": 1165,
    "fields": {
      "username": "mentee1165",
      "first_name": "Bailey",
      "last_name": "Brown",
      "email": "mentee1165@example.com",
      "password": "pbkdf2_sha256$600000$test$test==",
      "is_staff": false,
      "is_active": true,
      "is_superuser": false,
      "date_joined": "2026-01-01T18:56:55Z"
    }
  },
  {
    "model": "auth.user",
    "pk": 1166,
    "fields": {
      "username": "mentee1166",
      "first_name": "Bailey",
      "last_name": "Rodriguez",
      "email": "mentee1166@example.com",
      "password": "pbkdf2_sha256$600000$test$test==",
      "is_staff": false,
      "is_active": true,
      "is_superuser": false,
      "date_joined": "2026-01-01T18:56:55Z"
    }
  },
  {
    "model": "auth.user",
    "pk": 1167,
    "fields": {
      "username": "mentee1167",
      "first_name": "Harper",
      "last_name": "Martinez",
      "email": "mentee1167@example.com",
      "password": "pbkdf2_sha256$600000$test$test==",
      "is_staff": false,
      "is_active": true,
      "is_superuser": false,
      "date_joined": "2026-01-01T18:56:55Z"
    }
  },
  {
    "model": "auth.user",
    "pk": 1168,
    "fields": {
      "username": "mentee1168",
      "first_name": "Kai",
      "last_name": "Martinez",
      "email": "mentee1168@example.com",
      "password": "pbkdf2_sha256$600000$test$test==",
      "is_staff": false,
      "is_active": true,
      "is_superuser": false,
      "date_joined": "2026-01-01T18:56:55Z"
    }
  },
  {
    "model": "auth.user",
    "pk": 1169,
    "fields": {
      "username": "mentee1169",
      "first_name": "Drew",
      "last_name": "Rodriguez",
      "email": "mentee1169@example.com",
      "password": "pbkdf2_sha256$600000$test$test==",
      "is_staff": false,
      "is_active": true,
      "is_superuser": false,
      "date_joined": "2026-01-01T18:56:55Z"
    }
  },
  {
    "model": "auth.user",
    "pk": 1170,
    "fields": {
      "username": "mentee1170",
      "first_name": "Harper",
      "last_name": "Davis",
      "email": "mentee1170@example.com",
      "password": "pbkdf2_sha256$600000$test$test==",
      "is_staff": false,
      "is_active": true,
      "is_superuser": false,
      "date_joined": "2026-01-01T18:56:55Z"
    }
  },
  {
    "model": "auth.user",
    "pk": 1171,
    "fields": {
      "username": "mentee1171",
      "first_name": "Indigo",
      "last_name": "Jones",
      "email": "mentee1171@example.com",
      "password": "pbkdf2_sha256$600000$test$test==",
      "is_staff": false,
      "is_active": true,
      "is_superuser": false,
      "date_joined": "2026-01-01T18:56:55Z"
    }
  },
  {
    "model": "auth.user",
    "pk": 1172,
    "fields": {
      "username": "mentee1172",
      "first_name": "Kai",
      "last_name": "Miller",
      "email": "mentee1172@example.com",
      "password": "pbkdf2_sha256$600000$test$test==",
      "is_staff": false,
      "is_active": true,
      "is_superuser": false,
      "date_joined": "2026-01-01T18:56:55Z"
    }
  },
  {
    "model": "auth.user",
    "pk": 1173,
    "fields": {
      "username": "mentee1173",
      "first_name": "Ellis",
      "last_name": "Martinez",
      "email": "mentee1173@example.com",
      "password": "pbkdf2_sha256$600000$test$test==",
      "is_staff": false,
      "is_active": true,
      "is_superuser": false,
      "date_joined": "2026-01-01T18:56:55Z"
    }
  },
  {
    "model": "auth.user",
    "pk": 1174,
    "fields": {
      "username": "mentee1174",
      "first_name": "Kai",
      "last_name": "Smith",
      "email": "mentee1174@example.com",
      "password": "pbkdf2_sha256$600000$test$test==",
      "is_staff": false,
      "is_active": true,
      "is_superuser": false,
      "date_joined": "2026-01-01T18:56:55Z"
    }
  },
  {
    "model": "core.participant",
    "pk": 1119,
    "fields": {
      "cohort": 12,
      "user": 1119,
      "role_in_cohort": "MENTOR",
      "display_name": "Drew Brown",
      "organization": "OrgB",
      "is_submitted": false,
      "submitted_at": null,
      "created_at": "2026-01-17T18:56:55Z",
      "updated_at": "2026-01-24T18:56:55Z"
    }
  },
  {
    "model": "core.participant",
    "pk": 1120,
    "fields": {
      "cohort": 12,
      "user": 1120,
      "role_in_cohort": "MENTOR",
      "display_name": "Casey Brown",
      "organization": "OrgB",
      "is_submitted": true,
      "submitted_at": "2026-01-24T18:56:55Z",
      "created_at": "2026-01-17T18:56:55Z",
      "updated_at": "2026-01-24T18:56:55Z"
    }
  },
  {
    "model": "core.participant",
    "pk": 1121,
    "fields": {
      "cohort": 12,
      "user": 1121,
      "role_in_cohort": "MENTOR",
      "display_name": "Casey Smith",
      "organization": "OrgB",
      "is_submitted": true,
      "submitted_at": "2026-01-24T18:56:55Z",
      "created_at": "2026-01-17T18:56:55Z",
      "updated_at": "2026-01-24T18:56:55Z"
    }
  },
  {
    "model": "core.participant",
    "pk": 1122,
    "fields": {
      "cohort": 12,
      "user": 1122,
      "role_in_cohort": "MENTOR",
      "display_name": "Kai Davis",
      "organization": "OrgH",
      "is_submitted": false,
      "submitted_at": null,
      "created_at": "2026-01-17T18:56:55Z",
      "updated_at": "2026-01-24T18:56:55Z"
    }
  },
  {
    "model": "core.participant",
    "pk": 1123,
    "fields": {
      "cohort": 12,
      "user": 1123,
      "role_in_cohort": "MENTOR",
      "display_name": "Drew Jones",
      "organization": "OrgA",
      "is_submitted": true,
      "submitted_at": "2026-01-24T18:56:55Z",
      "created_at": "2026-01-17T18:56:55Z",
      "updated_at": "2026-01-24T18:56:55Z"
    }
  },
  {
    "model": "core.participant",
    "pk": 1124,
    "fields": {
      "cohort": 12,
      "user": 1124,
      "role_in_cohort": "MENTOR",
      "display_name": "Indigo Johnson",
      "organization": "OrgE",
      "is_submitted": false,
      "submitted_at": null,
      "created_at": "2026-01-17T18:56:55Z",
      "updated_at": "2026-01-24T18:56:55Z"
    }
  },
  {
    "model": "core.participant",
    "pk": 1125,
    "fields": {
      "cohort": 12,
      "user": 1125,
      "role_in_cohort": "MENTOR",
      "display_name": "Ellis Martinez",
      "organization": "OrgD",
      "is_submitted": false,
      "submitted_at": null,
      "created_at": "2026-01-17T18:56:55Z",
      "updated_at": "2026-01-24T18:56:55Z"
    }
  },
  {
    "model": "core.participant",
    "pk": 1126,
    "fields": {
      "cohort": 12,
      "user": 1126,
      "role_in_cohort": "MENTOR",
      "display_name": "Harper Johnson",
      "organization": "OrgD",
      "is_submitted": false,
      "submitted_at": null,
      "created_at": "2026-01-17T18:56:55Z",
      "updated_at": "2026-01-24T18:56:55Z"
    }
  },
  {
    "model": "core.participant",
    "pk": 1127,
    "fields": {
      "cohort": 12,
      "user": 1127,
      "role_in_cohort": "MENTOR",
      "display_name": "Casey Jones",
      "organization": "OrgD",
      "is_submitted": false,
      "submitted_at": null,
      "created_at": "2026-01-17T18:56:55Z",
      "updated_at": "2026-01-24T18:56:55Z"
    }
  },
  {
    "model": "core.participant",
    "pk": 1128,
    "fields": {
      "cohort": 12,
      "user": 1128,
      "role_in_cohort": "MENTOR",
      "display_name": "Alex Williams",
      "organization": "OrgB",
      "is_submitted": true,
      "submitted_at": "2026-01-24T18:56:55Z",
      "created_at": "2026-01-17T18:56:55Z",
      "updated_at": "2026-01-24T18:56:55Z"
    }
  },
  {
    "model": "core.participant",
    "pk": 1129,
    "fields": {
      "cohort": 12,
      "user": 1129,
      "role_in_cohort": "MENTOR",
      "display_name": "Indigo Johnson",
      "organization": "OrgE",
      "is_submitted": true,
      "submitted_at": "2026-01-24T18:56:55Z",
      "created_at": "2026-01-17T18:56:55Z",
      "updated_at": "2026-01-24T18:56:55Z"
    }
  },
  {
    "model": "core.participant",
    "pk": 1130,
    "fields": {
      "cohort": 12,
      "user": 1130,
      "role_in_cohort": "MENTOR",
      "display_name": "Harper Jones",
      "organization": "OrgE",
      "is_submitted": false,
      "submitted_at": null,
      "created_at": "2026-01-17T18:56:55Z",
      "updated_at": "2026-01-24T18:56:55Z"
    }
  },
  {
    "model": "core.participant",
    "pk": 1131,
    "fields": {
      "cohort": 12,
      "user": 1131,
      "role_in_cohort": "MENTOR",
      "display_name": "Indigo Johnson",
      "organization": "OrgH",
      "is_submitted": false,
      "submitted_at": null,
      "created_at": "2026-01-17T18:56:55Z",
      "updated_at": "2026-01-24T18:56:55Z"
    }
  },
  {
    "model": "core.participant",
    "pk": 1132,
    "fields": {
      "cohort": 12,
      "user": 1132,
      "role_in_cohort": "MENTOR",
      "display_name": "Harper Garcia",
      "organization": "OrgA",
      "is_submitted": false,
      "submitted_at": null,
      "created_at": "2026-01-17T18:56:55Z",
      "updated_at": "2026-01-24T18:56:55Z"
    }
  },
  {
    "model": "core.participant",
    "pk": 1133,
    "fields": {
      "cohort": 12,
      "user": 1133,
      "role_in_cohort": "MENTOR",
      "display_name": "Alex Johnson",
      "organization": "OrgE",
      "is_submitted": false,
      "submitted_at": null,
      "created_at": "2026-01-17T18:56:55Z",
      "updated_at": "2026-01-24T18:56:55Z"
    }
  },
  {
    "model": "core.participant",
    "pk": 1134,
    "fields": {
      "cohort": 12,
      "user": 1134,
      "role_in_cohort": "MENTOR",
      "display_name": "Ellis Martinez",
      "organization": "OrgA",
      "is_submitted": true,
      "submitted_at": "2026-01-24T18:56:55Z",
      "created_at": "2026-01-17T18:56:55Z",
      "updated_at": "2026-01-24T18:56:55Z"
    }
  },
  {
    "model": "core.participant",
    "pk": 1135,
    "fields": {
      "cohort": 12,
      "user": 1135,
      "role_in_cohort": "MENTOR",
      "display_name": "Indigo Rodriguez",
      "organization": "OrgC",
      "is_submitted": true,
      "submitted_at": "2026-01-24T18:56:55Z",
      "created_at": "2026-01-17T18:56:55Z",
      "updated_at": "2026-01-24T18:56:55Z"
    }
  },
  {
    "model": "core.participant",
    "pk": 1136,
    "fields": {
      "cohort": 12,
      "user": 1136,
      "role_in_cohort": "MENTOR",
      "display_name": "Ellis Williams",
      "organization": "OrgH",
      "is_submitted": false,
      "submitted_at": null,
      "created_at": "2026-01-17T18:56:55Z",
      "updated_at": "2026-01-24T18:56:55Z"
    }
  },
  {
    "model": "core.participant",
    "pk": 1137,
    "fields": {
      "cohort": 12,
      "user": 1137,
      "role_in_cohort": "MENTOR",
      "display_name": "Indigo Johnson",
      "organization": "OrgG",
      "is_submitted": false,
      "submitted_at": null,
      "created_at": "2026-01-17T18:56:55Z",
      "updated_at": "2026-01-24T18:56:55Z"
    }
  },
  {
    "model": "core.participant",
    "pk": 1138,
    "fields": {
      "cohort": 12,
      "user": 1138,
      "role_in_cohort": "MENTOR",
      "display_name": "Harper Garcia",
      "organization": "OrgF",
      "is_submitted": false,
      "submitted_at": null,
      "created_at": "2026-01-17T18:56:55Z",
      "updated_at": "2026-01-24T18:56:55Z"
    }
  },
  {
    "model": "core.participant",
    "pk": 1139,
    "fields": {
      "cohort": 12,
      "user": 1139,
      "role_in_cohort": "MENTOR",
      "display_name": "Casey Garcia",
      "organization": "OrgB",
      "is_submitted": true,
      "submitted_at": "2026-01-24T18:56:55Z",
      "created_at": "2026-01-17T18:56:55Z",
      "updated_at": "2026-01-24T18:56:55Z"
    }
  },
  {
    "model": "core.participant",
    "pk": 1140,
    "fields": {
      "cohort": 12,
      "user": 1140,
      "role_in_cohort": "MENTOR",
      "display_name": "Ellis Miller",
      "organization": "OrgH",
      "is_submitted": false,
      "submitted_at": null,
      "created_at": "2026-01-17T18:56:55Z",
      "updated_at": "2026-01-24T18:56:55Z"
    }
  },
  {
    "model": "core.participant",
    "pk": 1141,
    "fields": {
      "cohort": 12,
      "user": 1141,
      "role_in_cohort": "MENTOR",
      "display_name": "Indigo Johnson",
      "organization": "OrgA",
      "is_submitted": false,
      "submitted_at": null,
      "created_at": "2026-01-17T18:56:55Z",
      "updated_at": "2026-01-24T18:56:55Z"
    }
  },
  {
    "model": "core.participant",
    "pk": 1142,
    "fields": {
      "cohort": 12,
      "user": 1142,
      "role_in_cohort": "MENTOR",
      "display_name": "Finley Johnson",
      "organization": "OrgE",
      "is_submitted": true,
      "submitted_at": "2026-01-24T18:56:55Z",
      "created_at": "2026-01-17T18:56:55Z",
      "updated_at": "2026-01-24T18:56:55Z"
    }
  },
  {
    "model": "core.participant",
    "pk": 1143,
    "fields": {
      "cohort": 12,
      "user": 1143,
      "role_in_cohort": "MENTOR",
      "display_name": "Jordan Smith",
      "organization": "OrgG",
      "is_submitted": false,
      "submitted_at": null,
      "created_at": "2026-01-17T18:56:55Z",
      "updated_at": "2026-01-24T18:56:55Z"
    }
  },
  {
    "model": "core.participant",
    "pk": 1144,
    "fields": {
      "cohort": 12,
      "user": 1144,
      "role_in_cohort": "MENTOR",
      "display_name": "Harper Smith",
      "organization": "OrgH",
      "is_submitted": false,
      "submitted_at": null,
      "created_at": "2026-01-17T18:56:55Z",
      "updated_at": "2026-01-24T18:56:55Z"
    }
  },
  {
    "model": "core.participant",
    "pk": 1145,
    "fields": {
      "cohort": 12,
      "user": 1145,
      "role_in_cohort": "MENTOR",
      "display_name": "Kai Davis",
      "organization": "OrgF",
      "is_submitted": true,
      "submitted_at": "2026-01-24T18:56:55Z",
      "created_at": "2026-01-17T18:56:55Z",
      "updated_at": "2026-01-24T18:56:55Z"
    }
  },
  {
    "model": "core.participant",
    "pk": 1146,
    "fields": {
      "cohort": 12,
      "user": 1146,
      "role_in_cohort": "MENTOR",
      "display_name": "Alex Brown",
      "organization": "OrgH",
      "is_submitted": false,
      "submitted_at": null,
      "created_at": "2026-01-17T18:56:55Z",
      "updated_at": "2026-01-24T18:56:55Z"
    }
  },
  {
    "model": "core.participant",
    "pk": 1147,
    "fields": {
      "cohort": 12,
      "user": 1147,
      "role_in_cohort": "MENTEE",
      "display_name": "Ellis Davis",
      "organization": "OrgC",
      "is_submitted": true,
      "submitted_at": "2026-01-24T18:56:55Z",
      "created_at": "2026-01-17T18:56:55Z",
      "updated_at": "2026-01-24T18:56:55Z"
    }
  },
  {
    "model": "core.participant",
    "pk": 1148,
    "fields": {
      "cohort": 12,
      "user": 1148,
      "role_in_cohort": "MENTEE",
      "display_name": "Bailey Smith",
      "organization": "OrgH",
      "is_submitted": false,
      "submitted_at": null,
      "created_at": "2026-01-17T18:56:55Z",
      "updated_at": "2026-01-24T18:56:55Z"
    }
  },
  {
    "model": "core.participant",
    "pk": 1149,
    "fields": {
      "cohort": 12,
      "user": 1149,
      "role_in_cohort": "MENTEE",
      "display_name": "Casey Jones",
      "organization": "OrgD",
      "is_submitted": false,
      "submitted_at": null,
      "created_at": "2026-01-17T18:56:55Z",
      "updated_at": "2026-01-24T18:56:55Z"
    }
  },
  {
    "model": "core.participant",
    "pk": 1150,
    "fields": {
      "cohort": 12,
      "user": 1150,
      "role_in_cohort": "MENTEE",
      "display_name": "Jordan Miller",
      "organization": "OrgA",
      "is_submitted": false,
      "submitted_at": null,
      "created_at": "2026-01-17T18:56:55Z",
      "updated_at": "2026-01-24T18:56:55Z"
    }
  },
  {
    "model": "core.participant",
    "pk": 1151,
    "fields": {
      "cohort": 12,
      "user": 1151,
      "role_in_cohort": "MENTEE",
      "display_name": "Bailey Davis",
      "organization": "OrgD",
      "is_submitted": true,
      "submitted_at": "2026-01-24T18:56:55Z",
      "created_at": "2026-01-17T18:56:55Z",
      "updated_at": "2026-01-24T18:56:55Z"
    }
  },
  {
    "model": "core.participant",
    "pk": 1152,
    "fields": {
      "cohort": 12,
      "user": 1152,
      "role_in_cohort": "MENTEE",
      "display_name": "Indigo Jones",
      "organization": "OrgC",
      "is_submitted": true,
      "submitted_at": "2026-01-24T18:56:55Z",
      "created_at": "2026-01-17T18:56:55Z",
      "updated_at": "2026-01-24T18:56:55Z"
    }
  },
  {
    "model": "core.participant",
    "pk": 1153,
    "fields": {
      "cohort": 12,
      "user": 1153,
      "role_in_cohort": "MENTEE",
      "display_name": "Harper Davis",
      "organization": "OrgE",
      "is_submitted": false,
      "submitted_at": null,
      "created_at": "2026-01-17T18:56:55Z",
      "updated_at": "2026-01-24T18:56:55Z"
    }
  },
  {
    "model": "core.participant",
    "pk": 1154,
    "fields": {
      "cohort": 12,
      "user": 1154,
      "role_in_cohort": "MENTEE",
      "display_name": "Indigo Rodriguez",
      "organization": "OrgD",
      "is_submitted": false,
      "submitted_at": null,
      "created_at": "2026-01-17T18:56:55Z",
      "updated_at": "2026-01-24T18:56:55Z"
    }
  },
  {
    "model": "core.participant",
    "pk": 1155,
    "fields": {
      "cohort": 12,
      "user": 1155,
      "role_in_cohort": "MENTEE",
      "display_name": "Drew Martinez",
      "organization": "OrgG",
      "is_submitted": true,
      "submitted_at": "2026-01-24T18:56:55Z",
      "created_at": "2026-01-17T18:56:55Z",
      "updated_at": "2026-01-24T18:56:55Z"
    }
  },
  {
    "model": "core.participant",
    "pk": 1156,
    "fields": {
      "cohort": 12,
      "user": 1156,
      "role_in_cohort": "MENTEE",
      "display_name": "Bailey Jones",
      "organization": "OrgC",
      "is_submitted": false,
      "submitted_at": null,
      "created_at": "2026-01-17T18:56:55Z",
      "updated_at": "2026-01-24T18:56:55Z"
    }
  },
  {
    "model": "core.participant",
    "pk": 1157,
    "fields": {
      "cohort": 12,
      "user": 1157,
      "role_in_cohort": "MENTEE",
      "display_name": "Finley Rodriguez",
      "organization": "OrgG",
      "is_submitted": false,
      "submitted_at": null,
      "created_at": "2026-01-17T18:56:55Z",
      "updated_at": "2026-01-24T18:56:55Z"
    }
  },
  {
    "model": "core.participant",
    "pk": 1158,
    "fields": {
      "cohort": 12,
      "user": 1158,
      "role_in_cohort": "MENTEE",
      "display_name": "Ellis Jones",
      "organization": "OrgA",
      "is_submitted": true,
      "submitted_at": "2026-01-24T18:56:55Z",
      "created_at": "2026-01-17T18:56:55Z",
      "updated_at": "2026-01-24T18:56:55Z"
    }
  },
  {
    "model": "core.participant",
    "pk": 1159,
    "fields": {
      "cohort": 12,
      "user": 1159,
      "role_in_cohort": "MENTEE",
      "display_name": "Casey Davis",
      "organization": "OrgH",
      "is_submitted": false,
      "submitted_at": null,
      "created_at": "2026-01-17T18:56:55Z",
      "updated_at": "2026-01-24T18:56:55Z"
    }
  },
  {
    "model": "core.participant",
    "pk": 1160,
    "fields": {
      "cohort": 12,
      "user": 1160,
      "role_in_cohort": "MENTEE",
      "display_name": "Finley Garcia",
      "organization": "OrgH",
      "is_submitted": false,
      "submitted_at": null,
      "created_at": "2026-01-17T18:56:55Z",
      "updated_at": "2026-01-24T18:56:55Z"
    }
  },
  {
    "model": "core.participant",
    "pk": 1161,
    "fields": {
      "cohort": 12,
      "user": 1161,
      "role_in_cohort": "MENTEE",
      "display_name": "Indigo Garcia",
      "organization": "OrgG",
      "is_submitted": false,
      "submitted_at": null,
      "created_at": "2026-01-17T18:56:55Z",
      "updated_at": "2026-01-24T18:56:55Z"
    }
  },
  {
    "model": "core.participant",
    "pk": 1162,
    "fields": {
      "cohort": 12,
      "user": 1162,
      "role_in_cohort": "MENTEE",
      "display_name": "Kai Miller",
      "organization": "OrgD",
      "is_submitted": true,
      "submitted_at": "2026-01-24T18:56:55Z",
      "created_at": "2026-01-17T18:56:55Z",
      "updated_at": "2026-01-24T18:56:55Z"
    }
  },
  {
    "model": "core.participant",
    "pk": 1163,
    "fields": {
      "cohort": 12,
      "user": 1163,
      "role_in_cohort": "MENTEE",
      "display_name": "Alex Garcia",
      "organization": "OrgG",
      "is_submitted": true,
      "submitted_at": "2026-01-24T18:56:55Z",
      "created_at": "2026-01-17T18:56:55Z",
      "updated_at": "2026-01-24T18:56:55Z"
    }
  },
  {
    "model": "core.participant",
    "pk": 1164,
    "fields": {
      "cohort": 12,
      "user": 1164,
      "role_in_cohort": "MENTEE",
      "display_name": "Harper Miller",
      "organization": "OrgH",
      "is_submitted": false,
      "submitted_at": null,
      "created_at": "2026-01-17T18:56:55Z",
      "updated_at": "2026-01-24T18:56:55Z"
    }
  },
  {
    "model": "core.participant",
    "pk": 1165,
    "fields": {
      "cohort": 12,
      "user": 1165,
      "role_in_cohort": "MENTEE",
      "display_name": "Indigo Smith",
      "organization": "OrgC",
      "is_submitted": false,
      "submitted_at": null,
      "created_at": "2026-01-17T18:56:55Z",
      "updated_at": "2026-01-24T18:56:55Z"
    }
  },
  {
    "model": "core.participant",
    "pk": 1166,
    "fields": {
      "cohort": 12,
      "user": 1166,
      "role_in_cohort": "MENTEE",
      "display_name": "Bailey Davis",
      "organization": "OrgF",
      "is_submitted": true,
      "submitted_at": "2026-01-24T18:56:55Z",
      "created_at": "2026-01-17T18:56:55Z",
      "updated_at": "2026-01-24T18:56:55Z"
    }
  },
  {
    "model": "core.participant",
    "pk": 1167,
    "fields": {
      "cohort": 12,
      "user": 1167,
      "role_in_cohort": "MENTEE",
      "display_name": "Alex Williams",
      "organization": "OrgH",
      "is_submitted": true,
      "submitted_at": "2026-01-24T18:56:55Z",
      "created_at": "2026-01-17T18:56:55Z",
      "updated_at": "2026-01-24T18:56:55Z"
    }
  },
  {
    "model": "core.participant",
    "pk": 1168,
    "fields": {
      "cohort": 12,
      "user": 1168,
      "role_in_cohort": "MENTEE",
      "display_name": "Bailey Davis",
      "organization": "OrgC",
      "is_submitted": false,
      "submitted_at": null,
      "created_at": "2026-01-17T18:56:55Z",
      "updated_at": "2026-01-24T18:56:55Z"
    }
  },
  {
    "model": "core.participant",
    "pk": 1169,
    "fields": {
      "cohort": 12,
      "user": 1169,
      "role_in_cohort": "MENTEE",
      "display_name": "Kai Miller",
      "organization": "OrgF",
      "is_submitted": true,
      "submitted_at": "2026-01-24T18:56:55Z",
      "created_at": "2026-01-17T18:56:55Z",
      "updated_at": "2026-01-24T18:56:55Z"
    }
  },
  {
    "model": "core.participant",
    "pk": 1170,
    "fields": {
      "cohort": 12,
      "user": 1170,
      "role_in_cohort": "MENTEE",
      "display_name": "Finley Rodriguez",
      "organization": "OrgB",
      "is_submitted": false,
      "submitted_at": null,
      "created_at": "2026-01-17T18:56:55Z",
      "updated_at": "2026-01-24T18:56:55Z"
    }
  },
  {
    "model": "core.participant",
    "pk": 1171,
    "fields": {
      "cohort": 12,
      "user": 1171,
      "role_in_cohort": "MENTEE",
      "display_name": "Indigo Rodriguez",
      "organization": "OrgF",
      "is_submitted": true,
      "submitted_at": "2026-01-24T18:56:55Z",
      "created_at": "2026-01-17T18:56:55Z",
      "updated_at": "2026-01-24T18:56:55Z"
    }
  },
  {
    "model": "core.participant",
    "pk": 1172,
    "fields": {
      "cohort": 12,
      "user": 1172,
      "role_in_cohort": "MENTEE",
      "display_name": "Drew Jones",
      "organization": "OrgB",
      "is_submitted": true,
      "submitted_at": "2026-01-24T18:56:55Z",
      "created_at": "2026-01-17T18:56:55Z",
      "updated_at": "2026-01-24T18:56:55Z"
    }
  },
  {
    "model": "core.participant",
    "pk": 1173,
    "fields": {
      "cohort": 12,
      "user": 1173,
      "role_in_cohort": "MENTEE",
      "display_name": "Harper Johnson",
      "organization": "OrgB",
      "is_submitted": true,
      "submitted_at": "2026-01-24T18:56:55Z",
      "created_at": "2026-01-17T18:56:55Z",
      "updated_at": "2026-01-24T18:56:55Z"
    }
  },
  {
    "model": "core.participant",
    "pk": 1174,
    "fields": {
      "cohort": 12,
      "user": 1174,
      "role_in_cohort": "MENTEE",
      "display_name": "Indigo Williams",
      "organization": "OrgB",
      "is_submitted": false,
      "submitted_at": null,
      "created_at": "2026-01-17T18:56:55Z",
      "updated_at": "2026-01-24T18:56:55Z"
    }
  },
  {
    "model": "matching.preference",
    "pk": 10213,
    "fields": {
      "from_participant": 1120,
      "to_participant": 1147,
      "rank": 1
    }
  },
  {
    "model": "matching.preference",
    "pk": 10214,
    "fields": {
      "from_participant": 1120,
      "to_participant": 1173,
      "rank": 2
    }
  },
  {
    "model": "matching.preference",
    "pk": 10215,
    "fields": {
      "from_participant": 1120,
      "to_participant": 1162,
      "rank": 3
    }
  },
  {
    "model": "matching.preference",
    "pk": 10216,
    "fields": {
      "from_participant": 1120,
      "to_participant": 1172,
      "rank": 4
    }
  },
  {
    "model": "matching.preference",
    "pk": 10217,
    "fields": {
      "from_participant": 1120,
      "to_participant": 1158,
      "rank": 5
    }
  },
  {
    "model": "matching.preference",
    "pk": 10218,
    "fields": {
      "from_participant": 1120,
      "to_participant": 1171,
      "rank": 6
    }
  },
  {
    "model": "matching.preference",
    "pk": 10219,
    "fields": {
      "from_participant": 1120,
      "to_participant": 1152,
      "rank": 7
    }
  },
  {
    "model": "matching.preference",
    "pk": 10220,
    "fields": {
      "from_participant": 1121,
      "to_participant": 1152,
      "rank": 1
    }
  },
  {
    "model": "matching.preference",
    "pk": 10221,
    "fields": {
      "from_participant": 1121,
      "to_participant": 1155,
      "rank": 2
    }
  },
  {
    "model": "matching.preference",
    "pk": 10222,
    "fields": {
      "from_participant": 1121,
      "to_participant": 1167,
      "rank": 3
    }
  },
  {
    "model": "matching.preference",
    "pk": 10223,
    "fields": {
      "from_participant": 1121,
      "to_participant": 1163,
      "rank": 4
    }
  },
  {
    "model": "matching.preference",
    "pk": 10224,
    "fields": {
      "from_participant": 1121,
      "to_participant": 1173,
      "rank": 5
    }
  },
  {
    "model": "matching.preference",
    "pk": 10225,
    "fields": {
      "from_participant": 1121,
      "to_participant": 1171,
      "rank": 6
    }
  },
  {
    "model": "matching.preference",
    "pk": 10226,
    "fields": {
      "from_participant": 1121,
      "to_participant": 1151,
      "rank": 7
    }
  },
  {
    "model": "matching.preference",
    "pk": 10227,
    "fields": {
      "from_participant": 1121,
      "to_participant": 1147,
      "rank": 8
    }
  },
  {
    "model": "matching.preference",
    "pk": 10228,
    "fields": {
      "from_participant": 1121,
      "to_participant": 1158,
      "rank": 9
    }
  },
  {
    "model": "matching.preference",
    "pk": 10229,
    "fields": {
      "from_participant": 1123,
      "to_participant": 1169,
      "rank": 1
    }
  },
  {
    "model": "matching.preference",
    "pk": 10230,
    "fields": {
      "from_participant": 1123,
      "to_participant": 1171,
      "rank": 2
    }
  },
  {
    "model": "matching.preference",
    "pk": 10231,
    "fields": {
      "from_participant": 1123,
      "to_participant": 1155,
      "rank": 3
    }
  },
  {
    "model": "matching.preference",
    "pk": 10232,
    "fields": {
      "from_participant": 1123,
      "to_participant": 1166,
      "rank": 4
    }
  },
  {
    "model": "matching.preference",
    "pk": 10233,
    "fields": {
      "from_participant": 1123,
      "to_participant": 1152,
      "rank": 5
    }
  },
  {
    "model": "matching.preference",
    "pk": 10234,
    "fields": {
      "from_participant": 1123,
      "to_participant": 1172,
      "rank": 6
    }
  },
  {
    "model": "matching.preference",
    "pk": 10235,
    "fields": {
      "from_participant": 1123,
      "to_participant": 1173,
      "rank": 7
    }
  },
  {
    "model": "matching.preference",
    "pk": 10236,
    "fields": {
      "from_participant": 1123,
      "to_participant": 1162,
      "rank": 8
    }
  },
  {
    "model": "matching.preference",
    "pk": 10237,
    "fields": {
      "from_participant": 1123,
      "to_participant": 1167,
      "rank": 9
    }
  },
  {
    "model": "matching.preference",
    "pk": 10238,
    "fields": {
      "from_participant": 1128,
      "to_participant": 1158,
      "rank": 1
    }
  },
  {
    "model": "matching.preference",
    "pk": 10239,
    "fields": {
      "from_participant": 1128,
      "to_participant": 1171,
      "rank": 2
    }
  },
  {
    "model": "matching.preference",
    "pk": 10240,
    "fields": {
      "from_participant": 1128,
      "to_participant": 1147,
      "rank": 3
    }
  },
  {
    "model": "matching.preference",
    "pk": 10241,
    "fields": {
      "from_participant": 1128,
      "to_participant": 1166,
      "rank": 4
    }
  },
  {
    "model": "matching.preference",
    "pk": 10242,
    "fields": {
      "from_participant": 1128,
      "to_participant": 1173,
      "rank": 5
    }
  },
  {
    "model": "matching.preference",
    "pk": 10243,
    "fields": {
      "from_participant": 1128,
      "to_participant": 1152,
      "rank": 6
    }
  },
  {
    "model": "matching.preference",
    "pk": 10244,
    "fields": {
      "from_participant": 1128,
      "to_participant": 1172,
      "rank": 7
    }
  },
  {
    "model": "matching.preference",
    "pk": 10245,
    "fields": {
      "from_participant": 1128,
      "to_participant": 1155,
      "rank": 8
    }
  },
  {
    "model": "matching.preference",
    "pk": 10246,
    "fields": {
      "from_participant": 1128,
      "to_participant": 1169,
      "rank": 9
    }
  },
  {
    "model": "matching.preference",
    "pk": 10247,
    "fields": {
      "from_participant": 1128,
      "to_participant": 1167,
      "rank": 10
    }
  },
  {
    "model": "matching.preference",
    "pk": 10248,
    "fields": {
      "from_participant": 1129,
      "to_participant": 1172,
      "rank": 1
    }
  },
  {
    "model": "matching.preference",
    "pk": 10249,
    "fields": {
      "from_participant": 1129,
      "to_participant": 1158,
      "rank": 2
    }
  },
  {
    "model": "matching.preference",
    "pk": 10250,
    "fields": {
      "from_participant": 1129,
      "to_participant": 1166,
      "rank": 3
    }
  },
  {
    "model": "matching.preference",
    "pk": 10251,
    "fields": {
      "from_participant": 1129,
      "to_participant": 1173,
      "rank": 4
    }
  },
  {
    "model": "matching.preference",
    "pk": 10252,
    "fields": {
      "from_participant": 1129,
      "to_participant": 1155,
      "rank": 5
    }
  },
  {
    "model": "matching.preference",
    "pk": 10253,
    "fields": {
      "from_participant": 1129,
      "to_participant": 1163,
      "rank": 6
    }
  },
  {
    "model": "matching.preference",
    "pk": 10254,
    "fields": {
      "from_participant": 1129,
      "to_participant": 1171,
      "rank": 7
    }
  },
  {
    "model": "matching.preference",
    "pk": 10255,
    "fields": {
      "from_participant": 1129,
      "to_participant": 1167,
      "rank": 8
    }
  },
  {
    "model": "matching.preference",
    "pk": 10256,
    "fields": {
      "from_participant": 1129,
      "to_participant": 1147,
      "rank": 9
    }
  },
  {
    "model": "matching.preference",
    "pk": 10257,
    "fields": {
      "from_participant": 1134,
      "to_participant": 1163,
      "rank": 1
    }
  },
  {
    "model": "matching.preference",
    "pk": 10258,
    "fields": {
      "from_participant": 1134,
      "to_participant": 1169,
      "rank": 2
    }
  },
  {
    "model": "matching.preference",
    "pk": 10259,
    "fields": {
      "from_participant": 1134,
      "to_participant": 1162,
      "rank": 3
    }
  },
  {
    "model": "matching.preference",
    "pk": 10260,
    "fields": {
      "from_participant": 1134,
      "to_participant": 1172,
      "rank": 4
    }
  },
  {
    "model": "matching.preference",
    "pk": 10261,
    "fields": {
      "from_participant": 1134,
      "to_participant": 1158,
      "rank": 5
    }
  },
  {
    "model": "matching.preference",
    "pk": 10262,
    "fields": {
      "from_participant": 1134,
      "to_participant": 1167,
      "rank": 6
    }
  },
  {
    "model": "matching.preference",
    "pk": 10263,
    "fields": {
      "from_participant": 1135,
      "to_participant": 1171,
      "rank": 1
    }
  },
  {
    "model": "matching.preference",
    "pk": 10264,
    "fields": {
      "from_participant": 1135,
      "to_participant": 1163,
      "rank": 2
    }
  },
  {
    "model": "matching.preference",
    "pk": 10265,
    "fields": {
      "from_participant": 1135,
      "to_participant": 1158,
      "rank": 3
    }
  },
  {
    "model": "matching.preference",
    "pk": 10266,
    "fields": {
      "from_participant": 1139,
      "to_participant": 1169,
      "rank": 1
    }
  },
  {
    "model": "matching.preference",
    "pk": 10267,
    "fields": {
      "from_participant": 1139,
      "to_participant": 1171,
      "rank": 2
    }
  },
  {
    "model": "matching.preference",
    "pk": 10268,
    "fields": {
      "from_participant": 1139,
      "to_participant": 1147,
      "rank": 3
    }
  },
  {
    "model": "matching.preference",
    "pk": 10269,
    "fields": {
      "from_participant": 1142,
      "to_participant": 1158,
      "rank": 1
    }
  },
  {
    "model": "matching.preference",
    "pk": 10270,
    "fields": {
      "from_participant": 1142,
      "to_participant": 1155,
      "rank": 2
    }
  },
  {
    "model": "matching.preference",
    "pk": 10271,
    "fields": {
      "from_participant": 1142,
      "to_participant": 1169,
      "rank": 3
    }
  },
  {
    "model": "matching.preference",
    "pk": 10272,
    "fields": {
      "from_participant": 1142,
      "to_participant": 1162,
      "rank": 4
    }
  },
  {
    "model": "matching.preference",
    "pk": 10273,
    "fields": {
      "from_participant": 1142,
      "to_participant": 1172,
      "rank": 5
    }
  },
  {
    "model": "matching.preference",
    "pk": 10274,
    "fields": {
      "from_participant": 1142,
      "to_participant": 1167,
      "rank": 6
    }
  },
  {
    "model": "matching.preference",
    "pk": 10275,
    "fields": {
      "from_participant": 1142,
      "to_participant": 1173,
      "rank": 7
    }
  },
  {
    "model": "matching.preference",
    "pk": 10276,
    "fields": {
      "from_participant": 1142,
      "to_participant": 1152,
      "rank": 8
    }
  },
  {
    "model": "matching.preference",
    "pk": 10277,
    "fields": {
      "from_participant": 1142,
      "to_participant": 1151,
      "rank": 9
    }
  },
  {
    "model": "matching.preference",
    "pk": 10278,
    "fields": {
      "from_participant": 1142,
      "to_participant": 1147,
      "rank": 10
    }
  },
  {
    "model": "matching.preference",
    "pk": 10279,
    "fields": {
      "from_participant": 1145,
      "to_participant": 1158,
      "rank": 1
    }
  },
  {
    "model": "matching.preference",
    "pk": 10280,
    "fields": {
      "from_participant": 1145,
      "to_participant": 1166,
      "rank": 2
    }
  },
  {
    "model": "matching.preference",
    "pk": 10281,
    "fields": {
      "from_participant": 1145,
      "to_participant": 1147,
      "rank": 3
    }
  },
  {
    "model": "matching.preference",
    "pk": 10282,
    "fields": {
      "from_participant": 1147,
      "to_participant": 1123,
      "rank": 1
    }
  },
  {
    "model": "matching.preference",
    "pk": 10283,
    "fields": {
      "from_participant": 1147,
      "to_participant": 1121,
      "rank": 2
    }
  },
  {
    "model": "matching.preference",
    "pk": 10284,
    "fields": {
      "from_participant": 1147,
      "to_participant": 1129,
      "rank": 3
    }
  },
  {
    "model": "matching.preference",
    "pk": 10285,
    "fields": {
      "from_participant": 1147,
      "to_participant": 1145,
      "rank": 4
    }
  },
  {
    "model": "matching.preference",
    "pk": 10286,
    "fields": {
      "from_participant": 1147,
      "to_participant": 1134,
      "rank": 5
    }
  },
  {
    "model": "matching.preference",
    "pk": 10287,
    "fields": {
      "from_participant": 1147,
      "to_participant": 1128,
      "rank": 6
    }
  },
  {
    "model": "matching.preference",
    "pk": 10288,
    "fields": {
      "from_participant": 1147,
      "to_participant": 1142,
      "rank": 7
    }
  },
  {
    "model": "matching.preference",
    "pk": 10289,
    "fields": {
      "from_participant": 1147,
      "to_participant": 1120,
      "rank": 8
    }
  },
  {
    "model": "matching.preference",
    "pk": 10290,
    "fields": {
      "from_participant": 1151,
      "to_participant": 1142,
      "rank": 1
    }
  },
  {
    "model": "matching.preference",
    "pk": 10291,
    "fields": {
      "from_participant": 1151,
      "to_participant": 1134,
      "rank": 2
    }
  },
  {
    "model": "matching.preference",
    "pk": 10292,
    "fields": {
      "from_participant": 1151,
      "to_participant": 1129,
      "rank": 3
    }
  },
  {
    "model": "matching.preference",
    "pk": 10293,
    "fields": {
      "from_participant": 1151,
      "to_participant": 1135,
      "rank": 4
    }
  },
  {
    "model": "matching.preference",
    "pk": 10294,
    "fields": {
      "from_participant": 1151,
      "to_participant": 1121,
      "rank": 5
    }
  },
  {
    "model": "matching.preference",
    "pk": 10295,
    "fields": {
      "from_participant": 1152,
      "to_participant": 1139,
      "rank": 1
    }
  },
  {
    "model": "matching.preference",
    "pk": 10296,
    "fields": {
      "from_participant": 1152,
      "to_participant": 1129,
      "rank": 2
    }
  },
  {
    "model": "matching.preference",
    "pk": 10297,
    "fields": {
      "from_participant": 1152,
      "to_participant": 1134,
      "rank": 3
    }
  },
  {
    "model": "matching.preference",
    "pk": 10298,
    "fields": {
      "from_participant": 1152,
      "to_participant": 1135,
      "rank": 4
    }
  },
  {
    "model": "matching.preference",
    "pk": 10299,
    "fields": {
      "from_participant": 1152,
      "to_participant": 1120,
      "rank": 5
    }
  },
  {
    "model": "matching.preference",
    "pk": 10300,
    "fields": {
      "from_participant": 1152,
      "to_participant": 1128,
      "rank": 6
    }
  },
  {
    "model": "matching.preference",
    "pk": 10301,
    "fields": {
      "from_participant": 1152,
      "to_participant": 1145,
      "rank": 7
    }
  },
  {
    "model": "matching.preference",
    "pk": 10302,
    "fields": {
      "from_participant": 1155,
      "to_participant": 1128,
      "rank": 1
    }
  },
  {
    "model": "matching.preference",
    "pk": 10303,
    "fields": {
      "from_participant": 1155,
      "to_participant": 1135,
      "rank": 2
    }
  },
  {
    "model": "matching.preference",
    "pk": 10304,
    "fields": {
      "from_participant": 1155,
      "to_participant": 1134,
      "rank": 3
    }
  },
  {
    "model": "matching.preference",
    "pk": 10305,
    "fields": {
      "from_participant": 1155,
      "to_participant": 1120,
      "rank": 4
    }
  },
  {
    "model": "matching.preference",
    "pk": 10306,
    "fields": {
      "from_participant": 1155,
      "to_participant": 1145,
      "rank": 5
    }
  },
  {
    "model": "matching.preference",
    "pk": 10307,
    "fields": {
      "from_participant": 1158,
      "to_participant": 1129,
      "rank": 1
    }
  },
  {
    "model": "matching.preference",
    "pk": 10308,
    "fields": {
      "from_participant": 1158,
      "to_participant": 1142,
      "rank": 2
    }
  },
  {
    "model": "matching.preference",
    "pk": 10309,
    "fields": {
      "from_participant": 1158,
      "to_participant": 1121,
      "rank": 3
    }
  },
  {
    "model": "matching.preference",
    "pk": 10310,
    "fields": {
      "from_participant": 1162,
      "to_participant": 1134,
      "rank": 1
    }
  },
  {
    "model": "matching.preference",
    "pk": 10311,
    "fields": {
      "from_participant": 1162,
      "to_participant": 1129,
      "rank": 2
    }
  },
  {
    "model": "matching.preference",
    "pk": 10312,
    "fields": {
      "from_participant": 1162,
      "to_participant": 1135,
      "rank": 3
    }
  },
  {
    "model": "matching.preference",
    "pk": 10313,
    "fields": {
      "from_participant": 1162,
      "to_participant": 1139,
      "rank": 4
    }
  },
  {
    "model": "matching.preference",
    "pk": 10314,
    "fields": {
      "from_participant": 1162,
      "to_participant": 1145,
      "rank": 5
    }
  },
  {
    "model": "matching.preference",
    "pk": 10315,
    "fields": {
      "from_participant": 1162,
      "to_participant": 1123,
      "rank": 6
    }
  },
  {
    "model": "matching.preference",
    "pk": 10316,
    "fields": {
      "from_participant": 1162,
      "to_participant": 1120,
      "rank": 7
    }
  },
  {
    "model": "matching.preference",
    "pk": 10317,
    "fields": {
      "from_participant": 1162,
      "to_participant": 1142,
      "rank": 8
    }
  },
  {
    "model": "matching.preference",
    "pk": 10318,
    "fields": {
      "from_participant": 1162,
      "to_participant": 1128,
      "rank": 9
    }
  },
  {
    "model": "matching.preference",
    "pk": 10319,
    "fields": {
      "from_participant": 1162,
      "to_participant": 1121,
      "rank": 10
    }
  },
  {
    "model": "matching.preference",
    "pk": 10320,
    "fields": {
      "from_participant": 1163,
      "to_participant": 1145,
      "rank": 1
    }
  },
  {
    "model": "matching.preference",
    "pk": 10321,
    "fields": {
      "from_participant": 1163,
      "to_participant": 1142,
      "rank": 2
    }
  },
  {
    "model": "matching.preference",
    "pk": 10322,
    "fields": {
      "from_participant": 1163,
      "to_participant": 1134,
      "rank": 3
    }
  },
  {
    "model": "matching.preference",
    "pk": 10323,
    "fields": {
      "from_participant": 1166,
      "to_participant": 1121,
      "rank": 1
    }
  },
  {
    "model": "matching.preference",
    "pk": 10324,
    "fields": {
      "from_participant": 1166,
      "to_participant": 1139,
      "rank": 2
    }
  },
  {
    "model": "matching.preference",
    "pk": 10325,
    "fields": {
      "from_participant": 1166,
      "to_participant": 1129,
      "rank": 3
    }
  },
  {
    "model": "matching.preference",
    "pk": 10326,
    "fields": {
      "from_participant": 1166,
      "to_participant": 1134,
      "rank": 4
    }
  },
  {
    "model": "matching.preference",
    "pk": 10327,
    "fields": {
      "from_participant": 1166,
      "to_participant": 1128,
      "rank": 5
    }
  },
  {
    "model": "matching.preference",
    "pk": 10328,
    "fields": {
      "from_participant": 1166,
      "to_participant": 1120,
      "rank": 6
    }
  },
  {
    "model": "matching.preference",
    "pk": 10329,
    "fields": {
      "from_participant": 1167,
      "to_participant": 1120,
      "rank": 1
    }
  },
  {
    "model": "matching.preference",
    "pk": 10330,
    "fields": {
      "from_participant": 1167,
      "to_participant": 1145,
      "rank": 2
    }
  },
  {
    "model": "matching.preference",
    "pk": 10331,
    "fields": {
      "from_participant": 1167,
      "to_participant": 1129,
      "rank": 3
    }
  },
  {
    "model": "matching.preference",
    "pk": 10332,
    "fields": {
      "from_participant": 1167,
      "to_participant": 1128,
      "rank": 4
    }
  },
  {
    "model": "matching.preference",
    "pk": 10333,
    "fields": {
      "from_participant": 1167,
      "to_participant": 1142,
      "rank": 5
    }
  },
  {
    "model": "matching.preference",
    "pk": 10334,
    "fields": {
      "from_participant": 1169,
      "to_participant": 1128,
      "rank": 1
    }
  },
  {
    "model": "matching.preference",
    "pk": 10335,
    "fields": {
      "from_participant": 1169,
      "to_participant": 1142,
      "rank": 2
    }
  },
  {
    "model": "matching.preference",
    "pk": 10336,
    "fields": {
      "from_participant": 1169,
      "to_participant": 1123,
      "rank": 3
    }
  },
  {
    "model": "matching.preference",
    "pk": 10337,
    "fields": {
      "from_participant": 1169,
      "to_participant": 1145,
      "rank": 4
    }
  },
  {
    "model": "matching.preference",
    "pk": 10338,
    "fields": {
      "from_participant": 1171,
      "to_participant": 1134,
      "rank": 1
    }
  },
  {
    "model": "matching.preference",
    "pk": 10339,
    "fields": {
      "from_participant": 1171,
      "to_participant": 1142,
      "rank": 2
    }
  },
  {
    "model": "matching.preference",
    "pk": 10340,
    "fields": {
      "from_participant": 1171,
      "to_participant": 1135,
      "rank": 3
    }
  },
  {
    "model": "matching.preference",
    "pk": 10341,
    "fields": {
      "from_participant": 1171,
      "to_participant": 1129,
      "rank": 4
    }
  },
  {
    "model": "matching.preference",
    "pk": 10342,
    "fields": {
      "from_participant": 1171,
      "to_participant": 1145,
      "rank": 5
    }
  },
  {
    "model": "matching.preference",
    "pk": 10343,
    "fields": {
      "from_participant": 1171,
      "to_participant": 1121,
      "rank": 6
    }
  },
  {
    "model": "matching.preference",
    "pk": 10344,
    "fields": {
      "from_participant": 1171,
      "to_participant": 1128,
      "rank": 7
    }
  },
  {
    "model": "matching.preference",
    "pk": 10345,
    "fields": {
      "from_participant": 1171,
      "to_participant": 1123,
      "rank": 8
    }
  },
  {
    "model": "matching.preference",
    "pk": 10346,
    "fields": {
      "from_participant": 1171,
      "to_participant": 1120,
      "rank": 9
    }
  },
  {
    "model": "matching.preference",
    "pk": 10347,
    "fields": {
      "from_participant": 1171,
      "to_participant": 1139,
      "rank": 10
    }
  },
  {
    "model": "matching.preference",
    "pk": 10348,
    "fields": {
      "from_participant": 1172,
      "to_participant": 1129,
      "rank": 1
    }
  },
  {
    "model": "matching.preference",
    "pk": 10349,
    "fields": {
      "from_participant": 1172,
      "to_participant": 1120,
      "rank": 2
    }
  },
  {
    "model": "matching.preference",
    "pk": 10350,
    "fields": {
      "from_participant": 1172,
      "to_participant": 1134,
      "rank": 3
    }
  },
  {
    "model": "matching.preference",
    "pk": 10351,
    "fields": {
      "from_participant": 1172,
      "to_participant": 1121,
      "rank": 4
    }
  },
  {
    "model": "matching.preference",
    "pk": 10352,
    "fields": {
      "from_participant": 1172,
      "to_participant": 1128,
      "rank": 5
    }
  },
  {
    "model": "matching.preference",
    "pk": 10353,
    "fields": {
      "from_participant": 1172,
      "to_participant": 1139,
      "rank": 6
    }
  },
  {
    "model": "matching.preference",
    "pk": 10354,
    "fields": {
      "from_participant": 1172,
      "to_participant": 1135,
      "rank": 7
    }
  },
  {
    "model": "matching.preference",
    "pk": 10355,
    "fields": {
      "from_participant": 1172,
      "to_participant": 1145,
      "rank": 8
    }
  },
  {
    "model": "matching.preference",
    "pk": 10356,
    "fields": {
      "from_participant": 1172,
      "to_participant": 1142,
      "rank": 9
    }
  },
  {
    "model": "matching.preference",
    "pk": 10357,
    "fields": {
      "from_participant": 1173,
      "to_participant": 1142,
      "rank": 1
    }
  },
  {
    "model": "matching.preference",
    "pk": 10358,
    "fields": {
      "from_participant": 1173,
      "to_participant": 1134,
      "rank": 2
    }
  },
  {
    "model": "matching.preference",
    "pk": 10359,
    "fields": {
      "from_participant": 1173,
      "to_participant": 1120,
      "rank": 3
    }
  },
  {
    "model": "matching.preference",
    "pk": 10360,
    "fields": {
      "from_participant": 1173,
      "to_participant": 1128,
      "rank": 4
    }
  },
  {
    "model": "matching.preference",
    "pk": 10361,
    "fields": {
      "from_participant": 1173,
      "to_participant": 1123,
      "rank": 5
    }
  },
  {
    "model": "matching.preference",
    "pk": 10362,
    "fields": {
      "from_participant": 1173,
      "to_participant": 1121,
      "rank": 6
    }
  },
  {
    "model": "matching.preference",
    "pk": 10363,
    "fields": {
      "from_participant": 1173,
      "to_participant": 1139,
      "rank": 7
    }
  },
  {
    "model": "matching.preference",
    "pk": 10364,
    "fields": {
      "from_participant": 1173,
      "to_participant": 1129,
      "rank": 8
    }
  }
]