[
  {
    "model": "core.cohort",
    "pk": 2,
    "fields": {
      "name": "E2 High Contention (N=30, k=3)",
      "status": "OPEN",
      "created_at": "2026-01-01T18:56:55Z"
    }
  },
  {
    "model": "auth.user",
    "pk": 101,
    "fields": {
      "username": "mentor101",
      "first_name": "Bailey",
      "last_name": "Smith",
      "email": "mentor101@example.com",
      "password": "pbkdf2_sha256$600000$test$test==",
      "is_staff": false,
      "is_active": true,
      "is_superuser": false,
      "date_joined": "2026-01-01T18:56:55Z"
    }
  },
  {
    "model": "auth.user",
    "pk": 102,
    "fields": {
      "username": "mentor102",
      "first_name": "Ellis",
      "last_name": "Brown",
      "email": "mentor102@example.com",
      "password": "pbkdf2_sha256$600000$test$test==",
      "is_staff": false,
      "is_active": true,
      "is_superuser": false,
      "date_joined": "2026-01-01T18:56:55Z"
    }
  },
  {
    "model": "auth.user",
    "pk": 103,
    "fields": {
      "username": "mentor103",
      "first_name": "Drew",
      "last_name": "Williams",
      "email": "mentor103@example.com",
      "password": "pbkdf2_sha256$600000$test$test==",
      "is_staff": false,
      "is_active": true,
      "is_superuser": false,
      "date_joined": "2026-01-01T18:56:55Z"
    }
  },
  {
    "model": "auth.user",
    "pk": 104,
    "fields": {
      "username": "mentor104",
      "first_name": "Bailey",
      "last_name": "Rodriguez",
      "email": "mentor104@example.com",
      "password": "pbkdf2_sha256$600000$test$test==",
      "is_staff": false,
      "is_active": true,
      "is_superuser": false,
      "date_joined": "2026-01-01T18:56:55Z"
    }
  },
  {
    "model": "auth.user",
    "pk": 105,
    "fields": {
      "username": "mentor105",
      "first_name": "Bailey",
      "last_name": "Martinez",
      "email": "mentor105@example.com",
      "password": "pbkdf2_sha256$600000$test$test==",
      "is_staff": false,
      "is_active": true,
      "is_superuser": false,
      "date_joined": "2026-01-01T18:56:55Z"
    }
  },
  {
    "model": "auth.user",
    "pk": 106,
    "fields": {
      "username": "mentor106",
      "first_name": "Harper",
      "last_name": "Smith",
      "email": "mentor106@example.com",
      "password": "pbkdf2_sha256$600000$test$test==",
      "is_staff": false,
      "is_active": true,
      "is_superuser": false,
      "date_joined": "2026-01-01T18:56:55Z"
    }
  },
  {
    "model": "auth.user",
    "pk": 107,
    "fields": {
      "username": "mentor107",
      "first_name": "Alex",
      "last_name": "Johnson",
      "email": "mentor107@example.com",
      "password": "pbkdf2_sha256$600000$test$test==",
      "is_staff": false,
      "is_active": true,
      "is_superuser": false,
      "date_joined": "2026-01-01T18:56:55Z"
    }
  },
  {
    "model": "auth.user",
    "pk": 108,
    "fields": {
      "username": "mentor108",
      "first_name": "Drew",
      "last_name": "Brown",
      "email": "mentor108@example.com",
      "password": "pbkdf2_sha256$600000$test$test==",
      "is_staff": false,
      "is_active": true,
      "is_superuser": false,
      "date_joined": "2026-01-01T18:56:55Z"
    }
  },
  {
    "model": "auth.user",
    "pk": 109,
    "fields": {
      "username": "mentor109",
      "first_name": "Jordan",
      "last_name": "Martinez",
      "email": "mentor109@example.com",
      "password": "pbkdf2_sha256$600000$test$test==",
      "is_staff": false,
      "is_active": true,
      "is_superuser": false,
      "date_joined": "2026-01-01T18:56:55Z"
    }
  },
  {
    "model": "auth.user",
    "pk": 110,
    "fields": {
      "username": "mentor110",
      "first_name": "Alex",
      "last_name": "Rodriguez",
      "email": "mentor110@example.com",
      "password": "pbkdf2_sha256$600000$test$test==",
      "is_staff": false,
      "is_active": true,
      "is_superuser": false,
      "date_joined": "2026-01-01T18:56:55Z"
    }
  },
  {
    "model": "auth.user",
    "pk": 111,
    "fields": {
      "username": "mentor111",
      "first_name": "Drew",
      "last_name": "Rodriguez",
      "email": "mentor111@example.com",
      "password": "pbkdf2_sha256$600000$test$test==",
      "is_staff": false,
      "is_active": true,
      "is_superuser": false,
      "date_joined": "2026-01-01T18:56:55Z"
    }
  },
  {
    "model": "auth.user",
    "pk": 112,
    "fields": {
      "username": "mentor112",
      "first_name": "Harper",
      "last_name": "Brown",
      "email": "mentor112@example.com",
      "password": "pbkdf2_sha256$600000$test$test==",
      "is_staff": false,
      "is_active": true,
      "is_superuser": false,
      "date_joined": "2026-01-01T18:56:55Z"
    }
  },
  {
    "model": "auth.user",
    "pk": 113,
    "fields": {
      "username": "mentor113",
      "first_name": "Indigo",
      "last_name": "Martinez",
      "email": "mentor113@example.com",
      "password": "pbkdf2_sha256$600000$test$test==",
      "is_staff": false,
      "is_active": true,
      "is_superuser": false,
      "date_joined": "2026-01-01T18:56:55Z"
    }
  },
  {
    "model": "auth.user",
    "pk": 114,
    "fields": {
      "username": "mentor114",
      "first_name": "Ellis",
      "last_name": "Smith",
      "email": "mentor114@example.com",
      "password": "pbkdf2_sha256$600000$test$test==",
      "is_staff": false,
      "is_active": true,
      "is_superuser": false,
      "date_joined": "2026-01-01T18:56:55Z"
    }
  },
  {
    "model": "auth.user",
    "pk": 115,
    "fields": {
      "username": "mentor115",
      "first_name": "Casey",
      "last_name": "Miller",
      "email": "mentor115@example.com",
      "password": "pbkdf2_sha256$600000$test$test==",
      "is_staff": false,
      "is_active": true,
      "is_superuser": false,
      "date_joined": "2026-01-01T18:56:55Z"
    }
  },
  {
    "model": "auth.user",
    "pk": 116,
    "fields": {
      "username": "mentor116",
      "first_name": "Finley",
      "last_name": "Jones",
      "email": "mentor116@example.com",
      "password": "pbkdf2_sha256$600000$test$test==",
      "is_staff": false,
      "is_active": true,
      "is_superuser": false,
      "date_joined": "2026-01-01T18:56:55Z"
    }
  },
  {
    "model": "auth.user",
    "pk": 117,
    "fields": {
      "username": "mentor117",
      "first_name": "Casey",
      "last_name": "Brown",
      "email": "mentor117@example.com",
      "password": "pbkdf2_sha256$600000$test$test==",
      "is_staff": false,
      "is_active": true,
      "is_superuser": false,
      "date_joined": "2026-01-01T18:56:55Z"
    }
  },
  {
    "model": "auth.user",
    "pk": 118,
    "fields": {
      "username": "mentor118",
      "first_name": "Finley",
      "last_name": "Johnson",
      "email": "mentor118@example.com",
      "password": "pbkdf2_sha256$600000$test$test==",
      "is_staff": false,
      "is_active": true,
      "is_superuser": false,
      "date_joined": "2026-01-01T18:56:55Z"
    }
  },
  {
    "model": "auth.user",
    "pk": 119,
    "fields": {
      "username": "mentor119",
      "first_name": "Bailey",
      "last_name": "Miller",
      "email": "mentor119@example.com",
      "password": "pbkdf2_sha256$600000$test$test==",
      "is_staff": false,
      "is_active": true,
      "is_superuser": false,
      "date_joined": "2026-01-01T18:56:55Z"
    }
  },
  {
    "model": "auth.user",
    "pk": 120,
    "fields": {
      "username": "mentor120",
      "first_name": "Bailey",
      "last_name": "Garcia",
      "email": "mentor120@example.com",
      "password": "pbkdf2_sha256$600000$test$test==",
      "is_staff": false,
      "is_active": true,
      "is_superuser": false,
      "date_joined": "2026-01-01T18:56:55Z"
    }
  },
  {
    "model": "auth.user",
    "pk": 121,
    "fields": {
      "username": "mentor121",
      "first_name": "Finley",
      "last_name": "Martinez",
      "email": "mentor121@example.com",
      "password": "pbkdf2_sha256$600000$test$test==",
      "is_staff": false,
      "is_active": true,
      "is_superuser": false,
      "date_joined": "2026-01-01T18:56:55Z"
    }
  },
  {
    "model": "auth.user",
    "pk": 122,
    "fields": {
      "username": "mentor122",
      "first_name": "Ellis",
      "last_name": "Smith",
      "email": "mentor122@example.com",
      "password": "pbkdf2_sha256$600000$test$test==",
      "is_staff": false,
      "is_active": true,
      "is_superuser": false,
      "date_joined": "2026-01-01T18:56:55Z"
    }
  },
  {
    "model": "auth.user",
    "pk": 123,
    "fields": {
      "username": "mentor123",
      "first_name": "Indigo",
      "last_name": "Rodriguez",
      "email": "mentor123@example.com",
      "password": "pbkdf2_sha256$600000$test$test==",
      "is_staff": false,
      "is_active": true,
      "is_superuser": false,
      "date_joined": "2026-01-01T18:56:55Z"
    }
  },
  {
    "model": "auth.user",
    "pk": 124,
    "fields": {
      "username": "mentor124",
      "first_name": "Bailey",
      "last_name": "Miller",
      "email": "mentor124@example.com",
      "password": "pbkdf2_sha256$600000$test$test==",
      "is_staff": false,
      "is_active": true,
      "is_superuser": false,
      "date_joined": "2026-01-01T18:56:55Z"
    }
  },
  {
    "model": "auth.user",
    "pk": 125,
    "fields": {
      "username": "mentor125",
      "first_name": "Bailey",
      "last_name": "Rodriguez",
      "email": "mentor125@example.com",
      "password": "pbkdf2_sha256$600000$test$test==",
      "is_staff": false,
      "is_active": true,
      "is_superuser": false,
      "date_joined": "2026-01-01T18:56:55Z"
    }
  },
  {
    "model": "auth.user",
    "pk": 126,
    "fields": {
      "username": "mentor126",
      "first_name": "Ellis",
      "last_name": "Martinez",
      "email": "mentor126@example.com",
      "password": "pbkdf2_sha256$600000$test$test==",
      "is_staff": false,
      "is_active": true,
      "is_superuser": false,
      "date_joined": "2026-01-01T18:56:55Z"
    }
  },
  {
    "model": "auth.user",
    "pk": 127,
    "fields": {
      "username": "mentor127",
      "first_name": "Finley",
      "last_name": "Martinez",
      "email": "mentor127@example.com",
      "password": "pbkdf2_sha256$600000$test$test==",
      "is_staff": false,
      "is_active": true,
      "is_superuser": false,
      "date_joined": "2026-01-01T18:56:55Z"
    }
  },
  {
    "model": "auth.user",
    "pk": 128,
    "fields": {
      "username": "mentor128",
      "first_name": "Drew",
      "last_name": "Johnson",
      "email": "mentor128@example.com",
      "password": "pbkdf2_sha256$600000$test$test==",
      "is_staff": false,
      "is_active": true,
      "is_superuser": false,
      "date_joined": "2026-01-01T18:56:55Z"
    }
  },
  {
    "model": "auth.user",
    "pk": 129,
    "fields": {
      "username": "mentor129",
      "first_name": "Alex",
      "last_name": "Brown",
      "email": "mentor129@example.com",
      "password": "pbkdf2_sha256$600000$test$test==",
      "is_staff": false,
      "is_active": true,
      "is_superuser": false,
      "date_joined": "2026-01-01T18:56:55Z"
    }
  },
  {
    "model": "auth.user",
    "pk": 130,
    "fields": {
      "username": "mentor130",
      "first_name": "Ellis",
      "last_name": "Johnson",
      "email": "mentor130@example.com",
      "password": "pbkdf2_sha256$600000$test$test==",
      "is_staff": false,
      "is_active": true,
      "is_superuser": false,
      "date_joined": "2026-01-01T18:56:55Z"
    }
  },
  {
    "model": "auth.user",
    "pk": 131,
    "fields": {
      "username": "mentee131",
      "first_name": "Drew",
      "last_name": "Johnson",
      "email": "mentee131@example.com",
      "password": "pbkdf2_sha256$600000$test$test==",
      "is_staff": false,
      "is_active": true,
      "is_superuser": false,
      "date_joined": "2026-01-01T18:56:55Z"
    }
  },
  {
    "model": "auth.user",
    "pk": 132,
    "fields": {
      "username": "mentee132",
      "first_name": "Harper",
      "last_name": "Jones",
      "email": "mentee132@example.com",
      "password": "pbkdf2_sha256$600000$test$test==",
      "is_staff": false,
      "is_active": true,
      "is_superuser": false,
      "date_joined": "2026-01-01T18:56:55Z"
    }
  },
  {
    "model": "auth.user",
    "pk": 133,
    "fields": {
      "username": "mentee133",
      "first_name": "Indigo",
      "last_name": "Garcia",
      "email": "mentee133@example.com",
      "password": "pbkdf2_sha256$600000$test$test==",
      "is_staff": false,
      "is_active": true,
      "is_superuser": false,
      "date_joined": "2026-01-01T18:56:55Z"
    }
  },
  {
    "model": "auth.user",
    "pk": 134,
    "fields": {
      "username": "mentee134",
      "first_name": "Casey",
      "last_name": "Garcia",
      "email": "mentee134@example.com",
      "password": "pbkdf2_sha256$600000$test$test==",
      "is_staff": false,
      "is_active": true,
      "is_superuser": false,
      "date_joined": "2026-01-01T18:56:55Z"
    }
  },
  {
    "model": "auth.user",
    "pk": 135,
    "fields": {
      "username": "mentee135",
      "first_name": "Finley",
      "last_name": "Brown",
      "email": "mentee135@example.com",
      "password": "pbkdf2_sha256$600000$test$test==",
      "is_staff": false,
      "is_active": true,
      "is_superuser": false,
      "date_joined": "2026-01-01T18:56:55Z"
    }
  },
  {
    "model": "auth.user",
    "pk": 136,
    "fields": {
      "username": "mentee136",
      "first_name": "Ellis",
      "last_name": "Johnson",
      "email": "mentee136@example.com",
      "password": "pbkdf2_sha256$600000$test$test==",
      "is_staff": false,
      "is_active": true,
      "is_superuser": false,
      "date_joined": "2026-01-01T18:56:55Z"
    }
  },
  {
    "model": "auth.user",
    "pk": 137,
    "fields": {
      "username": "mentee137",
      "first_name": "Kai",
      "last_name": "Williams",
      "email": "mentee137@example.com",
      "password": "pbkdf2_sha256$600000$test$test==",
      "is_staff": false,
      "is_active": true,
      "is_superuser": false,
      "date_joined": "2026-01-01T18:56:55Z"
    }
  },
  {
    "model": "auth.user",
    "pk": 138,
    "fields": {
      "username": "mentee138",
      "first_name": "Jordan",
      "last_name": "Brown",
      "email": "mentee138@example.com",
      "password": "pbkdf2_sha256$600000$test$test==",
      "is_staff": false,
      "is_active": true,
      "is_superuser": false,
      "date_joined": "2026-01-01T18:56:55Z"
    }
  },
  {
    "model": "auth.user",
    "pk": 139,
    "fields": {
      "username": "mentee139",
      "first_name": "Casey",
      "last_name": "Davis",
      "email": "mentee139@example.com",
      "password": "pbkdf2_sha256$600000$test$test==",
      "is_staff": false,
      "is_active": true,
      "is_superuser": false,
      "date_joined": "2026-01-01T18:56:55Z"
    }
  },
  {
    "model": "auth.user",
    "pk": 140,
    "fields": {
      "username": "mentee140",
      "first_name": "Harper",
      "last_name": "Jones",
      "email": "mentee140@example.com",
      "password": "pbkdf2_sha256$600000$test$test==",
      "is_staff": false,
      "is_active": true,
      "is_superuser": false,
      "date_joined": "2026-01-01T18:56:55Z"
    }
  },
  {
    "model": "auth.user",
    "pk": 141,
    "fields": {
      "username": "mentee141",
      "first_name": "Jordan",
      "last_name": "Brown",
      "email": "mentee141@example.com",
      "password": "pbkdf2_sha256$600000$test$test==",
      "is_staff": false,
      "is_active": true,
      "is_superuser": false,
      "date_joined": "2026-01-01T18:56:55Z"
    }
  },
  {
    "model": "auth.user",
    "pk": 142,
    "fields": {
      "username": "mentee142",
      "first_name": "Finley",
      "last_name": "Smith",
      "email": "mentee142@example.com",
      "password": "pbkdf2_sha256$600000$test$test==",
      "is_staff": false,
      "is_active": true,
      "is_superuser": false,
      "date_joined": "2026-01-01T18:56:55Z"
    }
  },
  {
    "model": "auth.user",
    "pk": 143,
    "fields": {
      "username": "mentee143",
      "first_name": "Drew",
      "last_name": "Smith",
      "email": "mentee143@example.com",
      "password": "pbkdf2_sha256$600000$test$test==",
      "is_staff": false,
      "is_active": true,
      "is_superuser": false,
      "date_joined": "2026-01-01T18:56:55Z"
    }
  },
  {
    "model": "auth.user",
    "pk": 144,
    "fields": {
      "username": "mentee144",
      "first_name": "Finley",
      "last_name": "Miller",
      "email": "mentee144@example.com",
      "password": "pbkdf2_sha256$600000$test$test==",
      "is_staff": false,
      "is_active": true,
      "is_superuser": false,
      "date_joined": "2026-01-01T18:56:55Z"
    }
  },
  {
    "model": "auth.user",
    "pk": 145,
    "fields": {
      "username": "mentee145",
      "first_name": "Ellis",
      "last_name": "Johnson",
      "email": "mentee145@example.com",
      "password": "pbkdf2_sha256$600000$test$test==",
      "is_staff": false,
      "is_active": true,
      "is_superuser": false,
      "date_joined": "2026-01-01T18:56:55Z"
    }
  },
  {
    "model": "auth.user",
    "pk": 146,
    "fields": {
      "username": "mentee146",
      "first_name": "Drew",
      "last_name": "Martinez",
      "email": "mentee146@example.com",
      "password": "pbkdf2_sha256$600000$test$test==",
      "is_staff": false,
      "is_active": true,
      "is_superuser": false,
      "date_joined": "2026-01-01T18:56:55Z"
    }
  },
  {
    "model": "auth.user",
    "pk": 147,
    "fields": {
      "username": "mentee147",
      "first_name": "Finley",
      "last_name": "Brown",
      "email": "mentee147@example.com",
      "password": "pbkdf2_sha256$600000$test$test==",
      "is_staff": false,
      "is_active": true,
      "is_superuser": false,
      "date_joined": "2026-01-01T18:56:55Z"
    }
  },
  {
    "model": "auth.user",
    "pk": 148,
    "fields": {
      "username": "mentee148",
      "first_name": "Indigo",
      "last_name": "Miller",
      "email": "mentee148@example.com",
      "password": "pbkdf2_sha256$600000$test$test==",
      "is_staff": false,
      "is_active": true,
      "is_superuser": false,
      "date_joined": "2026-01-01T18:56:55Z"
    }
  },
  {
    "model": "auth.user",
    "pk": 149,
    "fields": {
      "username": "mentee149",
      "first_name": "Indigo",
      "last_name": "Williams",
      "email": "mentee149@example.com",
      "password": "pbkdf2_sha256$600000$test$test==",
      "is_staff": false,
      "is_active": true,
      "is_superuser": false,
      "date_joined": "2026-01-01T18:56:55Z"
    }
  },
  {
    "model": "auth.user",
    "pk": 150,
    "fields": {
      "username": "mentee150",
      "first_name": "Ellis",
      "last_name": "Williams",
      "email": "mentee150@example.com",
      "password": "pbkdf2_sha256$600000$test$test==",
      "is_staff": false,
      "is_active": true,
      "is_superuser": false,
      "date_joined": "2026-01-01T18:56:55Z"
    }
  },
  {
    "model": "auth.user",
    "pk": 151,
    "fields": {
      "username": "mentee151",
      "first_name": "Drew",
      "last_name": "Rodriguez",
      "email": "mentee151@example.com",
      "password": "pbkdf2_sha256$600000$test$test==",
      "is_staff": false,
      "is_active": true,
      "is_superuser": false,
      "date_joined": "2026-01-01T18:56:55Z"
    }
  },
  {
    "model": "auth.user",
    "pk": 152,
    "fields": {
      "username": "mentee152",
      "first_name": "Jordan",
      "last_name": "Jones",
      "email": "mentee152@example.com",
      "password": "pbkdf2_sha256$600000$test$test==",
      "is_staff": false,
      "is_active": true,
      "is_superuser": false,
      "date_joined": "2026-01-01T18:56:55Z"
    }
  },
  {
    "model": "auth.user",
    "pk": 153,
    "fields": {
      "username": "mentee153",
      "first_name": "Kai",
      "last_name": "Miller",
      "email": "mentee153@example.com",
      "password": "pbkdf2_sha256$600000$test$test==",
      "is_staff": false,
      "is_active": true,
      "is_superuser": false,
      "date_joined": "2026-01-01T18:56:55Z"
    }
  },
  {
    "model": "auth.user",
    "pk": 154,
    "fields": {
      "username": "mentee154",
      "first_name": "Kai",
      "last_name": "Miller",
      "email": "mentee154@example.com",
      "password": "pbkdf2_sha256$600000$test$test==",
      "is_staff": false,
      "is_active": true,
      "is_superuser": false,
      "date_joined": "2026-01-01T18:56:55Z"
    }
  },
  {
    "model": "auth.user",
    "pk": 155,
    "fields": {
      "username": "mentee155",
      "first_name": "Finley",
      "last_name": "Brown",
      "email": "mentee155@example.com",
      "password": "pbkdf2_sha256$600000$test$test==",
      "is_staff": false,
      "is_active": true,
      "is_superuser": false,
      "date_joined": "2026-01-01T18:56:55Z"
    }
  },
  {
    "model": "auth.user",
    "pk": 156,
    "fields": {
      "username": "mentee156",
      "first_name": "Casey",
      "last_name": "Rodriguez",
      "email": "mentee156@example.com",
      "password": "pbkdf2_sha256$600000$test$test==",
      "is_staff": false,
      "is_active": true,
      "is_superuser": false,
      "date_joined": "2026-01-01T18:56:55Z"
    }
  },
  {
    "model": "auth.user",
    "pk": 157,
    "fields": {
      "username": "mentee157",
      "first_name": "Indigo",
      "last_name": "Johnson",
      "email": "mentee157@example.com",
      "password": "pbkdf2_sha256$600000$test$test==",
      "is_staff": false,
      "is_active": true,
      "is_superuser": false,
      "date_joined": "2026-01-01T18:56:55Z"
    }
  },
  {
    "model": "auth.user",
    "pk": 158,
    "fields": {
      "username": "mentee158",
      "first_name": "Alex",
      "last_name": "Johnson",
      "email": "mentee158@example.com",
      "password": "pbkdf2_sha256$600000$test$test==",
      "is_staff": false,
      "is_active": true,
      "is_superuser": false,
      "date_joined": "2026-01-01T18:56:55Z"
    }
  },
  {
    "model": "auth.user",
    "pk": 159,
    "fields": {
      "username": "mentee159",
      "first_name": "Casey",
      "last_name": "Williams",
      "email": "mentee159@example.com",
      "password": "pbkdf2_sha256$600000$test$test==",
      "is_staff": false,
      "is_active": true,
      "is_superuser": false,
      "date_joined": "2026-01-01T18:56:55Z"
    }
  },
  {
    "model": "auth.user",
    "pk": 160,
    "fields": {
      "username": "mentee160",
      "first_name": "Harper",
      "last_name": "Martinez",
      "email": "mentee160@example.com",
      "password": "pbkdf2_sha256$600000$test$test==",
      "is_staff": false,
      "is_active": true,
      "is_superuser": false,
      "date_joined": "2026-01-01T18:56:55Z"
    }
  },
  {
    "model": "core.participant",
    "pk": 101,
    "fields": {
      "cohort": 2,
      "user": 101,
      "role_in_cohort": "MENTOR",
      "display_name": "Harper Miller",
      "organization": "OrgB",
      "is_submitted": true,
      "submitted_at": "2026-01-24T18:56:55Z",
      "created_at": "2026-01-17T18:56:55Z",
      "updated_at": "2026-01-24T18:56:55Z"
    }
  },
  {
    "model": "core.participant",
    "pk": 102,
    "fields": {
      "cohort": 2,
      "user": 102,
      "role_in_cohort": "MENTOR",
      "display_name": "Jordan Jones",
      "organization": "OrgH",
      "is_submitted": true,
      "submitted_at": "2026-01-24T18:56:55Z",
      "created_at": "2026-01-17T18:56:55Z",
      "updated_at": "2026-01-24T18:56:55Z"
    }
  },
  {
    "model": "core.participant",
    "pk": 103,
    "fields": {
      "cohort": 2,
      "user": 103,
      "role_in_cohort": "MENTOR",
      "display_name": "Bailey Rodriguez",
      "organization": "OrgA",
      "is_submitted": true,
      "submitted_at": "2026-01-24T18:56:55Z",
      "created_at": "2026-01-17T18:56:55Z",
      "updated_at": "2026-01-24T18:56:55Z"
    }
  },
  {
    "model": "core.participant",
    "pk": 104,
    "fields": {
      "cohort": 2,
      "user": 104,
      "role_in_cohort": "MENTOR",
      "display_name": "Finley Johnson",
      "organization": "OrgE",
      "is_submitted": true,
      "submitted_at": "2026-01-24T18:56:55Z",
      "created_at": "2026-01-17T18:56:55Z",
      "updated_at": "2026-01-24T18:56:55Z"
    }
  },
  {
    "model": "core.participant",
    "pk": 105,
    "fields": {
      "cohort": 2,
      "user": 105,
      "role_in_cohort": "MENTOR",
      "display_name": "Harper Williams",
      "organization": "OrgE",
      "is_submitted": true,
      "submitted_at": "2026-01-24T18:56:55Z",
      "created_at": "2026-01-17T18:56:55Z",
      "updated_at": "2026-01-24T18:56:55Z"
    }
  },
  {
    "model": "core.participant",
    "pk": 106,
    "fields": {
      "cohort": 2,
      "user": 106,
      "role_in_cohort": "MENTOR",
      "display_name": "Alex Jones",
      "organization": "OrgH",
      "is_submitted": true,
      "submitted_at": "2026-01-24T18:56:55Z",
      "created_at": "2026-01-17T18:56:55Z",
      "updated_at": "2026-01-24T18:56:55Z"
    }
  },
  {
    "model": "core.participant",
    "pk": 107,
    "fields": {
      "cohort": 2,
      "user": 107,
      "role_in_cohort": "MENTOR",
      "display_name": "Jordan Johnson",
      "organization": "OrgC",
      "is_submitted": true,
      "submitted_at": "2026-01-24T18:56:55Z",
      "created_at": "2026-01-17T18:56:55Z",
      "updated_at": "2026-01-24T18:56:55Z"
    }
  },
  {
    "model": "core.participant",
    "pk": 108,
    "fields": {
      "cohort": 2,
      "user": 108,
      "role_in_cohort": "MENTOR",
      "display_name": "Jordan Martinez",
      "organization": "OrgE",
      "is_submitted": true,
      "submitted_at": "2026-01-24T18:56:55Z",
      "created_at": "2026-01-17T18:56:55Z",
      "updated_at": "2026-01-24T18:56:55Z"
    }
  },
  {
    "model": "core.participant",
    "pk": 109,
    "fields": {
      "cohort": 2,
      "user": 109,
      "role_in_cohort": "MENTOR",
      "display_name": "Casey Garcia",
      "organization": "OrgD",
      "is_submitted": true,
      "submitted_at": "2026-01-24T18:56:55Z",
      "created_at": "2026-01-17T18:56:55Z",
      "updated_at": "2026-01-24T18:56:55Z"
    }
  },
  {
    "model": "core.participant",
    "pk": 110,
    "fields": {
      "cohort": 2,
      "user": 110,
      "role_in_cohort": "MENTOR",
      "display_name": "Jordan Rodriguez",
      "organization": "OrgC",
      "is_submitted": true,
      "submitted_at": "2026-01-24T18:56:55Z",
      "created_at": "2026-01-17T18:56:55Z",
      "updated_at": "2026-01-24T18:56:55Z"
    }
  },
  {
    "model": "core.participant",
    "pk": 111,
    "fields": {
      "cohort": 2,
      "user": 111,
      "role_in_cohort": "MENTOR",
      "display_name": "Kai Garcia",
      "organization": "OrgA",
      "is_submitted": true,
      "submitted_at": "2026-01-24T18:56:55Z",
      "created_at": "2026-01-17T18:56:55Z",
      "updated_at": "2026-01-24T18:56:55Z"
    }
  },
  {
    "model": "core.participant",
    "pk": 112,
    "fields": {
      "cohort": 2,
      "user": 112,
      "role_in_cohort": "MENTOR",
      "display_name": "Alex Johnson",
      "organization": "OrgH",
      "is_submitted": true,
      "submitted_at": "2026-01-24T18:56:55Z",
      "created_at": "2026-01-17T18:56:55Z",
      "updated_at": "2026-01-24T18:56:55Z"
    }
  },
  {
    "model": "core.participant",
    "pk": 113,
    "fields": {
      "cohort": 2,
      "user": 113,
      "role_in_cohort": "MENTOR",
      "display_name": "Ellis Brown",
      "organization": "OrgF",
      "is_submitted": true,
      "submitted_at": "2026-01-24T18:56:55Z",
      "created_at": "2026-01-17T18:56:55Z",
      "updated_at": "2026-01-24T18:56:55Z"
    }
  },
  {
    "model": "core.participant",
    "pk": 114,
    "fields": {
      "cohort": 2,
      "user": 114,
      "role_in_cohort": "MENTOR",
      "display_name": "Drew Martinez",
      "organization": "OrgA",
      "is_submitted": true,
      "submitted_at": "2026-01-24T18:56:55Z",
      "created_at": "2026-01-17T18:56:55Z",
      "updated_at": "2026-01-24T18:56:55Z"
    }
  },
  {
    "model": "core.participant",
    "pk": 115,
    "fields": {
      "cohort": 2,
      "user": 115,
      "role_in_cohort": "MENTOR",
      "display_name": "Bailey Davis",
      "organization": "OrgB",
      "is_submitted": true,
      "submitted_at": "2026-01-24T18:56:55Z",
      "created_at": "2026-01-17T18:56:55Z",
      "updated_at": "2026-01-24T18:56:55Z"
    }
  },
  {
    "model": "core.participant",
    "pk": 116,
    "fields": {
      "cohort": 2,
      "user": 116,
      "role_in_cohort": "MENTOR",
      "display_name": "Jordan Williams",
      "organization": "OrgB",
      "is_submitted": true,
      "submitted_at": "2026-01-24T18:56:55Z",
      "created_at": "2026-01-17T18:56:55Z",
      "updated_at": "2026-01-24T18:56:55Z"
    }
  },
  {
    "model": "core.participant",
    "pk": 117,
    "fields": {
      "cohort": 2,
      "user": 117,
      "role_in_cohort": "MENTOR",
      "display_name": "Indigo Rodriguez",
      "organization": "OrgC",
      "is_submitted": true,
      "submitted_at": "2026-01-24T18:56:55Z",
      "created_at": "2026-01-17T18:56:55Z",
      "updated_at": "2026-01-24T18:56:55Z"
    }
  },
  {
    "model": "core.participant",
    "pk": 118,
    "fields": {
      "cohort": 2,
      "user": 118,
      "role_in_cohort": "MENTOR",
      "display_name": "Ellis Rodriguez",
      "organization": "OrgC",
      "is_submitted": true,
      "submitted_at": "2026-01-24T18:56:55Z",
      "created_at": "2026-01-17T18:56:55Z",
      "updated_at": "2026-01-24T18:56:55Z"
    }
  },
  {
    "model": "core.participant",
    "pk": 119,
    "fields": {
      "cohort": 2,
      "user": 119,
      "role_in_cohort": "MENTOR",
      "display_name": "Drew Rodriguez",
      "organization": "OrgG",
      "is_submitted": true,
      "submitted_at": "2026-01-24T18:56:55Z",
      "created_at": "2026-01-17T18:56:55Z",
      "updated_at": "2026-01-24T18:56:55Z"
    }
  },
  {
    "model": "core.participant",
    "pk": 120,
    "fields": {
      "cohort": 2,
      "user": 120,
      "role_in_cohort": "MENTOR",
      "display_name": "Ellis Miller",
      "organization": "OrgD",
      "is_submitted": true,
      "submitted_at": "2026-01-24T18:56:55Z",
      "created_at": "2026-01-17T18:56:55Z",
      "updated_at": "2026-01-24T18:56:55Z"
    }
  },
  {
    "model": "core.participant",
    "pk": 121,
    "fields": {
      "cohort": 2,
      "user": 121,
      "role_in_cohort": "MENTOR",
      "display_name": "Indigo Rodriguez",
      "organization": "OrgF",
      "is_submitted": true,
      "submitted_at": "2026-01-24T18:56:55Z",
      "created_at": "2026-01-17T18:56:55Z",
      "updated_at": "2026-01-24T18:56:55Z"
    }
  },
  {
    "model": "core.participant",
    "pk": 122,
    "fields": {
      "cohort": 2,
      "user": 122,
      "role_in_cohort": "MENTOR",
      "display_name": "Bailey Brown",
      "organization": "OrgH",
      "is_submitted": true,
      "submitted_at": "2026-01-24T18:56:55Z",
      "created_at": "2026-01-17T18:56:55Z",
      "updated_at": "2026-01-24T18:56:55Z"
    }
  },
  {
    "model": "core.participant",
    "pk": 123,
    "fields": {
      "cohort": 2,
      "user": 123,
      "role_in_cohort": "MENTOR",
      "display_name": "Bailey Garcia",
      "organization": "OrgD",
      "is_submitted": true,
      "submitted_at": "2026-01-24T18:56:55Z",
      "created_at": "2026-01-17T18:56:55Z",
      "updated_at": "2026-01-24T18:56:55Z"
    }
  },
  {
    "model": "core.participant",
    "pk": 124,
    "fields": {
      "cohort": 2,
      "user": 124,
      "role_in_cohort": "MENTOR",
      "display_name": "Kai Rodriguez",
      "organization": "OrgA",
      "is_submitted": true,
      "submitted_at": "2026-01-24T18:56:55Z",
      "created_at": "2026-01-17T18:56:55Z",
      "updated_at": "2026-01-24T18:56:55Z"
    }
  },
  {
    "model": "core.participant",
    "pk": 125,
    "fields": {
      "cohort": 2,
      "user": 125,
      "role_in_cohort": "MENTOR",
      "display_name": "Kai Brown",
      "organization": "OrgD",
      "is_submitted": true,
      "submitted_at": "2026-01-24T18:56:55Z",
      "created_at": "2026-01-17T18:56:55Z",
      "updated_at": "2026-01-24T18:56:55Z"
    }
  },
  {
    "model": "core.participant",
    "pk": 126,
    "fields": {
      "cohort": 2,
      "user": 126,
      "role_in_cohort": "MENTOR",
      "display_name": "Bailey Smith",
      "organization": "OrgA",
      "is_submitted": true,
      "submitted_at": "2026-01-24T18:56:55Z",
      "created_at": "2026-01-17T18:56:55Z",
      "updated_at": "2026-01-24T18:56:55Z"
    }
  },
  {
    "model": "core.participant",
    "pk": 127,
    "fields": {
      "cohort": 2,
      "user": 127,
      "role_in_cohort": "MENTOR",
      "display_name": "Bailey Smith",
      "organization": "OrgD",
      "is_submitted": true,
      "submitted_at": "2026-01-24T18:56:55Z",
      "created_at": "2026-01-17T18:56:55Z",
      "updated_at": "2026-01-24T18:56:55Z"
    }
  },
  {
    "model": "core.participant",
    "pk": 128,
    "fields": {
      "cohort": 2,
      "user": 128,
      "role_in_cohort": "MENTOR",
      "display_name": "Bailey Rodriguez",
      "organization": "OrgF",
      "is_submitted": true,
      "submitted_at": "2026-01-24T18:56:55Z",
      "created_at": "2026-01-17T18:56:55Z",
      "updated_at": "2026-01-24T18:56:55Z"
    }
  },
  {
    "model": "core.participant",
    "pk": 129,
    "fields": {
      "cohort": 2,
      "user": 129,
      "role_in_cohort": "MENTOR",
      "display_name": "Ellis Davis",
      "organization": "OrgD",
      "is_submitted": true,
      "submitted_at": "2026-01-24T18:56:55Z",
      "created_at": "2026-01-17T18:56:55Z",
      "updated_at": "2026-01-24T18:56:55Z"
    }
  },
  {
    "model": "core.participant",
    "pk": 130,
    "fields": {
      "cohort": 2,
      "user": 130,
      "role_in_cohort": "MENTOR",
      "display_name": "Jordan Williams",
      "organization": "OrgD",
      "is_submitted": true,
      "submitted_at": "2026-01-24T18:56:55Z",
      "created_at": "2026-01-17T18:56:55Z",
      "updated_at": "2026-01-24T18:56:55Z"
    }
  },
  {
    "model": "core.participant",
    "pk": 131,
    "fields": {
      "cohort": 2,
      "user": 131,
      "role_in_cohort": "MENTEE",
      "display_name": "Drew Davis",
      "organization": "OrgH",
      "is_submitted": true,
      "submitted_at": "2026-01-24T18:56:55Z",
      "created_at": "2026-01-17T18:56:55Z",
      "updated_at": "2026-01-24T18:56:55Z"
    }
  },
  {
    "model": "core.participant",
    "pk": 132,
    "fields": {
      "cohort": 2,
      "user": 132,
      "role_in_cohort": "MENTEE",
      "display_name": "Drew Johnson",
      "organization": "OrgG",
      "is_submitted": true,
      "submitted_at": "2026-01-24T18:56:55Z",
      "created_at": "2026-01-17T18:56:55Z",
      "updated_at": "2026-01-24T18:56:55Z"
    }
  },
  {
    "model": "core.participant",
    "pk": 133,
    "fields": {
      "cohort": 2,
      "user": 133,
      "role_in_cohort": "MENTEE",
      "display_name": "Harper Garcia",
      "organization": "OrgB",
      "is_submitted": true,
      "submitted_at": "2026-01-24T18:56:55Z",
      "created_at": "2026-01-17T18:56:55Z",
      "updated_at": "2026-01-24T18:56:55Z"
    }
  },
  {
    "model": "core.participant",
    "pk": 134,
    "fields": {
      "cohort": 2,
      "user": 134,
      "role_in_cohort": "MENTEE",
      "display_name": "Harper Davis",
      "organization": "OrgG",
      "is_submitted": true,
      "submitted_at": "2026-01-24T18:56:55Z",
      "created_at": "2026-01-17T18:56:55Z",
      "updated_at": "2026-01-24T18:56:55Z"
    }
  },
  {
    "model": "core.participant",
    "pk": 135,
    "fields": {
      "cohort": 2,
      "user": 135,
      "role_in_cohort": "MENTEE",
      "display_name": "Bailey Smith",
      "organization": "OrgA",
      "is_submitted": true,
      "submitted_at": "2026-01-24T18:56:55Z",
      "created_at": "2026-01-17T18:56:55Z",
      "updated_at": "2026-01-24T18:56:55Z"
    }
  },
  {
    "model": "core.participant",
    "pk": 136,
    "fields": {
      "cohort": 2,
      "user": 136,
      "role_in_cohort": "MENTEE",
      "display_name": "Finley Johnson",
      "organization": "OrgG",
      "is_submitted": true,
      "submitted_at": "2026-01-24T18:56:55Z",
      "created_at": "2026-01-17T18:56:55Z",
      "updated_at": "2026-01-24T18:56:55Z"
    }
  },
  {
    "model": "core.participant",
    "pk": 137,
    "fields": {
      "cohort": 2,
      "user": 137,
      "role_in_cohort": "MENTEE",
      "display_name": "Drew Brown",
      "organization": "OrgD",
      "is_submitted": true,
      "submitted_at": "2026-01-24T18:56:55Z",
      "created_at": "2026-01-17T18:56:55Z",
      "updated_at": "2026-01-24T18:56:55Z"
    }
  },
  {
    "model": "core.participant",
    "pk": 138,
    "fields": {
      "cohort": 2,
      "user": 138,
      "role_in_cohort": "MENTEE",
      "display_name": "Casey Miller",
      "organization": "OrgH",
      "is_submitted": true,
      "submitted_at": "2026-01-24T18:56:55Z",
      "created_at": "2026-01-17T18:56:55Z",
      "updated_at": "2026-01-24T18:56:55Z"
    }
  },
  {
    "model": "core.participant",
    "pk": 139,
    "fields": {
      "cohort": 2,
      "user": 139,
      "role_in_cohort": "MENTEE",
      "display_name": "Ellis Davis",
      "organization": "OrgC",
      "is_submitted": true,
      "submitted_at": "2026-01-24T18:56:55Z",
      "created_at": "2026-01-17T18:56:55Z",
      "updated_at": "2026-01-24T18:56:55Z"
    }
  },
  {
    "model": "core.participant",
    "pk": 140,
    "fields": {
      "cohort": 2,
      "user": 140,
      "role_in_cohort": "MENTEE",
      "display_name": "Bailey Davis",
      "organization": "OrgD",
      "is_submitted": true,
      "submitted_at": "2026-01-24T18:56:55Z",
      "created_at": "2026-01-17T18:56:55Z",
      "updated_at": "2026-01-24T18:56:55Z"
    }
  },
  {
    "model": "core.participant",
    "pk": 141,
    "fields": {
      "cohort": 2,
      "user": 141,
      "role_in_cohort": "MENTEE",
      "display_name": "Alex Rodriguez",
      "organization": "OrgB",
      "is_submitted": true,
      "submitted_at": "2026-01-24T18:56:55Z",
      "created_at": "2026-01-17T18:56:55Z",
      "updated_at": "2026-01-24T18:56:55Z"
    }
  },
  {
    "model": "core.participant",
    "pk": 142,
    "fields": {
      "cohort": 2,
      "user": 142,
      "role_in_cohort": "MENTEE",
      "display_name": "Bailey Brown",
      "organization": "OrgA",
      "is_submitted": true,
      "submitted_at": "2026-01-24T18:56:55Z",
      "created_at": "2026-01-17T18:56:55Z",
      "updated_at": "2026-01-24T18:56:55Z"
    }
  },
  {
    "model": "core.participant",
    "pk": 143,
    "fields": {
      "cohort": 2,
      "user": 143,
      "role_in_cohort": "MENTEE",
      "display_name": "Harper Davis",
      "organization": "OrgC",
      "is_submitted": true,
      "submitted_at": "2026-01-24T18:56:55Z",
      "created_at": "2026-01-17T18:56:55Z",
      "updated_at": "2026-01-24T18:56:55Z"
    }
  },
  {
    "model": "core.participant",
    "pk": 144,
    "fields": {
      "cohort": 2,
      "user": 144,
      "role_in_cohort": "MENTEE",
      "display_name": "Drew Miller",
      "organization": "OrgH",
      "is_submitted": true,
      "submitted_at": "2026-01-24T18:56:55Z",
      "created_at": "2026-01-17T18:56:55Z",
      "updated_at": "2026-01-24T18:56:55Z"
    }
  },
  {
    "model": "core.participant",
    "pk": 145,
    "fields": {
      "cohort": 2,
      "user": 145,
      "role_in_cohort": "MENTEE",
      "display_name": "Casey Miller",
      "organization": "OrgA",
      "is_submitted": true,
      "submitted_at": "2026-01-24T18:56:55Z",
      "created_at": "2026-01-17T18:56:55Z",
      "updated_at": "2026-01-24T18:56:55Z"
    }
  },
  {
    "model": "core.participant",
    "pk": 146,
    "fields": {
      "cohort": 2,
      "user": 146,
      "role_in_cohort": "MENTEE",
      "display_name": "Harper Jones",
      "organization": "OrgA",
      "is_submitted": true,
      "submitted_at": "2026-01-24T18:56:55Z",
      "created_at": "2026-01-17T18:56:55Z",
      "updated_at": "2026-01-24T18:56:55Z"
    }
  },
  {
    "model": "core.participant",
    "pk": 147,
    "fields": {
      "cohort": 2,
      "user": 147,
      "role_in_cohort": "MENTEE",
      "display_name": "Ellis Miller",
      "organization": "OrgH",
      "is_submitted": true,
      "submitted_at": "2026-01-24T18:56:55Z",
      "created_at": "2026-01-17T18:56:55Z",
      "updated_at": "2026-01-24T18:56:55Z"
    }
  },
  {
    "model": "core.participant",
    "pk": 148,
    "fields": {
      "cohort": 2,
      "user": 148,
      "role_in_cohort": "MENTEE",
      "display_name": "Casey Brown",
      "organization": "OrgH",
      "is_submitted": true,
      "submitted_at": "2026-01-24T18:56:55Z",
      "created_at": "2026-01-17T18:56:55Z",
      "updated_at": "2026-01-24T18:56:55Z"
    }
  },
  {
    "model": "core.participant",
    "pk": 149,
    "fields": {
      "cohort": 2,
      "user": 149,
      "role_in_cohort": "MENTEE",
      "display_name": "Drew Smith",
      "organization": "OrgE",
      "is_submitted": true,
      "submitted_at": "2026-01-24T18:56:55Z",
      "created_at": "2026-01-17T18:56:55Z",
      "updated_at": "2026-01-24T18:56:55Z"
    }
  },
  {
    "model": "core.participant",
    "pk": 150,
    "fields": {
      "cohort": 2,
      "user": 150,
      "role_in_cohort": "MENTEE",
      "display_name": "Finley Smith",
      "organization": "OrgA",
      "is_submitted": true,
      "submitted_at": "2026-01-24T18:56:55Z",
      "created_at": "2026-01-17T18:56:55Z",
      "updated_at": "2026-01-24T18:56:55Z"
    }
  },
  {
    "model": "core.participant",
    "pk": 151,
    "fields": {
      "cohort": 2,
      "user": 151,
      "role_in_cohort": "MENTEE",
      "display_name": "Kai Davis",
      "organization": "OrgA",
      "is_submitted": true,
      "submitted_at": "2026-01-24T18:56:55Z",
      "created_at": "2026-01-17T18:56:55Z",
      "updated_at": "2026-01-24T18:56:55Z"
    }
  },
  {
    "model": "core.participant",
    "pk": 152,
    "fields": {
      "cohort": 2,
      "user": 152,
      "role_in_cohort": "MENTEE",
      "display_name": "Alex Rodriguez",
      "organization": "OrgC",
      "is_submitted": true,
      "submitted_at": "2026-01-24T18:56:55Z",
      "created_at": "2026-01-17T18:56:55Z",
      "updated_at": "2026-01-24T18:56:55Z"
    }
  },
  {
    "model": "core.participant",
    "pk": 153,
    "fields": {
      "cohort": 2,
      "user": 153,
      "role_in_cohort": "MENTEE",
      "display_name": "Casey Johnson",
      "organization": "OrgB",
      "is_submitted": true,
      "submitted_at": "2026-01-24T18:56:55Z",
      "created_at": "2026-01-17T18:56:55Z",
      "updated_at": "2026-01-24T18:56:55Z"
    }
  },
  {
    "model": "core.participant",
    "pk": 154,
    "fields": {
      "cohort": 2,
      "user": 154,
      "role_in_cohort": "MENTEE",
      "display_name": "Drew Miller",
      "organization": "OrgB",
      "is_submitted": true,
      "submitted_at": "2026-01-24T18:56:55Z",
      "created_at": "2026-01-17T18:56:55Z",
      "updated_at": "2026-01-24T18:56:55Z"
    }
  },
  {
    "model": "core.participant",
    "pk": 155,
    "fields": {
      "cohort": 2,
      "user": 155,
      "role_in_cohort": "MENTEE",
      "display_name": "Kai Brown",
      "organization": "OrgB",
      "is_submitted": true,
      "submitted_at": "2026-01-24T18:56:55Z",
      "created_at": "2026-01-17T18:56:55Z",
      "updated_at": "2026-01-24T18:56:55Z"
    }
  },
  {
    "model": "core.participant",
    "pk": 156,
    "fields": {
      "cohort": 2,
      "user": 156,
      "role_in_cohort": "MENTEE",
      "display_name": "Kai Johnson",
      "organization": "OrgA",
      "is_submitted": true,
      "submitted_at": "2026-01-24T18:56:55Z",
      "created_at": "2026-01-17T18:56:55Z",
      "updated_at": "2026-01-24T18:56:55Z"
    }
  },
  {
    "model": "core.participant",
    "pk": 157,
    "fields": {
      "cohort": 2,
      "user": 157,
      "role_in_cohort": "MENTEE",
      "display_name": "Kai Martinez",
      "organization": "OrgG",
      "is_submitted": true,
      "submitted_at": "2026-01-24T18:56:55Z",
      "created_at": "2026-01-17T18:56:55Z",
      "updated_at": "2026-01-24T18:56:55Z"
    }
  },
  {
    "model": "core.participant",
    "pk": 158,
    "fields": {
      "cohort": 2,
      "user": 158,
      "role_in_cohort": "MENTEE",
      "display_name": "Ellis Brown",
      "organization": "OrgF",
      "is_submitted": true,
      "submitted_at": "2026-01-24T18:56:55Z",
      "created_at": "2026-01-17T18:56:55Z",
      "updated_at": "2026-01-24T18:56:55Z"
    }
  },
  {
    "model": "core.participant",
    "pk": 159,
    "fields": {
      "cohort": 2,
      "user": 159,
      "role_in_cohort": "MENTEE",
      "display_name": "Drew Jones",
      "organization": "OrgF",
      "is_submitted": true,
      "submitted_at": "2026-01-24T18:56:55Z",
      "created_at": "2026-01-17T18:56:55Z",
      "updated_at": "2026-01-24T18:56:55Z"
    }
  },
  {
    "model": "core.participant",
    "pk": 160,
    "fields": {
      "cohort": 2,
      "user": 160,
      "role_in_cohort": "MENTEE",
      "display_name": "Casey Jones",
      "organization": "OrgG",
      "is_submitted": true,
      "submitted_at": "2026-01-24T18:56:55Z",
      "created_at": "2026-01-17T18:56:55Z",
      "updated_at": "2026-01-24T18:56:55Z"
    }
  },
  {
    "model": "matching.preference",
    "pk": 1001,
    "fields": {
      "from_participant": 101,
      "to_participant": 131,
      "rank": 1
    }
  },
  {
    "model": "matching.preference",
    "pk": 1002,
    "fields": {
      "from_participant": 101,
      "to_participant": 132,
      "rank": 2
    }
  },
  {
    "model": "matching.preference",
    "pk": 1003,
    "fields": {
      "from_participant": 101,
      "to_participant": 133,
      "rank": 3
    }
  },
  {
    "model": "matching.preference",
    "pk": 1004,
    "fields": {
      "from_participant": 102,
      "to_participant": 131,
      "rank": 1
    }
  },
  {
    "model": "matching.preference",
    "pk": 1005,
    "fields": {
      "from_participant": 102,
      "to_participant": 132,
      "rank": 2
    }
  },
  {
    "model": "matching.preference",
    "pk": 1006,
    "fields": {
      "from_participant": 102,
      "to_participant": 133,
      "rank": 3
    }
  },
  {
    "model": "matching.preference",
    "pk": 1007,
    "fields": {
      "from_participant": 103,
      "to_participant": 131,
      "rank": 1
    }
  },
  {
    "model": "matching.preference",
    "pk": 1008,
    "fields": {
      "from_participant": 103,
      "to_participant": 132,
      "rank": 2
    }
  },
  {
    "model": "matching.preference",
    "pk": 1009,
    "fields": {
      "from_participant": 103,
      "to_participant": 133,
      "rank": 3
    }
  },
  {
    "model": "matching.preference",
    "pk": 1010,
    "fields": {
      "from_participant": 104,
      "to_participant": 131,
      "rank": 1
    }
  },
  {
    "model": "matching.preference",
    "pk": 1011,
    "fields": {
      "from_participant": 104,
      "to_participant": 132,
      "rank": 2
    }
  },
  {
    "model": "matching.preference",
    "pk": 1012,
    "fields": {
      "from_participant": 104,
      "to_participant": 133,
      "rank": 3
    }
  },
  {
    "model": "matching.preference",
    "pk": 1013,
    "fields": {
      "from_participant": 105,
      "to_participant": 131,
      "rank": 1
    }
  },
  {
    "model": "matching.preference",
    "pk": 1014,
    "fields": {
      "from_participant": 105,
      "to_participant": 132,
      "rank": 2
    }
  },
  {
    "model": "matching.preference",
    "pk": 1015,
    "fields": {
      "from_participant": 105,
      "to_participant": 133,
      "rank": 3
    }
  },
  {
    "model": "matching.preference",
    "pk": 1016,
    "fields": {
      "from_participant": 106,
      "to_participant": 131,
      "rank": 1
    }
  },
  {
    "model": "matching.preference",
    "pk": 1017,
    "fields": {
      "from_participant": 106,
      "to_participant": 132,
      "rank": 2
    }
  },
  {
    "model": "matching.preference",
    "pk": 1018,
    "fields": {
      "from_participant": 106,
      "to_participant": 133,
      "rank": 3
    }
  },
  {
    "model": "matching.preference",
    "pk": 1019,
    "fields": {
      "from_participant": 107,
      "to_participant": 131,
      "rank": 1
    }
  },
  {
    "model": "matching.preference",
    "pk": 1020,
    "fields": {
      "from_participant": 107,
      "to_participant": 132,
      "rank": 2
    }
  },
  {
    "model": "matching.preference",
    "pk": 1021,
    "fields": {
      "from_participant": 107,
      "to_participant": 133,
      "rank": 3
    }
  },
  {
    "model": "matching.preference",
    "pk": 1022,
    "fields": {
      "from_participant": 108,
      "to_participant": 131,
      "rank": 1
    }
  },
  {
    "model": "matching.preference",
    "pk": 1023,
    "fields": {
      "from_participant": 108,
      "to_participant": 132,
      "rank": 2
    }
  },
  {
    "model": "matching.preference",
    "pk": 1024,
    "fields": {
      "from_participant": 108,
      "to_participant": 133,
      "rank": 3
    }
  },
  {
    "model": "matching.preference",
    "pk": 1025,
    "fields": {
      "from_participant": 109,
      "to_participant": 131,
      "rank": 1
    }
  },
  {
    "model": "matching.preference",
    "pk": 1026,
    "fields": {
      "from_participant": 109,
      "to_participant": 132,
      "rank": 2
    }
  },
  {
    "model": "matching.preference",
    "pk": 1027,
    "fields": {
      "from_participant": 109,
      "to_participant": 133,
      "rank": 3
    }
  },
  {
    "model": "matching.preference",
    "pk": 1028,
    "fields": {
      "from_participant": 110,
      "to_participant": 131,
      "rank": 1
    }
  },
  {
    "model": "matching.preference",
    "pk": 1029,
    "fields": {
      "from_participant": 110,
      "to_participant": 132,
      "rank": 2
    }
  },
  {
    "model": "matching.preference",
    "pk": 1030,
    "fields": {
      "from_participant": 110,
      "to_participant": 133,
      "rank": 3
    }
  },
  {
    "model": "matching.preference",
    "pk": 1031,
    "fields": {
      "from_participant": 111,
      "to_participant": 131,
      "rank": 1
    }
  },
  {
    "model": "matching.preference",
    "pk": 1032,
    "fields": {
      "from_participant": 111,
      "to_participant": 132,
      "rank": 2
    }
  },
  {
    "model": "matching.preference",
    "pk": 1033,
    "fields": {
      "from_participant": 111,
      "to_participant": 133,
      "rank": 3
    }
  },
  {
    "model": "matching.preference",
    "pk": 1034,
    "fields": {
      "from_participant": 112,
      "to_participant": 131,
      "rank": 1
    }
  },
  {
    "model": "matching.preference",
    "pk": 1035,
    "fields": {
      "from_participant": 112,
      "to_participant": 132,
      "rank": 2
    }
  },
  {
    "model": "matching.preference",
    "pk": 1036,
    "fields": {
      "from_participant": 112,
      "to_participant": 133,
      "rank": 3
    }
  },
  {
    "model": "matching.preference",
    "pk": 1037,
    "fields": {
      "from_participant": 113,
      "to_participant": 131,
      "rank": 1
    }
  },
  {
    "model": "matching.preference",
    "pk": 1038,
    "fields": {
      "from_participant": 113,
      "to_participant": 132,
      "rank": 2
    }
  },
  {
    "model": "matching.preference",
    "pk": 1039,
    "fields": {
      "from_participant": 113,
      "to_participant": 133,
      "rank": 3
    }
  },
  {
    "model": "matching.preference",
    "pk": 1040,
    "fields": {
      "from_participant": 114,
      "to_participant": 131,
      "rank": 1
    }
  },
  {
    "model": "matching.preference",
    "pk": 1041,
    "fields": {
      "from_participant": 114,
      "to_participant": 132,
      "rank": 2
    }
  },
  {
    "model": "matching.preference",
    "pk": 1042,
    "fields": {
      "from_participant": 114,
      "to_participant": 133,
      "rank": 3
    }
  },
  {
    "model": "matching.preference",
    "pk": 1043,
    "fields": {
      "from_participant": 115,
      "to_participant": 131,
      "rank": 1
    }
  },
  {
    "model": "matching.preference",
    "pk": 1044,
    "fields": {
      "from_participant": 115,
      "to_participant": 132,
      "rank": 2
    }
  },
  {
    "model": "matching.preference",
    "pk": 1045,
    "fields": {
      "from_participant": 115,
      "to_participant": 133,
      "rank": 3
    }
  },
  {
    "model": "matching.preference",
    "pk": 1046,
    "fields": {
      "from_participant": 116,
      "to_participant": 131,
      "rank": 1
    }
  },
  {
    "model": "matching.preference",
    "pk": 1047,
    "fields": {
      "from_participant": 116,
      "to_participant": 132,
      "rank": 2
    }
  },
  {
    "model": "matching.preference",
    "pk": 1048,
    "fields": {
      "from_participant": 116,
      "to_participant": 133,
      "rank": 3
    }
  },
  {
    "model": "matching.preference",
    "pk": 1049,
    "fields": {
      "from_participant": 117,
      "to_participant": 131,
      "rank": 1
    }
  },
  {
    "model": "matching.preference",
    "pk": 1050,
    "fields": {
      "from_participant": 117,
      "to_participant": 132,
      "rank": 2
    }
  },
  {
    "model": "matching.preference",
    "pk": 1051,
    "fields": {
      "from_participant": 117,
      "to_participant": 133,
      "rank": 3
    }
  },
  {
    "model": "matching.preference",
    "pk": 1052,
    "fields": {
      "from_participant": 118,
      "to_participant": 131,
      "rank": 1
    }
  },
  {
    "model": "matching.preference",
    "pk": 1053,
    "fields": {
      "from_participant": 118,
      "to_participant": 132,
      "rank": 2
    }
  },
  {
    "model": "matching.preference",
    "pk": 1054,
    "fields": {
      "from_participant": 118,
      "to_participant": 133,
      "rank": 3
    }
  },
  {
    "model": "matching.preference",
    "pk": 1055,
    "fields": {
      "from_participant": 119,
      "to_participant": 131,
      "rank": 1
    }
  },
  {
    "model": "matching.preference",
    "pk": 1056,
    "fields": {
      "from_participant": 119,
      "to_participant": 132,
      "rank": 2
    }
  },
  {
    "model": "matching.preference",
    "pk": 1057,
    "fields": {
      "from_participant": 119,
      "to_participant": 133,
      "rank": 3
    }
  },
  {
    "model": "matching.preference",
    "pk": 1058,
    "fields": {
      "from_participant": 120,
      "to_participant": 131,
      "rank": 1
    }
  },
  {
    "model": "matching.preference",
    "pk": 1059,
    "fields": {
      "from_participant": 120,
      "to_participant": 132,
      "rank": 2
    }
  },
  {
    "model": "matching.preference",
    "pk": 1060,
    "fields": {
      "from_participant": 120,
      "to_participant": 133,
      "rank": 3
    }
  },
  {
    "model": "matching.preference",
    "pk": 1061,
    "fields": {
      "from_participant": 121,
      "to_participant": 131,
      "rank": 1
    }
  },
  {
    "model": "matching.preference",
    "pk": 1062,
    "fields": {
      "from_participant": 121,
      "to_participant": 132,
      "rank": 2
    }
  },
  {
    "model": "matching.preference",
    "pk": 1063,
    "fields": {
      "from_participant": 121,
      "to_participant": 133,
      "rank": 3
    }
  },
  {
    "model": "matching.preference",
    "pk": 1064,
    "fields": {
      "from_participant": 122,
      "to_participant": 131,
      "rank": 1
    }
  },
  {
    "model": "matching.preference",
    "pk": 1065,
    "fields": {
      "from_participant": 122,
      "to_participant": 132,
      "rank": 2
    }
  },
  {
    "model": "matching.preference",
    "pk": 1066,
    "fields": {
      "from_participant": 122,
      "to_participant": 133,
      "rank": 3
    }
  },
  {
    "model": "matching.preference",
    "pk": 1067,
    "fields": {
      "from_participant": 123,
      "to_participant": 131,
      "rank": 1
    }
  },
  {
    "model": "matching.preference",
    "pk": 1068,
    "fields": {
      "from_participant": 123,
      "to_participant": 132,
      "rank": 2
    }
  },
  {
    "model": "matching.preference",
    "pk": 1069,
    "fields": {
      "from_participant": 123,
      "to_participant": 133,
      "rank": 3
    }
  },
  {
    "model": "matching.preference",
    "pk": 1070,
    "fields": {
      "from_participant": 124,
      "to_participant": 131,
      "rank": 1
    }
  },
  {
    "model": "matching.preference",
    "pk": 1071,
    "fields": {
      "from_participant": 124,
      "to_participant": 132,
      "rank": 2
    }
  },
  {
    "model": "matching.preference",
    "pk": 1072,
    "fields": {
      "from_participant": 124,
      "to_participant": 133,
      "rank": 3
    }
  },
  {
    "model": "matching.preference",
    "pk": 1073,
    "fields": {
      "from_participant": 125,
      "to_participant": 131,
      "rank": 1
    }
  },
  {
    "model": "matching.preference",
    "pk": 1074,
    "fields": {
      "from_participant": 125,
      "to_participant": 132,
      "rank": 2
    }
  },
  {
    "model": "matching.preference",
    "pk": 1075,
    "fields": {
      "from_participant": 125,
      "to_participant": 133,
      "rank": 3
    }
  },
  {
    "model": "matching.preference",
    "pk": 1076,
    "fields": {
      "from_participant": 126,
      "to_participant": 131,
      "rank": 1
    }
  },
  {
    "model": "matching.preference",
    "pk": 1077,
    "fields": {
      "from_participant": 126,
      "to_participant": 132,
      "rank": 2
    }
  },
  {
    "model": "matching.preference",
    "pk": 1078,
    "fields": {
      "from_participant": 126,
      "to_participant": 133,
      "rank": 3
    }
  },
  {
    "model": "matching.preference",
    "pk": 1079,
    "fields": {
      "from_participant": 127,
      "to_participant": 131,
      "rank": 1
    }
  },
  {
    "model": "matching.preference",
    "pk": 1080,
    "fields": {
      "from_participant": 127,
      "to_participant": 132,
      "rank": 2
    }
  },
  {
    "model": "matching.preference",
    "pk": 1081,
    "fields": {
      "from_participant": 127,
      "to_participant": 133,
      "rank": 3
    }
  },
  {
    "model": "matching.preference",
    "pk": 1082,
    "fields": {
      "from_participant": 128,
      "to_participant": 131,
      "rank": 1
    }
  },
  {
    "model": "matching.preference",
    "pk": 1083,
    "fields": {
      "from_participant": 128,
      "to_participant": 132,
      "rank": 2
    }
  },
  {
    "model": "matching.preference",
    "pk": 1084,
    "fields": {
      "from_participant": 128,
      "to_participant": 133,
      "rank": 3
    }
  },
  {
    "model": "matching.preference",
    "pk": 1085,
    "fields": {
      "from_participant": 129,
      "to_participant": 131,
      "rank": 1
    }
  },
  {
    "model": "matching.preference",
    "pk": 1086,
    "fields": {
      "from_participant": 129,
      "to_participant": 132,
      "rank": 2
    }
  },
  {
    "model": "matching.preference",
    "pk": 1087,
    "fields": {
      "from_participant": 129,
      "to_participant": 133,
      "rank": 3
    }
  },
  {
    "model": "matching.preference",
    "pk": 1088,
    "fields": {
      "from_participant": 130,
      "to_participant": 131,
      "rank": 1
    }
  },
  {
    "model": "matching.preference",
    "pk": 1089,
    "fields": {
      "from_participant": 130,
      "to_participant": 132,
      "rank": 2
    }
  },
  {
    "model": "matching.preference",
    "pk": 1090,
    "fields": {
      "from_participant": 130,
      "to_participant": 133,
      "rank": 3
    }
  },
  {
    "model": "matching.preference",
    "pk": 1091,
    "fields": {
      "from_participant": 131,
      "to_participant": 101,
      "rank": 1
    }
  },
  {
    "model": "matching.preference",
    "pk": 1092,
    "fields": {
      "from_participant": 131,
      "to_participant": 102,
      "rank": 2
    }
  },
  {
    "model": "matching.preference",
    "pk": 1093,
    "fields": {
      "from_participant": 131,
      "to_participant": 103,
      "rank": 3
    }
  },
  {
    "model": "matching.preference",
    "pk": 1094,
    "fields": {
      "from_participant": 132,
      "to_participant": 101,
      "rank": 1
    }
  },
  {
    "model": "matching.preference",
    "pk": 1095,
    "fields": {
      "from_participant": 132,
      "to_participant": 102,
      "rank": 2
    }
  },
  {
    "model": "matching.preference",
    "pk": 1096,
    "fields": {
      "from_participant": 132,
      "to_participant": 103,
      "rank": 3
    }
  },
  {
    "model": "matching.preference",
    "pk": 1097,
    "fields": {
      "from_participant": 133,
      "to_participant": 101,
      "rank": 1
    }
  },
  {
    "model": "matching.preference",
    "pk": 1098,
    "fields": {
      "from_participant": 133,
      "to_participant": 102,
      "rank": 2
    }
  },
  {
    "model": "matching.preference",
    "pk": 1099,
    "fields": {
      "from_participant": 133,
      "to_participant": 103,
      "rank": 3
    }
  },
  {
    "model": "matching.preference",
    "pk": 1100,
    "fields": {
      "from_participant": 134,
      "to_participant": 101,
      "rank": 1
    }
  },
  {
    "model": "matching.preference",
    "pk": 1101,
    "fields": {
      "from_participant": 134,
      "to_participant": 102,
      "rank": 2
    }
  },
  {
    "model": "matching.preference",
    "pk": 1102,
    "fields": {
      "from_participant": 134,
      "to_participant": 103,
      "rank": 3
    }
  },
  {
    "model": "matching.preference",
    "pk": 1103,
    "fields": {
      "from_participant": 135,
      "to_participant": 101,
      "rank": 1
    }
  },
  {
    "model": "matching.preference",
    "pk": 1104,
    "fields": {
      "from_participant": 135,
      "to_participant": 102,
      "rank": 2
    }
  },
  {
    "model": "matching.preference",
    "pk": 1105,
    "fields": {
      "from_participant": 135,
      "to_participant": 103,
      "rank": 3
    }
  },
  {
    "model": "matching.preference",
    "pk": 1106,
    "fields": {
      "from_participant": 136,
      "to_participant": 101,
      "rank": 1
    }
  },
  {
    "model": "matching.preference",
    "pk": 1107,
    "fields": {
      "from_participant": 136,
      "to_participant": 102,
      "rank": 2
    }
  },
  {
    "model": "matching.preference",
    "pk": 1108,
    "fields": {
      "from_participant": 136,
      "to_participant": 103,
      "rank": 3
    }
  },
  {
    "model": "matching.preference",
    "pk": 1109,
    "fields": {
      "from_participant": 137,
      "to_participant": 101,
      "rank": 1
    }
  },
  {
    "model": "matching.preference",
    "pk": 1110,
    "fields": {
      "from_participant": 137,
      "to_participant": 102,
      "rank": 2
    }
  },
  {
    "model": "matching.preference",
    "pk": 1111,
    "fields": {
      "from_participant": 137,
      "to_participant": 103,
      "rank": 3
    }
  },
  {
    "model": "matching.preference",
    "pk": 1112,
    "fields": {
      "from_participant": 138,
      "to_participant": 101,
      "rank": 1
    }
  },
  {
    "model": "matching.preference",
    "pk": 1113,
    "fields": {
      "from_participant": 138,
      "to_participant": 102,
      "rank": 2
    }
  },
  {
    "model": "matching.preference",
    "pk": 1114,
    "fields": {
      "from_participant": 138,
      "to_participant": 103,
      "rank": 3
    }
  },
  {
    "model": "matching.preference",
    "pk": 1115,
    "fields": {
      "from_participant": 139,
      "to_participant": 101,
      "rank": 1
    }
  },
  {
    "model": "matching.preference",
    "pk": 1116,
    "fields": {
      "from_participant": 139,
      "to_participant": 102,
      "rank": 2
    }
  },
  {
    "model": "matching.preference",
    "pk": 1117,
    "fields": {
      "from_participant": 139,
      "to_participant": 103,
      "rank": 3
    }
  },
  {
    "model": "matching.preference",
    "pk": 1118,
    "fields": {
      "from_participant": 140,
      "to_participant": 101,
      "rank": 1
    }
  },
  {
    "model": "matching.preference",
    "pk": 1119,
    "fields": {
      "from_participant": 140,
      "to_participant": 102,
      "rank": 2
    }
  },
  {
    "model": "matching.preference",
    "pk": 1120,
    "fields": {
      "from_participant": 140,
      "to_participant": 103,
      "rank": 3
    }
  },
  {
    "model": "matching.preference",
    "pk": 1121,
    "fields": {
      "from_participant": 141,
      "to_participant": 101,
      "rank": 1
    }
  },
  {
    "model": "matching.preference",
    "pk": 1122,
    "fields": {
      "from_participant": 141,
      "to_participant": 102,
      "rank": 2
    }
  },
  {
    "model": "matching.preference",
    "pk": 1123,
    "fields": {
      "from_participant": 141,
      "to_participant": 103,
      "rank": 3
    }
  },
  {
    "model": "matching.preference",
    "pk": 1124,
    "fields": {
      "from_participant": 142,
      "to_participant": 101,
      "rank": 1
    }
  },
  {
    "model": "matching.preference",
    "pk": 1125,
    "fields": {
      "from_participant": 142,
      "to_participant": 102,
      "rank": 2
    }
  },
  {
    "model": "matching.preference",
    "pk": 1126,
    "fields": {
      "from_participant": 142,
      "to_participant": 103,
      "rank": 3
    }
  },
  {
    "model": "matching.preference",
    "pk": 1127,
    "fields": {
      "from_participant": 143,
      "to_participant": 101,
      "rank": 1
    }
  },
  {
    "model": "matching.preference",
    "pk": 1128,
    "fields": {
      "from_participant": 143,
      "to_participant": 102,
      "rank": 2
    }
  },
  {
    "model": "matching.preference",
    "pk": 1129,
    "fields": {
      "from_participant": 143,
      "to_participant": 103,
      "rank": 3
    }
  },
  {
    "model": "matching.preference",
    "pk": 1130,
    "fields": {
      "from_participant": 144,
      "to_participant": 101,
      "rank": 1
    }
  },
  {
    "model": "matching.preference",
    "pk": 1131,
    "fields": {
      "from_participant": 144,
      "to_participant": 102,
      "rank": 2
    }
  },
  {
    "model": "matching.preference",
    "pk": 1132,
    "fields": {
      "from_participant": 144,
      "to_participant": 103,
      "rank": 3
    }
  },
  {
    "model": "matching.preference",
    "pk": 1133,
    "fields": {
      "from_participant": 145,
      "to_participant": 101,
      "rank": 1
    }
  },
  {
    "model": "matching.preference",
    "pk": 1134,
    "fields": {
      "from_participant": 145,
      "to_participant": 102,
      "rank": 2
    }
  },
  {
    "model": "matching.preference",
    "pk": 1135,
    "fields": {
      "from_participant": 145,
      "to_participant": 103,
      "rank": 3
    }
  },
  {
    "model": "matching.preference",
    "pk": 1136,
    "fields": {
      "from_participant": 146,
      "to_participant": 101,
      "rank": 1
    }
  },
  {
    "model": "matching.preference",
    "pk": 1137,
    "fields": {
      "from_participant": 146,
      "to_participant": 102,
      "rank": 2
    }
  },
  {
    "model": "matching.preference",
    "pk": 1138,
    "fields": {
      "from_participant": 146,
      "to_participant": 103,
      "rank": 3
    }
  },
  {
    "model": "matching.preference",
    "pk": 1139,
    "fields": {
      "from_participant": 147,
      "to_participant": 101,
      "rank": 1
    }
  },
  {
    "model": "matching.preference",
    "pk": 1140,
    "fields": {
      "from_participant": 147,
      "to_participant": 102,
      "rank": 2
    }
  },
  {
    "model": "matching.preference",
    "pk": 1141,
    "fields": {
      "from_participant": 147,
      "to_participant": 103,
      "rank": 3
    }
  },
  {
    "model": "matching.preference",
    "pk": 1142,
    "fields": {
      "from_participant": 148,
      "to_participant": 101,
      "rank": 1
    }
  },
  {
    "model": "matching.preference",
    "pk": 1143,
    "fields": {
      "from_participant": 148,
      "to_participant": 102,
      "rank": 2
    }
  },
  {
    "model": "matching.preference",
    "pk": 1144,
    "fields": {
      "from_participant": 148,
      "to_participant": 103,
      "rank": 3
    }
  },
  {
    "model": "matching.preference",
    "pk": 1145,
    "fields": {
      "from_participant": 149,
      "to_participant": 101,
      "rank": 1
    }
  },
  {
    "model": "matching.preference",
    "pk": 1146,
    "fields": {
      "from_participant": 149,
      "to_participant": 102,
      "rank": 2
    }
  },
  {
    "model": "matching.preference",
    "pk": 1147,
    "fields": {
      "from_participant": 149,
      "to_participant": 103,
      "rank": 3
    }
  },
  {
    "model": "matching.preference",
    "pk": 1148,
    "fields": {
      "from_participant": 150,
      "to_participant": 101,
      "rank": 1
    }
  },
  {
    "model": "matching.preference",
    "pk": 1149,
    "fields": {
      "from_participant": 150,
      "to_participant": 102,
      "rank": 2
    }
  },
  {
    "model": "matching.preference",
    "pk": 1150,
    "fields": {
      "from_participant": 150,
      "to_participant": 103,
      "rank": 3
    }
  },
  {
    "model": "matching.preference",
    "pk": 1151,
    "fields": {
      "from_participant": 151,
      "to_participant": 101,
      "rank": 1
    }
  },
  {
    "model": "matching.preference",
    "pk": 1152,
    "fields": {
      "from_participant": 151,
      "to_participant": 102,
      "rank": 2
    }
  },
  {
    "model": "matching.preference",
    "pk": 1153,
    "fields": {
      "from_participant": 151,
      "to_participant": 103,
      "rank": 3
    }
  },
  {
    "model": "matching.preference",
    "pk": 1154,
    "fields": {
      "from_participant": 152,
      "to_participant": 101,
      "rank": 1
    }
  },
  {
    "model": "matching.preference",
    "pk": 1155,
    "fields": {
      "from_participant": 152,
      "to_participant": 102,
      "rank": 2
    }
  },
  {
    "model": "matching.preference",
    "pk": 1156,
    "fields": {
      "from_participant": 152,
      "to_participant": 103,
      "rank": 3
    }
  },
  {
    "model": "matching.preference",
    "pk": 1157,
    "fields": {
      "from_participant": 153,
      "to_participant": 101,
      "rank": 1
    }
  },
  {
    "model": "matching.preference",
    "pk": 1158,
    "fields": {
      "from_participant": 153,
      "to_participant": 102,
      "rank": 2
    }
  },
  {
    "model": "matching.preference",
    "pk": 1159,
    "fields": {
      "from_participant": 153,
      "to_participant": 103,
      "rank": 3
    }
  },
  {
    "model": "matching.preference",
    "pk": 1160,
    "fields": {
      "from_participant": 154,
      "to_participant": 101,
      "rank": 1
    }
  },
  {
    "model": "matching.preference",
    "pk": 1161,
    "fields": {
      "from_participant": 154,
      "to_participant": 102,
      "rank": 2
    }
  },
  {
    "model": "matching.preference",
    "pk": 1162,
    "fields": {
      "from_participant": 154,
      "to_participant": 103,
      "rank": 3
    }
  },
  {
    "model": "matching.preference",
    "pk": 1163,
    "fields": {
      "from_participant": 155,
      "to_participant": 101,
      "rank": 1
    }
  },
  {
    "model": "matching.preference",
    "pk": 1164,
    "fields": {
      "from_participant": 155,
      "to_participant": 102,
      "rank": 2
    }
  },
  {
    "model": "matching.preference",
    "pk": 1165,
    "fields": {
      "from_participant": 155,
      "to_participant": 103,
      "rank": 3
    }
  },
  {
    "model": "matching.preference",
    "pk": 1166,
    "fields": {
      "from_participant": 156,
      "to_participant": 101,
      "rank": 1
    }
  },
  {
    "model": "matching.preference",
    "pk": 1167,
    "fields": {
      "from_participant": 156,
      "to_participant": 102,
      "rank": 2
    }
  },
  {
    "model": "matching.preference",
    "pk": 1168,
    "fields": {
      "from_participant": 156,
      "to_participant": 103,
      "rank": 3
    }
  },
  {
    "model": "matching.preference",
    "pk": 1169,
    "fields": {
      "from_participant": 157,
      "to_participant": 101,
      "rank": 1
    }
  },
  {
    "model": "matching.preference",
    "pk": 1170,
    "fields": {
      "from_participant": 157,
      "to_participant": 102,
      "rank": 2
    }
  },
  {
    "model": "matching.preference",
    "pk": 1171,
    "fields": {
      "from_participant": 157,
      "to_participant": 103,
      "rank": 3
    }
  },
  {
    "model": "matching.preference",
    "pk": 1172,
    "fields": {
      "from_participant": 158,
      "to_participant": 101,
      "rank": 1
    }
  },
  {
    "model": "matching.preference",
    "pk": 1173,
    "fields": {
      "from_participant": 158,
      "to_participant": 102,
      "rank": 2
    }
  },
  {
    "model": "matching.preference",
    "pk": 1174,
    "fields": {
      "from_participant": 158,
      "to_participant": 103,
      "rank": 3
    }
  },
  {
    "model": "matching.preference",
    "pk": 1175,
    "fields": {
      "from_participant": 159,
      "to_participant": 101,
      "rank": 1
    }
  },
  {
    "model": "matching.preference",
    "pk": 1176,
    "fields": {
      "from_participant": 159,
      "to_participant": 102,
      "rank": 2
    }
  },
  {
    "model": "matching.preference",
    "pk": 1177,
    "fields": {
      "from_participant": 159,
      "to_participant": 103,
      "rank": 3
    }
  },
  {
    "model": "matching.preference",
    "pk": 1178,
    "fields": {
      "from_participant": 160,
      "to_participant": 101,
      "rank": 1
    }
  },
  {
    "model": "matching.preference",
    "pk": 1179,
    "fields": {
      "from_participant": 160,
      "to_participant": 102,
      "rank": 2
    }
  },
  {
    "model": "matching.preference",
    "pk": 1180,
    "fields": {
      "from_participant": 160,
      "to_participant": 103,
      "rank": 3
    }
  }
]