[
  {
    "model": "core.cohort",
    "pk": 4,
    "fields": {
      "name": "E4 Degenerate Ranks (N=20)",
      "status": "OPEN",
      "created_at": "2026-01-01T18:56:55Z"
    }
  },
  {
    "model": "auth.user",
    "pk": 301,
    "fields": {
      "username": "mentor301",
      "first_name": "Bailey",
      "last_name": "Smith",
      "email": "mentor301@example.com",
      "password": "pbkdf2_sha256$600000$test$test==",
      "is_staff": false,
      "is_active": true,
      "is_superuser": false,
      "date_joined": "2026-01-01T18:56:55Z"
    }
  },
  {
    "model": "auth.user",
    "pk": 302,
    "fields": {
      "username": "mentor302",
      "first_name": "Ellis",
      "last_name": "Brown",
      "email": "mentor302@example.com",
      "password": "pbkdf2_sha256$600000$test$test==",
      "is_staff": false,
      "is_active": true,
      "is_superuser": false,
      "date_joined": "2026-01-01T18:56:55Z"
    }
  },
  {
    "model": "auth.user",
    "pk": 303,
    "fields": {
      "username": "mentor303",
      "first_name": "Drew",
      "last_name": "Williams",
      "email": "mentor303@example.com",
      "password": "pbkdf2_sha256$600000$test$test==",
      "is_staff": false,
      "is_active": true,
      "is_superuser": false,
      "date_joined": "2026-01-01T18:56:55Z"
    }
  },
  {
    "model": "auth.user",
    "pk": 304,
    "fields": {
      "username": "mentor304",
      "first_name": "Bailey",
      "last_name": "Rodriguez",
      "email": "mentor304@example.com",
      "password": "pbkdf2_sha256$600000$test$test==",
      "is_staff": false,
      "is_active": true,
      "is_superuser": false,
      "date_joined": "2026-01-01T18:56:55Z"
    }
  },
  {
    "model": "auth.user",
    "pk": 305,
    "fields": {
      "username": "mentor305",
      "first_name": "Bailey",
      "last_name": "Martinez",
      "email": "mentor305@example.com",
      "password": "pbkdf2_sha256$600000$test$test==",
      "is_staff": false,
      "is_active": true,
      "is_superuser": false,
      "date_joined": "2026-01-01T18:56:55Z"
    }
  },
  {
    "model": "auth.user",
    "pk": 306,
    "fields": {
      "username": "mentor306",
      "first_name": "Harper",
      "last_name": "Smith",
      "email": "mentor306@example.com",
      "password": "pbkdf2_sha256$600000$test$test==",
      "is_staff": false,
      "is_active": true,
      "is_superuser": false,
      "date_joined": "2026-01-01T18:56:55Z"
    }
  },
  {
    "model": "auth.user",
    "pk": 307,
    "fields": {
      "username": "mentor307",
      "first_name": "Alex",
      "last_name": "Johnson",
      "email": "mentor307@example.com",
      "password": "pbkdf2_sha256$600000$test$test==",
      "is_staff": false,
      "is_active": true,
      "is_superuser": false,
      "date_joined": "2026-01-01T18:56:55Z"
    }
  },
  {
    "model": "auth.user",
    "pk": 308,
    "fields": {
      "username": "mentor308",
      "first_name": "Drew",
      "last_name": "Brown",
      "email": "mentor308@example.com",
      "password": "pbkdf2_sha256$600000$test$test==",
      "is_staff": false,
      "is_active": true,
      "is_superuser": false,
      "date_joined": "2026-01-01T18:56:55Z"
    }
  },
  {
    "model": "auth.user",
    "pk": 309,
    "fields": {
      "username": "mentor309",
      "first_name": "Jordan",
      "last_name": "Martinez",
      "email": "mentor309@example.com",
      "password": "pbkdf2_sha256$600000$test$test==",
      "is_staff": false,
      "is_active": true,
      "is_superuser": false,
      "date_joined": "2026-01-01T18:56:55Z"
    }
  },
  {
    "model": "auth.user",
    "pk": 310,
    "fields": {
      "username": "mentor310",
      "first_name": "Alex",
      "last_name": "Rodriguez",
      "email": "mentor310@example.com",
      "password": "pbkdf2_sha256$600000$test$test==",
      "is_staff": false,
      "is_active": true,
      "is_superuser": false,
      "date_joined": "2026-01-01T18:56:55Z"
    }
  },
  {
    "model": "auth.user",
    "pk": 311,
    "fields": {
      "username": "mentor311",
      "first_name": "Drew",
      "last_name": "Rodriguez",
      "email": "mentor311@example.com",
      "password": "pbkdf2_sha256$600000$test$test==",
      "is_staff": false,
      "is_active": true,
      "is_superuser": false,
      "date_joined": "2026-01-01T18:56:55Z"
    }
  },
  {
    "model": "auth.user",
    "pk": 312,
    "fields": {
      "username": "mentor312",
      "first_name": "Harper",
      "last_name": "Brown",
      "email": "mentor312@example.com",
      "password": "pbkdf2_sha256$600000$test$test==",
      "is_staff": false,
      "is_active": true,
      "is_superuser": false,
      "date_joined": "2026-01-01T18:56:55Z"
    }
  },
  {
    "model": "auth.user",
    "pk": 313,
    "fields": {
      "username": "mentor313",
      "first_name": "Indigo",
      "last_name": "Martinez",
      "email": "mentor313@example.com",
      "password": "pbkdf2_sha256$600000$test$test==",
      "is_staff": false,
      "is_active": true,
      "is_superuser": false,
      "date_joined": "2026-01-01T18:56:55Z"
    }
  },
  {
    "model": "auth.user",
    "pk": 314,
    "fields": {
      "username": "mentor314",
      "first_name": "Ellis",
      "last_name": "Smith",
      "email": "mentor314@example.com",
      "password": "pbkdf2_sha256$600000$test$test==",
      "is_staff": false,
      "is_active": true,
      "is_superuser": false,
      "date_joined": "2026-01-01T18:56:55Z"
    }
  },
  {
    "model": "auth.user",
    "pk": 315,
    "fields": {
      "username": "mentor315",
      "first_name": "Casey",
      "last_name": "Miller",
      "email": "mentor315@example.com",
      "password": "pbkdf2_sha256$600000$test$test==",
      "is_staff": false,
      "is_active": true,
      "is_superuser": false,
      "date_joined": "2026-01-01T18:56:55Z"
    }
  },
  {
    "model": "auth.user",
    "pk": 316,
    "fields": {
      "username": "mentor316",
      "first_name": "Finley",
      "last_name": "Jones",
      "email": "mentor316@example.com",
      "password": "pbkdf2_sha256$600000$test$test==",
      "is_staff": false,
      "is_active": true,
      "is_superuser": false,
      "date_joined": "2026-01-01T18:56:55Z"
    }
  },
  {
    "model": "auth.user",
    "pk": 317,
    "fields": {
      "username": "mentor317",
      "first_name": "Casey",
      "last_name": "Brown",
      "email": "mentor317@example.com",
      "password": "pbkdf2_sha256$600000$test$test==",
      "is_staff": false,
      "is_active": true,
      "is_superuser": false,
      "date_joined": "2026-01-01T18:56:55Z"
    }
  },
  {
    "model": "auth.user",
    "pk": 318,
    "fields": {
      "username": "mentor318",
      "first_name": "Finley",
      "last_name": "Johnson",
      "email": "mentor318@example.com",
      "password": "pbkdf2_sha256$600000$test$test==",
      "is_staff": false,
      "is_active": true,
      "is_superuser": false,
      "date_joined": "2026-01-01T18:56:55Z"
    }
  },
  {
    "model": "auth.user",
    "pk": 319,
    "fields": {
      "username": "mentor319",
      "first_name": "Bailey",
      "last_name": "Miller",
      "email": "mentor319@example.com",
      "password": "pbkdf2_sha256$600000$test$test==",
      "is_staff": false,
      "is_active": true,
      "is_superuser": false,
      "date_joined": "2026-01-01T18:56:55Z"
    }
  },
  {
    "model": "auth.user",
    "pk": 320,
    "fields": {
      "username": "mentor320",
      "first_name": "Bailey",
      "last_name": "Garcia",
      "email": "mentor320@example.com",
      "password": "pbkdf2_sha256$600000$test$test==",
      "is_staff": false,
      "is_active": true,
      "is_superuser": false,
      "date_joined": "2026-01-01T18:56:55Z"
    }
  },
  {
    "model": "auth.user",
    "pk": 321,
    "fields": {
      "username": "mentee321",
      "first_name": "Finley",
      "last_name": "Martinez",
      "email": "mentee321@example.com",
      "password": "pbkdf2_sha256$600000$test$test==",
      "is_staff": false,
      "is_active": true,
      "is_superuser": false,
      "date_joined": "2026-01-01T18:56:55Z"
    }
  },
  {
    "model": "auth.user",
    "pk": 322,
    "fields": {
      "username": "mentee322",
      "first_name": "Ellis",
      "last_name": "Smith",
      "email": "mentee322@example.com",
      "password": "pbkdf2_sha256$600000$test$test==",
      "is_staff": false,
      "is_active": true,
      "is_superuser": false,
      "date_joined": "2026-01-01T18:56:55Z"
    }
  },
  {
    "model": "auth.user",
    "pk": 323,
    "fields": {
      "username": "mentee323",
      "first_name": "Indigo",
      "last_name": "Rodriguez",
      "email": "mentee323@example.com",
      "password": "pbkdf2_sha256$600000$test$test==",
      "is_staff": false,
      "is_active": true,
      "is_superuser": false,
      "date_joined": "2026-01-01T18:56:55Z"
    }
  },
  {
    "model": "auth.user",
    "pk": 324,
    "fields": {
      "username": "mentee324",
      "first_name": "Bailey",
      "last_name": "Miller",
      "email": "mentee324@example.com",
      "password": "pbkdf2_sha256$600000$test$test==",
      "is_staff": false,
      "is_active": true,
      "is_superuser": false,
      "date_joined": "2026-01-01T18:56:55Z"
    }
  },
  {
    "model": "auth.user",
    "pk": 325,
    "fields": {
      "username": "mentee325",
      "first_name": "Bailey",
      "last_name": "Rodriguez",
      "email": "mentee325@example.com",
      "password": "pbkdf2_sha256$600000$test$test==",
      "is_staff": false,
      "is_active": true,
      "is_superuser": false,
      "date_joined": "2026-01-01T18:56:55Z"
    }
  },
  {
    "model": "auth.user",
    "pk": 326,
    "fields": {
      "username": "mentee326",
      "first_name": "Ellis",
      "last_name": "Martinez",
      "email": "mentee326@example.com",
      "password": "pbkdf2_sha256$600000$test$test==",
      "is_staff": false,
      "is_active": true,
      "is_superuser": false,
      "date_joined": "2026-01-01T18:56:55Z"
    }
  },
  {
    "model": "auth.user",
    "pk": 327,
    "fields": {
      "username": "mentee327",
      "first_name": "Finley",
      "last_name": "Martinez",
      "email": "mentee327@example.com",
      "password": "pbkdf2_sha256$600000$test$test==",
      "is_staff": false,
      "is_active": true,
      "is_superuser": false,
      "date_joined": "2026-01-01T18:56:55Z"
    }
  },
  {
    "model": "auth.user",
    "pk": 328,
    "fields": {
      "username": "mentee328",
      "first_name": "Drew",
      "last_name": "Johnson",
      "email": "mentee328@example.com",
      "password": "pbkdf2_sha256$600000$test$test==",
      "is_staff": false,
      "is_active": true,
      "is_superuser": false,
      "date_joined": "2026-01-01T18:56:55Z"
    }
  },
  {
    "model": "auth.user",
    "pk": 329,
    "fields": {
      "username": "mentee329",
      "first_name": "Alex",
      "last_name": "Brown",
      "email": "mentee329@example.com",
      "password": "pbkdf2_sha256$600000$test$test==",
      "is_staff": false,
      "is_active": true,
      "is_superuser": false,
      "date_joined": "2026-01-01T18:56:55Z"
    }
  },
  {
    "model": "auth.user",
    "pk": 330,
    "fields": {
      "username": "mentee330",
      "first_name": "Ellis",
      "last_name": "Johnson",
      "email": "mentee330@example.com",
      "password": "pbkdf2_sha256$600000$test$test==",
      "is_staff": false,
      "is_active": true,
      "is_superuser": false,
      "date_joined": "2026-01-01T18:56:55Z"
    }
  },
  {
    "model": "auth.user",
    "pk": 331,
    "fields": {
      "username": "mentee331",
      "first_name": "Drew",
      "last_name": "Johnson",
      "email": "mentee331@example.com",
      "password": "pbkdf2_sha256$600000$test$test==",
      "is_staff": false,
      "is_active": true,
      "is_superuser": false,
      "date_joined": "2026-01-01T18:56:55Z"
    }
  },
  {
    "model": "auth.user",
    "pk": 332,
    "fields": {
      "username": "mentee332",
      "first_name": "Harper",
      "last_name": "Jones",
      "email": "mentee332@example.com",
      "password": "pbkdf2_sha256$600000$test$test==",
      "is_staff": false,
      "is_active": true,
      "is_superuser": false,
      "date_joined": "2026-01-01T18:56:55Z"
    }
  },
  {
    "model": "auth.user",
    "pk": 333,
    "fields": {
      "username": "mentee333",
      "first_name": "Indigo",
      "last_name": "Garcia",
      "email": "mentee333@example.com",
      "password": "pbkdf2_sha256$600000$test$test==",
      "is_staff": false,
      "is_active": true,
      "is_superuser": false,
      "date_joined": "2026-01-01T18:56:55Z"
    }
  },
  {
    "model": "auth.user",
    "pk": 334,
    "fields": {
      "username": "mentee334",
      "first_name": "Casey",
      "last_name": "Garcia",
      "email": "mentee334@example.com",
      "password": "pbkdf2_sha256$600000$test$test==",
      "is_staff": false,
      "is_active": true,
      "is_superuser": false,
      "date_joined": "2026-01-01T18:56:55Z"
    }
  },
  {
    "model": "auth.user",
    "pk": 335,
    "fields": {
      "username": "mentee335",
      "first_name": "Finley",
      "last_name": "Brown",
      "email": "mentee335@example.com",
      "password": "pbkdf2_sha256$600000$test$test==",
      "is_staff": false,
      "is_active": true,
      "is_superuser": false,
      "date_joined": "2026-01-01T18:56:55Z"
    }
  },
  {
    "model": "auth.user",
    "pk": 336,
    "fields": {
      "username": "mentee336",
      "first_name": "Ellis",
      "last_name": "Johnson",
      "email": "mentee336@example.com",
      "password": "pbkdf2_sha256$600000$test$test==",
      "is_staff": false,
      "is_active": true,
      "is_superuser": false,
      "date_joined": "2026-01-01T18:56:55Z"
    }
  },
  {
    "model": "auth.user",
    "pk": 337,
    "fields": {
      "username": "mentee337",
      "first_name": "Kai",
      "last_name": "Williams",
      "email": "mentee337@example.com",
      "password": "pbkdf2_sha256$600000$test$test==",
      "is_staff": false,
      "is_active": true,
      "is_superuser": false,
      "date_joined": "2026-01-01T18:56:55Z"
    }
  },
  {
    "model": "auth.user",
    "pk": 338,
    "fields": {
      "username": "mentee338",
      "first_name": "Jordan",
      "last_name": "Brown",
      "email": "mentee338@example.com",
      "password": "pbkdf2_sha256$600000$test$test==",
      "is_staff": false,
      "is_active": true,
      "is_superuser": false,
      "date_joined": "2026-01-01T18:56:55Z"
    }
  },
  {
    "model": "auth.user",
    "pk": 339,
    "fields": {
      "username": "mentee339",
      "first_name": "Casey",
      "last_name": "Davis",
      "email": "mentee339@example.com",
      "password": "pbkdf2_sha256$600000$test$test==",
      "is_staff": false,
      "is_active": true,
      "is_superuser": false,
      "date_joined": "2026-01-01T18:56:55Z"
    }
  },
  {
    "model": "auth.user",
    "pk": 340,
    "fields": {
      "username": "mentee340",
      "first_name": "Harper",
      "last_name": "Jones",
      "email": "mentee340@example.com",
      "password": "pbkdf2_sha256$600000$test$test==",
      "is_staff": false,
      "is_active": true,
      "is_superuser": false,
      "date_joined": "2026-01-01T18:56:55Z"
    }
  },
  {
    "model": "core.participant",
    "pk": 301,
    "fields": {
      "cohort": 4,
      "user": 301,
      "role_in_cohort": "MENTOR",
      "display_name": "Finley Smith",
      "organization": "OrgD",
      "is_submitted": true,
      "submitted_at": "2026-01-24T18:56:55Z",
      "created_at": "2026-01-17T18:56:55Z",
      "updated_at": "2026-01-24T18:56:55Z"
    }
  },
  {
    "model": "core.participant",
    "pk": 302,
    "fields": {
      "cohort": 4,
      "user": 302,
      "role_in_cohort": "MENTOR",
      "display_name": "Alex Garcia",
      "organization": "OrgD",
      "is_submitted": true,
      "submitted_at": "2026-01-24T18:56:55Z",
      "created_at": "2026-01-17T18:56:55Z",
      "updated_at": "2026-01-24T18:56:55Z"
    }
  },
  {
    "model": "core.participant",
    "pk": 303,
    "fields": {
      "cohort": 4,
      "user": 303,
      "role_in_cohort": "MENTOR",
      "display_name": "Ellis Johnson",
      "organization": "OrgG",
      "is_submitted": true,
      "submitted_at": "2026-01-24T18:56:55Z",
      "created_at": "2026-01-17T18:56:55Z",
      "updated_at": "2026-01-24T18:56:55Z"
    }
  },
  {
    "model": "core.participant",
    "pk": 304,
    "fields": {
      "cohort": 4,
      "user": 304,
      "role_in_cohort": "MENTOR",
      "display_name": "Kai Garcia",
      "organization": "OrgD",
      "is_submitted": true,
      "submitted_at": "2026-01-24T18:56:55Z",
      "created_at": "2026-01-17T18:56:55Z",
      "updated_at": "2026-01-24T18:56:55Z"
    }
  },
  {
    "model": "core.participant",
    "pk": 305,
    "fields": {
      "cohort": 4,
      "user": 305,
      "role_in_cohort": "MENTOR",
      "display_name": "Indigo Miller",
      "organization": "OrgD",
      "is_submitted": true,
      "submitted_at": "2026-01-24T18:56:55Z",
      "created_at": "2026-01-17T18:56:55Z",
      "updated_at": "2026-01-24T18:56:55Z"
    }
  },
  {
    "model": "core.participant",
    "pk": 306,
    "fields": {
      "cohort": 4,
      "user": 306,
      "role_in_cohort": "MENTOR",
      "display_name": "Casey Jones",
      "organization": "OrgH",
      "is_submitted": true,
      "submitted_at": "2026-01-24T18:56:55Z",
      "created_at": "2026-01-17T18:56:55Z",
      "updated_at": "2026-01-24T18:56:55Z"
    }
  },
  {
    "model": "core.participant",
    "pk": 307,
    "fields": {
      "cohort": 4,
      "user": 307,
      "role_in_cohort": "MENTOR",
      "display_name": "Drew Rodriguez",
      "organization": "OrgC",
      "is_submitted": true,
      "submitted_at": "2026-01-24T18:56:55Z",
      "created_at": "2026-01-17T18:56:55Z",
      "updated_at": "2026-01-24T18:56:55Z"
    }
  },
  {
    "model": "core.participant",
    "pk": 308,
    "fields": {
      "cohort": 4,
      "user": 308,
      "role_in_cohort": "MENTOR",
      "display_name": "Kai Miller",
      "organization": "OrgE",
      "is_submitted": true,
      "submitted_at": "2026-01-24T18:56:55Z",
      "created_at": "2026-01-17T18:56:55Z",
      "updated_at": "2026-01-24T18:56:55Z"
    }
  },
  {
    "model": "core.participant",
    "pk": 309,
    "fields": {
      "cohort": 4,
      "user": 309,
      "role_in_cohort": "MENTOR",
      "display_name": "Finley Brown",
      "organization": "OrgG",
      "is_submitted": true,
      "submitted_at": "2026-01-24T18:56:55Z",
      "created_at": "2026-01-17T18:56:55Z",
      "updated_at": "2026-01-24T18:56:55Z"
    }
  },
  {
    "model": "core.participant",
    "pk": 310,
    "fields": {
      "cohort": 4,
      "user": 310,
      "role_in_cohort": "MENTOR",
      "display_name": "Jordan Davis",
      "organization": "OrgC",
      "is_submitted": true,
      "submitted_at": "2026-01-24T18:56:55Z",
      "created_at": "2026-01-17T18:56:55Z",
      "updated_at": "2026-01-24T18:56:55Z"
    }
  },
  {
    "model": "core.participant",
    "pk": 311,
    "fields": {
      "cohort": 4,
      "user": 311,
      "role_in_cohort": "MENTOR",
      "display_name": "Alex Johnson",
      "organization": "OrgB",
      "is_submitted": true,
      "submitted_at": "2026-01-24T18:56:55Z",
      "created_at": "2026-01-17T18:56:55Z",
      "updated_at": "2026-01-24T18:56:55Z"
    }
  },
  {
    "model": "core.participant",
    "pk": 312,
    "fields": {
      "cohort": 4,
      "user": 312,
      "role_in_cohort": "MENTOR",
      "display_name": "Casey Miller",
      "organization": "OrgC",
      "is_submitted": true,
      "submitted_at": "2026-01-24T18:56:55Z",
      "created_at": "2026-01-17T18:56:55Z",
      "updated_at": "2026-01-24T18:56:55Z"
    }
  },
  {
    "model": "core.participant",
    "pk": 313,
    "fields": {
      "cohort": 4,
      "user": 313,
      "role_in_cohort": "MENTOR",
      "display_name": "Harper Miller",
      "organization": "OrgB",
      "is_submitted": true,
      "submitted_at": "2026-01-24T18:56:55Z",
      "created_at": "2026-01-17T18:56:55Z",
      "updated_at": "2026-01-24T18:56:55Z"
    }
  },
  {
    "model": "core.participant",
    "pk": 314,
    "fields": {
      "cohort": 4,
      "user": 314,
      "role_in_cohort": "MENTOR",
      "display_name": "Jordan Jones",
      "organization": "OrgH",
      "is_submitted": true,
      "submitted_at": "2026-01-24T18:56:55Z",
      "created_at": "2026-01-17T18:56:55Z",
      "updated_at": "2026-01-24T18:56:55Z"
    }
  },
  {
    "model": "core.participant",
    "pk": 315,
    "fields": {
      "cohort": 4,
      "user": 315,
      "role_in_cohort": "MENTOR",
      "display_name": "Bailey Rodriguez",
      "organization": "OrgA",
      "is_submitted": true,
      "submitted_at": "2026-01-24T18:56:55Z",
      "created_at": "2026-01-17T18:56:55Z",
      "updated_at": "2026-01-24T18:56:55Z"
    }
  },
  {
    "model": "core.participant",
    "pk": 316,
    "fields": {
      "cohort": 4,
      "user": 316,
      "role_in_cohort": "MENTOR",
      "display_name": "Finley Johnson",
      "organization": "OrgE",
      "is_submitted": true,
      "submitted_at": "2026-01-24T18:56:55Z",
      "created_at": "2026-01-17T18:56:55Z",
      "updated_at": "2026-01-24T18:56:55Z"
    }
  },
  {
    "model": "core.participant",
    "pk": 317,
    "fields": {
      "cohort": 4,
      "user": 317,
      "role_in_cohort": "MENTOR",
      "display_name": "Harper Williams",
      "organization": "OrgE",
      "is_submitted": true,
      "submitted_at": "2026-01-24T18:56:55Z",
      "created_at": "2026-01-17T18:56:55Z",
      "updated_at": "2026-01-24T18:56:55Z"
    }
  },
  {
    "model": "core.participant",
    "pk": 318,
    "fields": {
      "cohort": 4,
      "user": 318,
      "role_in_cohort": "MENTOR",
      "display_name": "Alex Jones",
      "organization": "OrgH",
      "is_submitted": true,
      "submitted_at": "2026-01-24T18:56:55Z",
      "created_at": "2026-01-17T18:56:55Z",
      "updated_at": "2026-01-24T18:56:55Z"
    }
  },
  {
    "model": "core.participant",
    "pk": 319,
    "fields": {
      "cohort": 4,
      "user": 319,
      "role_in_cohort": "MENTOR",
      "display_name": "Jordan Johnson",
      "organization": "OrgC",
      "is_submitted": true,
      "submitted_at": "2026-01-24T18:56:55Z",
      "created_at": "2026-01-17T18:56:55Z",
      "updated_at": "2026-01-24T18:56:55Z"
    }
  },
  {
    "model": "core.participant",
    "pk": 320,
    "fields": {
      "cohort": 4,
      "user": 320,
      "role_in_cohort": "MENTOR",
      "display_name": "Jordan Martinez",
      "organization": "OrgE",
      "is_submitted": true,
      "submitted_at": "2026-01-24T18:56:55Z",
      "created_at": "2026-01-17T18:56:55Z",
      "updated_at": "2026-01-24T18:56:55Z"
    }
  },
  {
    "model": "core.participant",
    "pk": 321,
    "fields": {
      "cohort": 4,
      "user": 321,
      "role_in_cohort": "MENTEE",
      "display_name": "Casey Garcia",
      "organization": "OrgD",
      "is_submitted": true,
      "submitted_at": "2026-01-24T18:56:55Z",
      "created_at": "2026-01-17T18:56:55Z",
      "updated_at": "2026-01-24T18:56:55Z"
    }
  },
  {
    "model": "core.participant",
    "pk": 322,
    "fields": {
      "cohort": 4,
      "user": 322,
      "role_in_cohort": "MENTEE",
      "display_name": "Jordan Rodriguez",
      "organization": "OrgC",
      "is_submitted": true,
      "submitted_at": "2026-01-24T18:56:55Z",
      "created_at": "2026-01-17T18:56:55Z",
      "updated_at": "2026-01-24T18:56:55Z"
    }
  },
  {
    "model": "core.participant",
    "pk": 323,
    "fields": {
      "cohort": 4,
      "user": 323,
      "role_in_cohort": "MENTEE",
      "display_name": "Kai Garcia",
      "organization": "OrgA",
      "is_submitted": true,
      "submitted_at": "2026-01-24T18:56:55Z",
      "created_at": "2026-01-17T18:56:55Z",
      "updated_at": "2026-01-24T18:56:55Z"
    }
  },
  {
    "model": "core.participant",
    "pk": 324,
    "fields": {
      "cohort": 4,
      "user": 324,
      "role_in_cohort": "MENTEE",
      "display_name": "Alex Johnson",
      "organization": "OrgH",
      "is_submitted": true,
      "submitted_at": "2026-01-24T18:56:55Z",
      "created_at": "2026-01-17T18:56:55Z",
      "updated_at": "2026-01-24T18:56:55Z"
    }
  },
  {
    "model": "core.participant",
    "pk": 325,
    "fields": {
      "cohort": 4,
      "user": 325,
      "role_in_cohort": "MENTEE",
      "display_name": "Ellis Brown",
      "organization": "OrgF",
      "is_submitted": true,
      "submitted_at": "2026-01-24T18:56:55Z",
      "created_at": "2026-01-17T18:56:55Z",
      "updated_at": "2026-01-24T18:56:55Z"
    }
  },
  {
    "model": "core.participant",
    "pk": 326,
    "fields": {
      "cohort": 4,
      "user": 326,
      "role_in_cohort": "MENTEE",
      "display_name": "Drew Martinez",
      "organization": "OrgA",
      "is_submitted": true,
      "submitted_at": "2026-01-24T18:56:55Z",
      "created_at": "2026-01-17T18:56:55Z",
      "updated_at": "2026-01-24T18:56:55Z"
    }
  },
  {
    "model": "core.participant",
    "pk": 327,
    "fields": {
      "cohort": 4,
      "user": 327,
      "role_in_cohort": "MENTEE",
      "display_name": "Bailey Davis",
      "organization": "OrgB",
      "is_submitted": true,
      "submitted_at": "2026-01-24T18:56:55Z",
      "created_at": "2026-01-17T18:56:55Z",
      "updated_at": "2026-01-24T18:56:55Z"
    }
  },
  {
    "model": "core.participant",
    "pk": 328,
    "fields": {
      "cohort": 4,
      "user": 328,
      "role_in_cohort": "MENTEE",
      "display_name": "Jordan Williams",
      "organization": "OrgB",
      "is_submitted": true,
      "submitted_at": "2026-01-24T18:56:55Z",
      "created_at": "2026-01-17T18:56:55Z",
      "updated_at": "2026-01-24T18:56:55Z"
    }
  },
  {
    "model": "core.participant",
    "pk": 329,
    "fields": {
      "cohort": 4,
      "user": 329,
      "role_in_cohort": "MENTEE",
      "display_name": "Indigo Rodriguez",
      "organization": "OrgC",
      "is_submitted": true,
      "submitted_at": "2026-01-24T18:56:55Z",
      "created_at": "2026-01-17T18:56:55Z",
      "updated_at": "2026-01-24T18:56:55Z"
    }
  },
  {
    "model": "core.participant",
    "pk": 330,
    "fields": {
      "cohort": 4,
      "user": 330,
      "role_in_cohort": "MENTEE",
      "display_name": "Ellis Rodriguez",
      "organization": "OrgC",
      "is_submitted": true,
      "submitted_at": "2026-01-24T18:56:55Z",
      "created_at": "2026-01-17T18:56:55Z",
      "updated_at": "2026-01-24T18:56:55Z"
    }
  },
  {
    "model": "core.participant",
    "pk": 331,
    "fields": {
      "cohort": 4,
      "user": 331,
      "role_in_cohort": "MENTEE",
      "display_name": "Drew Rodriguez",
      "organization": "OrgG",
      "is_submitted": true,
      "submitted_at": "2026-01-24T18:56:55Z",
      "created_at": "2026-01-17T18:56:55Z",
      "updated_at": "2026-01-24T18:56:55Z"
    }
  },
  {
    "model": "core.participant",
    "pk": 332,
    "fields": {
      "cohort": 4,
      "user": 332,
      "role_in_cohort": "MENTEE",
      "display_name": "Ellis Miller",
      "organization": "OrgD",
      "is_submitted": true,
      "submitted_at": "2026-01-24T18:56:55Z",
      "created_at": "2026-01-17T18:56:55Z",
      "updated_at": "2026-01-24T18:56:55Z"
    }
  },
  {
    "model": "core.participant",
    "pk": 333,
    "fields": {
      "cohort": 4,
      "user": 333,
      "role_in_cohort": "MENTEE",
      "display_name": "Indigo Rodriguez",
      "organization": "OrgF",
      "is_submitted": true,
      "submitted_at": "2026-01-24T18:56:55Z",
      "created_at": "2026-01-17T18:56:55Z",
      "updated_at": "2026-01-24T18:56:55Z"
    }
  },
  {
    "model": "core.participant",
    "pk": 334,
    "fields": {
      "cohort": 4,
      "user": 334,
      "role_in_cohort": "MENTEE",
      "display_name": "Bailey Brown",
      "organization": "OrgH",
      "is_submitted": true,
      "submitted_at": "2026-01-24T18:56:55Z",
      "created_at": "2026-01-17T18:56:55Z",
      "updated_at": "2026-01-24T18:56:55Z"
    }
  },
  {
    "model": "core.participant",
    "pk": 335,
    "fields": {
      "cohort": 4,
      "user": 335,
      "role_in_cohort": "MENTEE",
      "display_name": "Bailey Garcia",
      "organization": "OrgD",
      "is_submitted": true,
      "submitted_at": "2026-01-24T18:56:55Z",
      "created_at": "2026-01-17T18:56:55Z",
      "updated_at": "2026-01-24T18:56:55Z"
    }
  },
  {
    "model": "core.participant",
    "pk": 336,
    "fields": {
      "cohort": 4,
      "user": 336,
      "role_in_cohort": "MENTEE",
      "display_name": "Kai Rodriguez",
      "organization": "OrgA",
      "is_submitted": true,
      "submitted_at": "2026-01-24T18:56:55Z",
      "created_at": "2026-01-17T18:56:55Z",
      "updated_at": "2026-01-24T18:56:55Z"
    }
  },
  {
    "model": "core.participant",
    "pk": 337,
    "fields": {
      "cohort": 4,
      "user": 337,
      "role_in_cohort": "MENTEE",
      "display_name": "Kai Brown",
      "organization": "OrgD",
      "is_submitted": true,
      "submitted_at": "2026-01-24T18:56:55Z",
      "created_at": "2026-01-17T18:56:55Z",
      "updated_at": "2026-01-24T18:56:55Z"
    }
  },
  {
    "model": "core.participant",
    "pk": 338,
    "fields": {
      "cohort": 4,
      "user": 338,
      "role_in_cohort": "MENTEE",
      "display_name": "Bailey Smith",
      "organization": "OrgA",
      "is_submitted": true,
      "submitted_at": "2026-01-24T18:56:55Z",
      "created_at": "2026-01-17T18:56:55Z",
      "updated_at": "2026-01-24T18:56:55Z"
    }
  },
  {
    "model": "core.participant",
    "pk": 339,
    "fields": {
      "cohort": 4,
      "user": 339,
      "role_in_cohort": "MENTEE",
      "display_name": "Bailey Smith",
      "organization": "OrgD",
      "is_submitted": true,
      "submitted_at": "2026-01-24T18:56:55Z",
      "created_at": "2026-01-17T18:56:55Z",
      "updated_at": "2026-01-24T18:56:55Z"
    }
  },
  {
    "model": "core.participant",
    "pk": 340,
    "fields": {
      "cohort": 4,
      "user": 340,
      "role_in_cohort": "MENTEE",
      "display_name": "Bailey Rodriguez",
      "organization": "OrgF",
      "is_submitted": true,
      "submitted_at": "2026-01-24T18:56:55Z",
      "created_at": "2026-01-17T18:56:55Z",
      "updated_at": "2026-01-24T18:56:55Z"
    }
  },
  {
    "model": "matching.preference",
    "pk": 3001,
    "fields": {
      "from_participant": 301,
      "to_participant": 329,
      "rank": 1
    }
  },
  {
    "model": "matching.preference",
    "pk": 3002,
    "fields": {
      "from_participant": 301,
      "to_participant": 336,
      "rank": 19
    }
  },
  {
    "model": "matching.preference",
    "pk": 3003,
    "fields": {
      "from_participant": 302,
      "to_participant": 336,
      "rank": 15
    }
  },
  {
    "model": "matching.preference",
    "pk": 3004,
    "fields": {
      "from_participant": 302,
      "to_participant": 328,
      "rank": 2
    }
  },
  {
    "model": "matching.preference",
    "pk": 3005,
    "fields": {
      "from_participant": 302,
      "to_participant": 340,
      "rank": 3
    }
  },
  {
    "model": "matching.preference",
    "pk": 3006,
    "fields": {
      "from_participant": 302,
      "to_participant": 334,
      "rank": 4
    }
  },
  {
    "model": "matching.preference",
    "pk": 3007,
    "fields": {
      "from_participant": 302,
      "to_participant": 327,
      "rank": 5
    }
  },
  {
    "model": "matching.preference",
    "pk": 3008,
    "fields": {
      "from_participant": 303,
      "to_participant": 322,
      "rank": 1
    }
  },
  {
    "model": "matching.preference",
    "pk": 3009,
    "fields": {
      "from_participant": 304,
      "to_participant": 324,
      "rank": 2
    }
  },
  {
    "model": "matching.preference",
    "pk": 3010,
    "fields": {
      "from_participant": 304,
      "to_participant": 328,
      "rank": 1
    }
  },
  {
    "model": "matching.preference",
    "pk": 3011,
    "fields": {
      "from_participant": 304,
      "to_participant": 327,
      "rank": 3
    }
  },
  {
    "model": "matching.preference",
    "pk": 3012,
    "fields": {
      "from_participant": 305,
      "to_participant": 324,
      "rank": 1
    }
  },
  {
    "model": "matching.preference",
    "pk": 3013,
    "fields": {
      "from_participant": 305,
      "to_participant": 322,
      "rank": 2
    }
  },
  {
    "model": "matching.preference",
    "pk": 3014,
    "fields": {
      "from_participant": 305,
      "to_participant": 338,
      "rank": 1
    }
  },
  {
    "model": "matching.preference",
    "pk": 3015,
    "fields": {
      "from_participant": 305,
      "to_participant": 321,
      "rank": 4
    }
  },
  {
    "model": "matching.preference",
    "pk": 3016,
    "fields": {
      "from_participant": 305,
      "to_participant": 323,
      "rank": 5
    }
  },
  {
    "model": "matching.preference",
    "pk": 3017,
    "fields": {
      "from_participant": 306,
      "to_participant": 333,
      "rank": 1
    }
  },
  {
    "model": "matching.preference",
    "pk": 3018,
    "fields": {
      "from_participant": 306,
      "to_participant": 321,
      "rank": 2
    }
  },
  {
    "model": "matching.preference",
    "pk": 3019,
    "fields": {
      "from_participant": 307,
      "to_participant": 330,
      "rank": 1
    }
  },
  {
    "model": "matching.preference",
    "pk": 3020,
    "fields": {
      "from_participant": 307,
      "to_participant": 334,
      "rank": 2
    }
  },
  {
    "model": "matching.preference",
    "pk": 3021,
    "fields": {
      "from_participant": 307,
      "to_participant": 338,
      "rank": 3
    }
  },
  {
    "model": "matching.preference",
    "pk": 3022,
    "fields": {
      "from_participant": 307,
      "to_participant": 336,
      "rank": 4
    }
  },
  {
    "model": "matching.preference",
    "pk": 3023,
    "fields": {
      "from_participant": 308,
      "to_participant": 322,
      "rank": 1
    }
  },
  {
    "model": "matching.preference",
    "pk": 3024,
    "fields": {
      "from_participant": 309,
      "to_participant": 337,
      "rank": 1
    }
  },
  {
    "model": "matching.preference",
    "pk": 3025,
    "fields": {
      "from_participant": 309,
      "to_participant": 326,
      "rank": 1
    }
  },
  {
    "model": "matching.preference",
    "pk": 3026,
    "fields": {
      "from_participant": 309,
      "to_participant": 322,
      "rank": 3
    }
  },
  {
    "model": "matching.preference",
    "pk": 3027,
    "fields": {
      "from_participant": 309,
      "to_participant": 340,
      "rank": 4
    }
  },
  {
    "model": "matching.preference",
    "pk": 3028,
    "fields": {
      "from_participant": 309,
      "to_participant": 323,
      "rank": 5
    }
  },
  {
    "model": "matching.preference",
    "pk": 3029,
    "fields": {
      "from_participant": 310,
      "to_participant": 340,
      "rank": 1
    }
  },
  {
    "model": "matching.preference",
    "pk": 3030,
    "fields": {
      "from_participant": 310,
      "to_participant": 322,
      "rank": 2
    }
  },
  {
    "model": "matching.preference",
    "pk": 3031,
    "fields": {
      "from_participant": 310,
      "to_participant": 323,
      "rank": 3
    }
  },
  {
    "model": "matching.preference",
    "pk": 3032,
    "fields": {
      "from_participant": 310,
      "to_participant": 334,
      "rank": 4
    }
  },
  {
    "model": "matching.preference",
    "pk": 3033,
    "fields": {
      "from_participant": 310,
      "to_participant": 331,
      "rank": 5
    }
  },
  {
    "model": "matching.preference",
    "pk": 3034,
    "fields": {
      "from_participant": 311,
      "to_participant": 335,
      "rank": 19
    }
  },
  {
    "model": "matching.preference",
    "pk": 3035,
    "fields": {
      "from_participant": 311,
      "to_participant": 331,
      "rank": 2
    }
  },
  {
    "model": "matching.preference",
    "pk": 3036,
    "fields": {
      "from_participant": 311,
      "to_participant": 323,
      "rank": 2
    }
  },
  {
    "model": "matching.preference",
    "pk": 3037,
    "fields": {
      "from_participant": 312,
      "to_participant": 332,
      "rank": 1
    }
  },
  {
    "model": "matching.preference",
    "pk": 3038,
    "fields": {
      "from_participant": 312,
      "to_participant": 323,
      "rank": 2
    }
  },
  {
    "model": "matching.preference",
    "pk": 3039,
    "fields": {
      "from_participant": 313,
      "to_participant": 335,
      "rank": 1
    }
  },
  {
    "model": "matching.preference",
    "pk": 3040,
    "fields": {
      "from_participant": 313,
      "to_participant": 338,
      "rank": 2
    }
  },
  {
    "model": "matching.preference",
    "pk": 3041,
    "fields": {
      "from_participant": 314,
      "to_participant": 321,
      "rank": 1
    }
  },
  {
    "model": "matching.preference",
    "pk": 3042,
    "fields": {
      "from_participant": 314,
      "to_participant": 338,
      "rank": 2
    }
  },
  {
    "model": "matching.preference",
    "pk": 3043,
    "fields": {
      "from_participant": 314,
      "to_participant": 330,
      "rank": 3
    }
  },
  {
    "model": "matching.preference",
    "pk": 3044,
    "fields": {
      "from_participant": 314,
      "to_participant": 324,
      "rank": 1
    }
  },
  {
    "model": "matching.preference",
    "pk": 3045,
    "fields": {
      "from_participant": 314,
      "to_participant": 325,
      "rank": 5
    }
  },
  {
    "model": "matching.preference",
    "pk": 3046,
    "fields": {
      "from_participant": 315,
      "to_participant": 329,
      "rank": 1
    }
  },
  {
    "model": "matching.preference",
    "pk": 3047,
    "fields": {
      "from_participant": 315,
      "to_participant": 337,
      "rank": 2
    }
  },
  {
    "model": "matching.preference",
    "pk": 3048,
    "fields": {
      "from_participant": 316,
      "to_participant": 323,
      "rank": 1
    }
  },
  {
    "model": "matching.preference",
    "pk": 3049,
    "fields": {
      "from_participant": 317,
      "to_participant": 322,
      "rank": 1
    }
  },
  {
    "model": "matching.preference",
    "pk": 3050,
    "fields": {
      "from_participant": 317,
      "to_participant": 321,
      "rank": 2
    }
  },
  {
    "model": "matching.preference",
    "pk": 3051,
    "fields": {
      "from_participant": 317,
      "to_participant": 331,
      "rank": 3
    }
  },
  {
    "model": "matching.preference",
    "pk": 3052,
    "fields": {
      "from_participant": 318,
      "to_participant": 338,
      "rank": 12
    }
  },
  {
    "model": "matching.preference",
    "pk": 3053,
    "fields": {
      "from_participant": 318,
      "to_participant": 334,
      "rank": 2
    }
  },
  {
    "model": "matching.preference",
    "pk": 3054,
    "fields": {
      "from_participant": 318,
      "to_participant": 340,
      "rank": 3
    }
  },
  {
    "model": "matching.preference",
    "pk": 3055,
    "fields": {
      "from_participant": 318,
      "to_participant": 321,
      "rank": 4
    }
  },
  {
    "model": "matching.preference",
    "pk": 3056,
    "fields": {
      "from_participant": 319,
      "to_participant": 334,
      "rank": 1
    }
  },
  {
    "model": "matching.preference",
    "pk": 3057,
    "fields": {
      "from_participant": 319,
      "to_participant": 325,
      "rank": 2
    }
  },
  {
    "model": "matching.preference",
    "pk": 3058,
    "fields": {
      "from_participant": 320,
      "to_participant": 328,
      "rank": 1
    }
  },
  {
    "model": "matching.preference",
    "pk": 3059,
    "fields": {
      "from_participant": 320,
      "to_participant": 324,
      "rank": 2
    }
  },
  {
    "model": "matching.preference",
    "pk": 3060,
    "fields": {
      "from_participant": 321,
      "to_participant": 320,
      "rank": 1
    }
  },
  {
    "model": "matching.preference",
    "pk": 3061,
    "fields": {
      "from_participant": 321,
      "to_participant": 305,
      "rank": 2
    }
  },
  {
    "model": "matching.preference",
    "pk": 3062,
    "fields": {
      "from_participant": 321,
      "to_participant": 308,
      "rank": 3
    }
  },
  {
    "model": "matching.preference",
    "pk": 3063,
    "fields": {
      "from_participant": 321,
      "to_participant": 306,
      "rank": 15
    }
  },
  {
    "model": "matching.preference",
    "pk": 3064,
    "fields": {
      "from_participant": 322,
      "to_participant": 308,
      "rank": 1
    }
  },
  {
    "model": "matching.preference",
    "pk": 3065,
    "fields": {
      "from_participant": 322,
      "to_participant": 309,
      "rank": 1
    }
  },
  {
    "model": "matching.preference",
    "pk": 3066,
    "fields": {
      "from_participant": 322,
      "to_participant": 306,
      "rank": 3
    }
  },
  {
    "model": "matching.preference",
    "pk": 3067,
    "fields": {
      "from_participant": 322,
      "to_participant": 304,
      "rank": 4
    }
  },
  {
    "model": "matching.preference",
    "pk": 3068,
    "fields": {
      "from_participant": 323,
      "to_participant": 308,
      "rank": 1
    }
  },
  {
    "model": "matching.preference",
    "pk": 3069,
    "fields": {
      "from_participant": 323,
      "to_participant": 320,
      "rank": 2
    }
  },
  {
    "model": "matching.preference",
    "pk": 3070,
    "fields": {
      "from_participant": 323,
      "to_participant": 301,
      "rank": 3
    }
  },
  {
    "model": "matching.preference",
    "pk": 3071,
    "fields": {
      "from_participant": 324,
      "to_participant": 309,
      "rank": 1
    }
  },
  {
    "model": "matching.preference",
    "pk": 3072,
    "fields": {
      "from_participant": 325,
      "to_participant": 313,
      "rank": 1
    }
  },
  {
    "model": "matching.preference",
    "pk": 3073,
    "fields": {
      "from_participant": 325,
      "to_participant": 318,
      "rank": 2
    }
  },
  {
    "model": "matching.preference",
    "pk": 3074,
    "fields": {
      "from_participant": 325,
      "to_participant": 311,
      "rank": 3
    }
  },
  {
    "model": "matching.preference",
    "pk": 3075,
    "fields": {
      "from_participant": 325,
      "to_participant": 301,
      "rank": 4
    }
  },
  {
    "model": "matching.preference",
    "pk": 3076,
    "fields": {
      "from_participant": 325,
      "to_participant": 304,
      "rank": 15
    }
  },
  {
    "model": "matching.preference",
    "pk": 3077,
    "fields": {
      "from_participant": 326,
      "to_participant": 314,
      "rank": 1
    }
  },
  {
    "model": "matching.preference",
    "pk": 3078,
    "fields": {
      "from_participant": 326,
      "to_participant": 317,
      "rank": 2
    }
  },
  {
    "model": "matching.preference",
    "pk": 3079,
    "fields": {
      "from_participant": 326,
      "to_participant": 304,
      "rank": 3
    }
  },
  {
    "model": "matching.preference",
    "pk": 3080,
    "fields": {
      "from_participant": 327,
      "to_participant": 301,
      "rank": 1
    }
  },
  {
    "model": "matching.preference",
    "pk": 3081,
    "fields": {
      "from_participant": 327,
      "to_participant": 317,
      "rank": 15
    }
  },
  {
    "model": "matching.preference",
    "pk": 3082,
    "fields": {
      "from_participant": 327,
      "to_participant": 318,
      "rank": 3
    }
  },
  {
    "model": "matching.preference",
    "pk": 3083,
    "fields": {
      "from_participant": 327,
      "to_participant": 307,
      "rank": 4
    }
  },
  {
    "model": "matching.preference",
    "pk": 3084,
    "fields": {
      "from_participant": 328,
      "to_participant": 310,
      "rank": 1
    }
  },
  {
    "model": "matching.preference",
    "pk": 3085,
    "fields": {
      "from_participant": 329,
      "to_participant": 311,
      "rank": 16
    }
  },
  {
    "model": "matching.preference",
    "pk": 3086,
    "fields": {
      "from_participant": 329,
      "to_participant": 313,
      "rank": 2
    }
  },
  {
    "model": "matching.preference",
    "pk": 3087,
    "fields": {
      "from_participant": 329,
      "to_participant": 310,
      "rank": 3
    }
  },
  {
    "model": "matching.preference",
    "pk": 3088,
    "fields": {
      "from_participant": 329,
      "to_participant": 305,
      "rank": 4
    }
  },
  {
    "model": "matching.preference",
    "pk": 3089,
    "fields": {
      "from_participant": 330,
      "to_participant": 313,
      "rank": 1
    }
  },
  {
    "model": "matching.preference",
    "pk": 3090,
    "fields": {
      "from_participant": 330,
      "to_participant": 318,
      "rank": 2
    }
  },
  {
    "model": "matching.preference",
    "pk": 3091,
    "fields": {
      "from_participant": 330,
      "to_participant": 301,
      "rank": 3
    }
  },
  {
    "model": "matching.preference",
    "pk": 3092,
    "fields": {
      "from_participant": 331,
      "to_participant": 311,
      "rank": 1
    }
  },
  {
    "model": "matching.preference",
    "pk": 3093,
    "fields": {
      "from_participant": 331,
      "to_participant": 315,
      "rank": 2
    }
  },
  {
    "model": "matching.preference",
    "pk": 3094,
    "fields": {
      "from_participant": 331,
      "to_participant": 319,
      "rank": 3
    }
  },
  {
    "model": "matching.preference",
    "pk": 3095,
    "fields": {
      "from_participant": 331,
      "to_participant": 318,
      "rank": 4
    }
  },
  {
    "model": "matching.preference",
    "pk": 3096,
    "fields": {
      "from_participant": 331,
      "to_participant": 307,
      "rank": 5
    }
  },
  {
    "model": "matching.preference",
    "pk": 3097,
    "fields": {
      "from_participant": 332,
      "to_participant": 317,
      "rank": 1
    }
  },
  {
    "model": "matching.preference",
    "pk": 3098,
    "fields": {
      "from_participant": 332,
      "to_participant": 311,
      "rank": 2
    }
  },
  {
    "model": "matching.preference",
    "pk": 3099,
    "fields": {
      "from_participant": 332,
      "to_participant": 303,
      "rank": 3
    }
  },
  {
    "model": "matching.preference",
    "pk": 3100,
    "fields": {
      "from_participant": 333,
      "to_participant": 307,
      "rank": 2
    }
  },
  {
    "model": "matching.preference",
    "pk": 3101,
    "fields": {
      "from_participant": 333,
      "to_participant": 305,
      "rank": 2
    }
  },
  {
    "model": "matching.preference",
    "pk": 3102,
    "fields": {
      "from_participant": 334,
      "to_participant": 315,
      "rank": 1
    }
  },
  {
    "model": "matching.preference",
    "pk": 3103,
    "fields": {
      "from_participant": 335,
      "to_participant": 307,
      "rank": 11
    }
  },
  {
    "model": "matching.preference",
    "pk": 3104,
    "fields": {
      "from_participant": 335,
      "to_participant": 313,
      "rank": 2
    }
  },
  {
    "model": "matching.preference",
    "pk": 3105,
    "fields": {
      "from_participant": 335,
      "to_participant": 316,
      "rank": 3
    }
  },
  {
    "model": "matching.preference",
    "pk": 3106,
    "fields": {
      "from_participant": 335,
      "to_participant": 319,
      "rank": 4
    }
  },
  {
    "model": "matching.preference",
    "pk": 3107,
    "fields": {
      "from_participant": 335,
      "to_participant": 308,
      "rank": 5
    }
  },
  {
    "model": "matching.preference",
    "pk": 3108,
    "fields": {
      "from_participant": 336,
      "to_participant": 302,
      "rank": 1
    }
  },
  {
    "model": "matching.preference",
    "pk": 3109,
    "fields": {
      "from_participant": 336,
      "to_participant": 318,
      "rank": 2
    }
  },
  {
    "model": "matching.preference",
    "pk": 3110,
    "fields": {
      "from_participant": 336,
      "to_participant": 308,
      "rank": 3
    }
  },
  {
    "model": "matching.preference",
    "pk": 3111,
    "fields": {
      "from_participant": 336,
      "to_participant": 304,
      "rank": 4
    }
  },
  {
    "model": "matching.preference",
    "pk": 3112,
    "fields": {
      "from_participant": 337,
      "to_participant": 311,
      "rank": 1
    }
  },
  {
    "model": "matching.preference",
    "pk": 3113,
    "fields": {
      "from_participant": 337,
      "to_participant": 315,
      "rank": 2
    }
  },
  {
    "model": "matching.preference",
    "pk": 3114,
    "fields": {
      "from_participant": 337,
      "to_participant": 317,
      "rank": 3
    }
  },
  {
    "model": "matching.preference",
    "pk": 3115,
    "fields": {
      "from_participant": 337,
      "to_participant": 314,
      "rank": 4
    }
  },
  {
    "model": "matching.preference",
    "pk": 3116,
    "fields": {
      "from_participant": 337,
      "to_participant": 319,
      "rank": 5
    }
  },
  {
    "model": "matching.preference",
    "pk": 3117,
    "fields": {
      "from_participant": 338,
      "to_participant": 317,
      "rank": 1
    }
  },
  {
    "model": "matching.preference",
    "pk": 3118,
    "fields": {
      "from_participant": 338,
      "to_participant": 316,
      "rank": 2
    }
  },
  {
    "model": "matching.preference",
    "pk": 3119,
    "fields": {
      "from_participant": 338,
      "to_participant": 308,
      "rank": 3
    }
  },
  {
    "model": "matching.preference",
    "pk": 3120,
    "fields": {
      "from_participant": 339,
      "to_participant": 303,
      "rank": 1
    }
  },
  {
    "model": "matching.preference",
    "pk": 3121,
    "fields": {
      "from_participant": 339,
      "to_participant": 305,
      "rank": 2
    }
  },
  {
    "model": "matching.preference",
    "pk": 3122,
    "fields": {
      "from_participant": 339,
      "to_participant": 319,
      "rank": 3
    }
  },
  {
    "model": "matching.preference",
    "pk": 3123,
    "fields": {
      "from_participant": 339,
      "to_participant": 308,
      "rank": 4
    }
  },
  {
    "model": "matching.preference",
    "pk": 3124,
    "fields": {
      "from_participant": 339,
      "to_participant": 313,
      "rank": 16
    }
  },
  {
    "model": "matching.preference",
    "pk": 3125,
    "fields": {
      "from_participant": 340,
      "to_participant": 301,
      "rank": 1
    }
  },
  {
    "model": "matching.preference",
    "pk": 3126,
    "fields": {
      "from_participant": 340,
      "to_participant": 319,
      "rank": 2
    }
  },
  {
    "model": "matching.preference",
    "pk": 3127,
    "fields": {
      "from_participant": 340,
      "to_participant": 313,
      "rank": 3
    }
  },
  {
    "model": "matching.preference",
    "pk": 3128,
    "fields": {
      "from_participant": 340,
      "to_participant": 316,
      "rank": 4
    }
  },
  {
    "model": "matching.preference",
    "pk": 3129,
    "fields": {
      "from_participant": 340,
      "to_participant": 320,
      "rank": 5
    }
  }
]