[
  {
    "model": "core.cohort",
    "pk": 3,
    "fields": {
      "name": "E3 Sparse Preferences (N=30, 30% sparse)",
      "status": "OPEN",
      "created_at": "2026-01-01T18:56:55Z"
    }
  },
  {
    "model": "auth.user",
    "pk": 201,
    "fields": {
      "username": "mentor201",
      "first_name": "Bailey",
      "last_name": "Smith",
      "email": "mentor201@example.com",
      "password": "pbkdf2_sha256$600000$test$test==",
      "is_staff": false,
      "is_active": true,
      "is_superuser": false,
      "date_joined": "2026-01-01T18:56:55Z"
    }
  },
  {
    "model": "auth.user",
    "pk": 202,
    "fields": {
      "username": "mentor202",
      "first_name": "Ellis",
      "last_name": "Brown",
      "email": "mentor202@example.com",
      "password": "pbkdf2_sha256$600000$test$test==",
      "is_staff": false,
      "is_active": true,
      "is_superuser": false,
      "date_joined": "2026-01-01T18:56:55Z"
    }
  },
  {
    "model": "auth.user",
    "pk": 203,
    "fields": {
      "username": "mentor203",
      "first_name": "Drew",
      "last_name": "Williams",
      "email": "mentor203@example.com",
      "password": "pbkdf2_sha256$600000$test$test==",
      "is_staff": false,
      "is_active": true,
      "is_superuser": false,
      "date_joined": "2026-01-01T18:56:55Z"
    }
  },
  {
    "model": "auth.user",
    "pk": 204,
    "fields": {
      "username": "mentor204",
      "first_name": "Bailey",
      "last_name": "Rodriguez",
      "email": "mentor204@example.com",
      "password": "pbkdf2_sha256$600000$test$test==",
      "is_staff": false,
      "is_active": true,
      "is_superuser": false,
      "date_joined": "2026-01-01T18:56:55Z"
    }
  },
  {
    "model": "auth.user",
    "pk": 205,
    "fields": {
      "username": "mentor205",
      "first_name": "Bailey",
      "last_name": "Martinez",
      "email": "mentor205@example.com",
      "password": "pbkdf2_sha256$600000$test$test==",
      "is_staff": false,
      "is_active": true,
      "is_superuser": false,
      "date_joined": "2026-01-01T18:56:55Z"
    }
  },
  {
    "model": "auth.user",
    "pk": 206,
    "fields": {
      "username": "mentor206",
      "first_name": "Harper",
      "last_name": "Smith",
      "email": "mentor206@example.com",
      "password": "pbkdf2_sha256$600000$test$test==",
      "is_staff": false,
      "is_active": true,
      "is_superuser": false,
      "date_joined": "2026-01-01T18:56:55Z"
    }
  },
  {
    "model": "auth.user",
    "pk": 207,
    "fields": {
      "username": "mentor207",
      "first_name": "Alex",
      "last_name": "Johnson",
      "email": "mentor207@example.com",
      "password": "pbkdf2_sha256$600000$test$test==",
      "is_staff": false,
      "is_active": true,
      "is_superuser": false,
      "date_joined": "2026-01-01T18:56:55Z"
    }
  },
  {
    "model": "auth.user",
    "pk": 208,
    "fields": {
      "username": "mentor208",
      "first_name": "Drew",
      "last_name": "Brown",
      "email": "mentor208@example.com",
      "password": "pbkdf2_sha256$600000$test$test==",
      "is_staff": false,
      "is_active": true,
      "is_superuser": false,
      "date_joined": "2026-01-01T18:56:55Z"
    }
  },
  {
    "model": "auth.user",
    "pk": 209,
    "fields": {
      "username": "mentor209",
      "first_name": "Jordan",
      "last_name": "Martinez",
      "email": "mentor209@example.com",
      "password": "pbkdf2_sha256$600000$test$test==",
      "is_staff": false,
      "is_active": true,
      "is_superuser": false,
      "date_joined": "2026-01-01T18:56:55Z"
    }
  },
  {
    "model": "auth.user",
    "pk": 210,
    "fields": {
      "username": "mentor210",
      "first_name": "Alex",
      "last_name": "Rodriguez",
      "email": "mentor210@example.com",
      "password": "pbkdf2_sha256$600000$test$test==",
      "is_staff": false,
      "is_active": true,
      "is_superuser": false,
      "date_joined": "2026-01-01T18:56:55Z"
    }
  },
  {
    "model": "auth.user",
    "pk": 211,
    "fields": {
      "username": "mentor211",
      "first_name": "Drew",
      "last_name": "Rodriguez",
      "email": "mentor211@example.com",
      "password": "pbkdf2_sha256$600000$test$test==",
      "is_staff": false,
      "is_active": true,
      "is_superuser": false,
      "date_joined": "2026-01-01T18:56:55Z"
    }
  },
  {
    "model": "auth.user",
    "pk": 212,
    "fields": {
      "username": "mentor212",
      "first_name": "Harper",
      "last_name": "Brown",
      "email": "mentor212@example.com",
      "password": "pbkdf2_sha256$600000$test$test==",
      "is_staff": false,
      "is_active": true,
      "is_superuser": false,
      "date_joined": "2026-01-01T18:56:55Z"
    }
  },
  {
    "model": "auth.user",
    "pk": 213,
    "fields": {
      "username": "mentor213",
      "first_name": "Indigo",
      "last_name": "Martinez",
      "email": "mentor213@example.com",
      "password": "pbkdf2_sha256$600000$test$test==",
      "is_staff": false,
      "is_active": true,
      "is_superuser": false,
      "date_joined": "2026-01-01T18:56:55Z"
    }
  },
  {
    "model": "auth.user",
    "pk": 214,
    "fields": {
      "username": "mentor214",
      "first_name": "Ellis",
      "last_name": "Smith",
      "email": "mentor214@example.com",
      "password": "pbkdf2_sha256$600000$test$test==",
      "is_staff": false,
      "is_active": true,
      "is_superuser": false,
      "date_joined": "2026-01-01T18:56:55Z"
    }
  },
  {
    "model": "auth.user",
    "pk": 215,
    "fields": {
      "username": "mentor215",
      "first_name": "Casey",
      "last_name": "Miller",
      "email": "mentor215@example.com",
      "password": "pbkdf2_sha256$600000$test$test==",
      "is_staff": false,
      "is_active": true,
      "is_superuser": false,
      "date_joined": "2026-01-01T18:56:55Z"
    }
  },
  {
    "model": "auth.user",
    "pk": 216,
    "fields": {
      "username": "mentor216",
      "first_name": "Finley",
      "last_name": "Jones",
      "email": "mentor216@example.com",
      "password": "pbkdf2_sha256$600000$test$test==",
      "is_staff": false,
      "is_active": true,
      "is_superuser": false,
      "date_joined": "2026-01-01T18:56:55Z"
    }
  },
  {
    "model": "auth.user",
    "pk": 217,
    "fields": {
      "username": "mentor217",
      "first_name": "Casey",
      "last_name": "Brown",
      "email": "mentor217@example.com",
      "password": "pbkdf2_sha256$600000$test$test==",
      "is_staff": false,
      "is_active": true,
      "is_superuser": false,
      "date_joined": "2026-01-01T18:56:55Z"
    }
  },
  {
    "model": "auth.user",
    "pk": 218,
    "fields": {
      "username": "mentor218",
      "first_name": "Finley",
      "last_name": "Johnson",
      "email": "mentor218@example.com",
      "password": "pbkdf2_sha256$600000$test$test==",
      "is_staff": false,
      "is_active": true,
      "is_superuser": false,
      "date_joined": "2026-01-01T18:56:55Z"
    }
  },
  {
    "model": "auth.user",
    "pk": 219,
    "fields": {
      "username": "mentor219",
      "first_name": "Bailey",
      "last_name": "Miller",
      "email": "mentor219@example.com",
      "password": "pbkdf2_sha256$600000$test$test==",
      "is_staff": false,
      "is_active": true,
      "is_superuser": false,
      "date_joined": "2026-01-01T18:56:55Z"
    }
  },
  {
    "model": "auth.user",
    "pk": 220,
    "fields": {
      "username": "mentor220",
      "first_name": "Bailey",
      "last_name": "Garcia",
      "email": "mentor220@example.com",
      "password": "pbkdf2_sha256$600000$test$test==",
      "is_staff": false,
      "is_active": true,
      "is_superuser": false,
      "date_joined": "2026-01-01T18:56:55Z"
    }
  },
  {
    "model": "auth.user",
    "pk": 221,
    "fields": {
      "username": "mentor221",
      "first_name": "Finley",
      "last_name": "Martinez",
      "email": "mentor221@example.com",
      "password": "pbkdf2_sha256$600000$test$test==",
      "is_staff": false,
      "is_active": true,
      "is_superuser": false,
      "date_joined": "2026-01-01T18:56:55Z"
    }
  },
  {
    "model": "auth.user",
    "pk": 222,
    "fields": {
      "username": "mentor222",
      "first_name": "Ellis",
      "last_name": "Smith",
      "email": "mentor222@example.com",
      "password": "pbkdf2_sha256$600000$test$test==",
      "is_staff": false,
      "is_active": true,
      "is_superuser": false,
      "date_joined": "2026-01-01T18:56:55Z"
    }
  },
  {
    "model": "auth.user",
    "pk": 223,
    "fields": {
      "username": "mentor223",
      "first_name": "Indigo",
      "last_name": "Rodriguez",
      "email": "mentor223@example.com",
      "password": "pbkdf2_sha256$600000$test$test==",
      "is_staff": false,
      "is_active": true,
      "is_superuser": false,
      "date_joined": "2026-01-01T18:56:55Z"
    }
  },
  {
    "model": "auth.user",
    "pk": 224,
    "fields": {
      "username": "mentor224",
      "first_name": "Bailey",
      "last_name": "Miller",
      "email": "mentor224@example.com",
      "password": "pbkdf2_sha256$600000$test$test==",
      "is_staff": false,
      "is_active": true,
      "is_superuser": false,
      "date_joined": "2026-01-01T18:56:55Z"
    }
  },
  {
    "model": "auth.user",
    "pk": 225,
    "fields": {
      "username": "mentor225",
      "first_name": "Bailey",
      "last_name": "Rodriguez",
      "email": "mentor225@example.com",
      "password": "pbkdf2_sha256$600000$test$test==",
      "is_staff": false,
      "is_active": true,
      "is_superuser": false,
      "date_joined": "2026-01-01T18:56:55Z"
    }
  },
  {
    "model": "auth.user",
    "pk": 226,
    "fields": {
      "username": "mentor226",
      "first_name": "Ellis",
      "last_name": "Martinez",
      "email": "mentor226@example.com",
      "password": "pbkdf2_sha256$600000$test$test==",
      "is_staff": false,
      "is_active": true,
      "is_superuser": false,
      "date_joined": "2026-01-01T18:56:55Z"
    }
  },
  {
    "model": "auth.user",
    "pk": 227,
    "fields": {
      "username": "mentor227",
      "first_name": "Finley",
      "last_name": "Martinez",
      "email": "mentor227@example.com",
      "password": "pbkdf2_sha256$600000$test$test==",
      "is_staff": false,
      "is_active": true,
      "is_superuser": false,
      "date_joined": "2026-01-01T18:56:55Z"
    }
  },
  {
    "model": "auth.user",
    "pk": 228,
    "fields": {
      "username": "mentor228",
      "first_name": "Drew",
      "last_name": "Johnson",
      "email": "mentor228@example.com",
      "password": "pbkdf2_sha256$600000$test$test==",
      "is_staff": false,
      "is_active": true,
      "is_superuser": false,
      "date_joined": "2026-01-01T18:56:55Z"
    }
  },
  {
    "model": "auth.user",
    "pk": 229,
    "fields": {
      "username": "mentor229",
      "first_name": "Alex",
      "last_name": "Brown",
      "email": "mentor229@example.com",
      "password": "pbkdf2_sha256$600000$test$test==",
      "is_staff": false,
      "is_active": true,
      "is_superuser": false,
      "date_joined": "2026-01-01T18:56:55Z"
    }
  },
  {
    "model": "auth.user",
    "pk": 230,
    "fields": {
      "username": "mentor230",
      "first_name": "Ellis",
      "last_name": "Johnson",
      "email": "mentor230@example.com",
      "password": "pbkdf2_sha256$600000$test$test==",
      "is_staff": false,
      "is_active": true,
      "is_superuser": false,
      "date_joined": "2026-01-01T18:56:55Z"
    }
  },
  {
    "model": "auth.user",
    "pk": 231,
    "fields": {
      "username": "mentee231",
      "first_name": "Drew",
      "last_name": "Johnson",
      "email": "mentee231@example.com",
      "password": "pbkdf2_sha256$600000$test$test==",
      "is_staff": false,
      "is_active": true,
      "is_superuser": false,
      "date_joined": "2026-01-01T18:56:55Z"
    }
  },
  {
    "model": "auth.user",
    "pk": 232,
    "fields": {
      "username": "mentee232",
      "first_name": "Harper",
      "last_name": "Jones",
      "email": "mentee232@example.com",
      "password": "pbkdf2_sha256$600000$test$test==",
      "is_staff": false,
      "is_active": true,
      "is_superuser": false,
      "date_joined": "2026-01-01T18:56:55Z"
    }
  },
  {
    "model": "auth.user",
    "pk": 233,
    "fields": {
      "username": "mentee233",
      "first_name": "Indigo",
      "last_name": "Garcia",
      "email": "mentee233@example.com",
      "password": "pbkdf2_sha256$600000$test$test==",
      "is_staff": false,
      "is_active": true,
      "is_superuser": false,
      "date_joined": "2026-01-01T18:56:55Z"
    }
  },
  {
    "model": "auth.user",
    "pk": 234,
    "fields": {
      "username": "mentee234",
      "first_name": "Casey",
      "last_name": "Garcia",
      "email": "mentee234@example.com",
      "password": "pbkdf2_sha256$600000$test$test==",
      "is_staff": false,
      "is_active": true,
      "is_superuser": false,
      "date_joined": "2026-01-01T18:56:55Z"
    }
  },
  {
    "model": "auth.user",
    "pk": 235,
    "fields": {
      "username": "mentee235",
      "first_name": "Finley",
      "last_name": "Brown",
      "email": "mentee235@example.com",
      "password": "pbkdf2_sha256$600000$test$test==",
      "is_staff": false,
      "is_active": true,
      "is_superuser": false,
      "date_joined": "2026-01-01T18:56:55Z"
    }
  },
  {
    "model": "auth.user",
    "pk": 236,
    "fields": {
      "username": "mentee236",
      "first_name": "Ellis",
      "last_name": "Johnson",
      "email": "mentee236@example.com",
      "password": "pbkdf2_sha256$600000$test$test==",
      "is_staff": false,
      "is_active": true,
      "is_superuser": false,
      "date_joined": "2026-01-01T18:56:55Z"
    }
  },
  {
    "model": "auth.user",
    "pk": 237,
    "fields": {
      "username": "mentee237",
      "first_name": "Kai",
      "last_name": "Williams",
      "email": "mentee237@example.com",
      "password": "pbkdf2_sha256$600000$test$test==",
      "is_staff": false,
      "is_active": true,
      "is_superuser": false,
      "date_joined": "2026-01-01T18:56:55Z"
    }
  },
  {
    "model": "auth.user",
    "pk": 238,
    "fields": {
      "username": "mentee238",
      "first_name": "Jordan",
      "last_name": "Brown",
      "email": "mentee238@example.com",
      "password": "pbkdf2_sha256$600000$test$test==",
      "is_staff": false,
      "is_active": true,
      "is_superuser": false,
      "date_joined": "2026-01-01T18:56:55Z"
    }
  },
  {
    "model": "auth.user",
    "pk": 239,
    "fields": {
      "username": "mentee239",
      "first_name": "Casey",
      "last_name": "Davis",
      "email": "mentee239@example.com",
      "password": "pbkdf2_sha256$600000$test$test==",
      "is_staff": false,
      "is_active": true,
      "is_superuser": false,
      "date_joined": "2026-01-01T18:56:55Z"
    }
  },
  {
    "model": "auth.user",
    "pk": 240,
    "fields": {
      "username": "mentee240",
      "first_name": "Harper",
      "last_name": "Jones",
      "email": "mentee240@example.com",
      "password": "pbkdf2_sha256$600000$test$test==",
      "is_staff": false,
      "is_active": true,
      "is_superuser": false,
      "date_joined": "2026-01-01T18:56:55Z"
    }
  },
  {
    "model": "auth.user",
    "pk": 241,
    "fields": {
      "username": "mentee241",
      "first_name": "Jordan",
      "last_name": "Brown",
      "email": "mentee241@example.com",
      "password": "pbkdf2_sha256$600000$test$test==",
      "is_staff": false,
      "is_active": true,
      "is_superuser": false,
      "date_joined": "2026-01-01T18:56:55Z"
    }
  },
  {
    "model": "auth.user",
    "pk": 242,
    "fields": {
      "username": "mentee242",
      "first_name": "Finley",
      "last_name": "Smith",
      "email": "mentee242@example.com",
      "password": "pbkdf2_sha256$600000$test$test==",
      "is_staff": false,
      "is_active": true,
      "is_superuser": false,
      "date_joined": "2026-01-01T18:56:55Z"
    }
  },
  {
    "model": "auth.user",
    "pk": 243,
    "fields": {
      "username": "mentee243",
      "first_name": "Drew",
      "last_name": "Smith",
      "email": "mentee243@example.com",
      "password": "pbkdf2_sha256$600000$test$test==",
      "is_staff": false,
      "is_active": true,
      "is_superuser": false,
      "date_joined": "2026-01-01T18:56:55Z"
    }
  },
  {
    "model": "auth.user",
    "pk": 244,
    "fields": {
      "username": "mentee244",
      "first_name": "Finley",
      "last_name": "Miller",
      "email": "mentee244@example.com",
      "password": "pbkdf2_sha256$600000$test$test==",
      "is_staff": false,
      "is_active": true,
      "is_superuser": false,
      "date_joined": "2026-01-01T18:56:55Z"
    }
  },
  {
    "model": "auth.user",
    "pk": 245,
    "fields": {
      "username": "mentee245",
      "first_name": "Ellis",
      "last_name": "Johnson",
      "email": "mentee245@example.com",
      "password": "pbkdf2_sha256$600000$test$test==",
      "is_staff": false,
      "is_active": true,
      "is_superuser": false,
      "date_joined": "2026-01-01T18:56:55Z"
    }
  },
  {
    "model": "auth.user",
    "pk": 246,
    "fields": {
      "username": "mentee246",
      "first_name": "Drew",
      "last_name": "Martinez",
      "email": "mentee246@example.com",
      "password": "pbkdf2_sha256$600000$test$test==",
      "is_staff": false,
      "is_active": true,
      "is_superuser": false,
      "date_joined": "2026-01-01T18:56:55Z"
    }
  },
  {
    "model": "auth.user",
    "pk": 247,
    "fields": {
      "username": "mentee247",
      "first_name": "Finley",
      "last_name": "Brown",
      "email": "mentee247@example.com",
      "password": "pbkdf2_sha256$600000$test$test==",
      "is_staff": false,
      "is_active": true,
      "is_superuser": false,
      "date_joined": "2026-01-01T18:56:55Z"
    }
  },
  {
    "model": "auth.user",
    "pk": 248,
    "fields": {
      "username": "mentee248",
      "first_name": "Indigo",
      "last_name": "Miller",
      "email": "mentee248@example.com",
      "password": "pbkdf2_sha256$600000$test$test==",
      "is_staff": false,
      "is_active": true,
      "is_superuser": false,
      "date_joined": "2026-01-01T18:56:55Z"
    }
  },
  {
    "model": "auth.user",
    "pk": 249,
    "fields": {
      "username": "mentee249",
      "first_name": "Indigo",
      "last_name": "Williams",
      "email": "mentee249@example.com",
      "password": "pbkdf2_sha256$600000$test$test==",
      "is_staff": false,
      "is_active": true,
      "is_superuser": false,
      "date_joined": "2026-01-01T18:56:55Z"
    }
  },
  {
    "model": "auth.user",
    "pk": 250,
    "fields": {
      "username": "mentee250",
      "first_name": "Ellis",
      "last_name": "Williams",
      "email": "mentee250@example.com",
      "password": "pbkdf2_sha256$600000$test$test==",
      "is_staff": false,
      "is_active": true,
      "is_superuser": false,
      "date_joined": "2026-01-01T18:56:55Z"
    }
  },
  {
    "model": "auth.user",
    "pk": 251,
    "fields": {
      "username": "mentee251",
      "first_name": "Drew",
      "last_name": "Rodriguez",
      "email": "mentee251@example.com",
      "password": "pbkdf2_sha256$600000$test$test==",
      "is_staff": false,
      "is_active": true,
      "is_superuser": false,
      "date_joined": "2026-01-01T18:56:55Z"
    }
  },
  {
    "model": "auth.user",
    "pk": 252,
    "fields": {
      "username": "mentee252",
      "first_name": "Jordan",
      "last_name": "Jones",
      "email": "mentee252@example.com",
      "password": "pbkdf2_sha256$600000$test$test==",
      "is_staff": false,
      "is_active": true,
      "is_superuser": false,
      "date_joined": "2026-01-01T18:56:55Z"
    }
  },
  {
    "model": "auth.user",
    "pk": 253,
    "fields": {
      "username": "mentee253",
      "first_name": "Kai",
      "last_name": "Miller",
      "email": "mentee253@example.com",
      "password": "pbkdf2_sha256$600000$test$test==",
      "is_staff": false,
      "is_active": true,
      "is_superuser": false,
      "date_joined": "2026-01-01T18:56:55Z"
    }
  },
  {
    "model": "auth.user",
    "pk": 254,
    "fields": {
      "username": "mentee254",
      "first_name": "Kai",
      "last_name": "Miller",
      "email": "mentee254@example.com",
      "password": "pbkdf2_sha256$600000$test$test==",
      "is_staff": false,
      "is_active": true,
      "is_superuser": false,
      "date_joined": "2026-01-01T18:56:55Z"
    }
  },
  {
    "model": "auth.user",
    "pk": 255,
    "fields": {
      "username": "mentee255",
      "first_name": "Finley",
      "last_name": "Brown",
      "email": "mentee255@example.com",
      "password": "pbkdf2_sha256$600000$test$test==",
      "is_staff": false,
      "is_active": true,
      "is_superuser": false,
      "date_joined": "2026-01-01T18:56:55Z"
    }
  },
  {
    "model": "auth.user",
    "pk": 256,
    "fields": {
      "username": "mentee256",
      "first_name": "Casey",
      "last_name": "Rodriguez",
      "email": "mentee256@example.com",
      "password": "pbkdf2_sha256$600000$test$test==",
      "is_staff": false,
      "is_active": true,
      "is_superuser": false,
      "date_joined": "2026-01-01T18:56:55Z"
    }
  },
  {
    "model": "auth.user",
    "pk": 257,
    "fields": {
      "username": "mentee257",
      "first_name": "Indigo",
      "last_name": "Johnson",
      "email": "mentee257@example.com",
      "password": "pbkdf2_sha256$600000$test$test==",
      "is_staff": false,
      "is_active": true,
      "is_superuser": false,
      "date_joined": "2026-01-01T18:56:55Z"
    }
  },
  {
    "model": "auth.user",
    "pk": 258,
    "fields": {
      "username": "mentee258",
      "first_name": "Alex",
      "last_name": "Johnson",
      "email": "mentee258@example.com",
      "password": "pbkdf2_sha256$600000$test$test==",
      "is_staff": false,
      "is_active": true,
      "is_superuser": false,
      "date_joined": "2026-01-01T18:56:55Z"
    }
  },
  {
    "model": "auth.user",
    "pk": 259,
    "fields": {
      "username": "mentee259",
      "first_name": "Casey",
      "last_name": "Williams",
      "email": "mentee259@example.com",
      "password": "pbkdf2_sha256$600000$test$test==",
      "is_staff": false,
      "is_active": true,
      "is_superuser": false,
      "date_joined": "2026-01-01T18:56:55Z"
    }
  },
  {
    "model": "auth.user",
    "pk": 260,
    "fields": {
      "username": "mentee260",
      "first_name": "Harper",
      "last_name": "Martinez",
      "email": "mentee260@example.com",
      "password": "pbkdf2_sha256$600000$test$test==",
      "is_staff": false,
      "is_active": true,
      "is_superuser": false,
      "date_joined": "2026-01-01T18:56:55Z"
    }
  },
  {
    "model": "core.participant",
    "pk": 201,
    "fields": {
      "cohort": 3,
      "user": 201,
      "role_in_cohort": "MENTOR",
      "display_name": "Harper Miller",
      "organization": "OrgB",
      "is_submitted": true,
      "submitted_at": "2026-01-24T18:56:55Z",
      "created_at": "2026-01-17T18:56:55Z",
      "updated_at": "2026-01-24T18:56:55Z"
    }
  },
  {
    "model": "core.participant",
    "pk": 202,
    "fields": {
      "cohort": 3,
      "user": 202,
      "role_in_cohort": "MENTOR",
      "display_name": "Jordan Jones",
      "organization": "OrgH",
      "is_submitted": true,
      "submitted_at": "2026-01-24T18:56:55Z",
      "created_at": "2026-01-17T18:56:55Z",
      "updated_at": "2026-01-24T18:56:55Z"
    }
  },
  {
    "model": "core.participant",
    "pk": 203,
    "fields": {
      "cohort": 3,
      "user": 203,
      "role_in_cohort": "MENTOR",
      "display_name": "Bailey Rodriguez",
      "organization": "OrgA",
      "is_submitted": true,
      "submitted_at": "2026-01-24T18:56:55Z",
      "created_at": "2026-01-17T18:56:55Z",
      "updated_at": "2026-01-24T18:56:55Z"
    }
  },
  {
    "model": "core.participant",
    "pk": 204,
    "fields": {
      "cohort": 3,
      "user": 204,
      "role_in_cohort": "MENTOR",
      "display_name": "Finley Johnson",
      "organization": "OrgE",
      "is_submitted": true,
      "submitted_at": "2026-01-24T18:56:55Z",
      "created_at": "2026-01-17T18:56:55Z",
      "updated_at": "2026-01-24T18:56:55Z"
    }
  },
  {
    "model": "core.participant",
    "pk": 205,
    "fields": {
      "cohort": 3,
      "user": 205,
      "role_in_cohort": "MENTOR",
      "display_name": "Harper Williams",
      "organization": "OrgE",
      "is_submitted": true,
      "submitted_at": "2026-01-24T18:56:55Z",
      "created_at": "2026-01-17T18:56:55Z",
      "updated_at": "2026-01-24T18:56:55Z"
    }
  },
  {
    "model": "core.participant",
    "pk": 206,
    "fields": {
      "cohort": 3,
      "user": 206,
      "role_in_cohort": "MENTOR",
      "display_name": "Alex Jones",
      "organization": "OrgH",
      "is_submitted": true,
      "submitted_at": "2026-01-24T18:56:55Z",
      "created_at": "2026-01-17T18:56:55Z",
      "updated_at": "2026-01-24T18:56:55Z"
    }
  },
  {
    "model": "core.participant",
    "pk": 207,
    "fields": {
      "cohort": 3,
      "user": 207,
      "role_in_cohort": "MENTOR",
      "display_name": "Jordan Johnson",
      "organization": "OrgC",
      "is_submitted": true,
      "submitted_at": "2026-01-24T18:56:55Z",
      "created_at": "2026-01-17T18:56:55Z",
      "updated_at": "2026-01-24T18:56:55Z"
    }
  },
  {
    "model": "core.participant",
    "pk": 208,
    "fields": {
      "cohort": 3,
      "user": 208,
      "role_in_cohort": "MENTOR",
      "display_name": "Jordan Martinez",
      "organization": "OrgE",
      "is_submitted": true,
      "submitted_at": "2026-01-24T18:56:55Z",
      "created_at": "2026-01-17T18:56:55Z",
      "updated_at": "2026-01-24T18:56:55Z"
    }
  },
  {
    "model": "core.participant",
    "pk": 209,
    "fields": {
      "cohort": 3,
      "user": 209,
      "role_in_cohort": "MENTOR",
      "display_name": "Casey Garcia",
      "organization": "OrgD",
      "is_submitted": true,
      "submitted_at": "2026-01-24T18:56:55Z",
      "created_at": "2026-01-17T18:56:55Z",
      "updated_at": "2026-01-24T18:56:55Z"
    }
  },
  {
    "model": "core.participant",
    "pk": 210,
    "fields": {
      "cohort": 3,
      "user": 210,
      "role_in_cohort": "MENTOR",
      "display_name": "Jordan Rodriguez",
      "organization": "OrgC",
      "is_submitted": true,
      "submitted_at": "2026-01-24T18:56:55Z",
      "created_at": "2026-01-17T18:56:55Z",
      "updated_at": "2026-01-24T18:56:55Z"
    }
  },
  {
    "model": "core.participant",
    "pk": 211,
    "fields": {
      "cohort": 3,
      "user": 211,
      "role_in_cohort": "MENTOR",
      "display_name": "Kai Garcia",
      "organization": "OrgA",
      "is_submitted": true,
      "submitted_at": "2026-01-24T18:56:55Z",
      "created_at": "2026-01-17T18:56:55Z",
      "updated_at": "2026-01-24T18:56:55Z"
    }
  },
  {
    "model": "core.participant",
    "pk": 212,
    "fields": {
      "cohort": 3,
      "user": 212,
      "role_in_cohort": "MENTOR",
      "display_name": "Alex Johnson",
      "organization": "OrgH",
      "is_submitted": true,
      "submitted_at": "2026-01-24T18:56:55Z",
      "created_at": "2026-01-17T18:56:55Z",
      "updated_at": "2026-01-24T18:56:55Z"
    }
  },
  {
    "model": "core.participant",
    "pk": 213,
    "fields": {
      "cohort": 3,
      "user": 213,
      "role_in_cohort": "MENTOR",
      "display_name": "Ellis Brown",
      "organization": "OrgF",
      "is_submitted": true,
      "submitted_at": "2026-01-24T18:56:55Z",
      "created_at": "2026-01-17T18:56:55Z",
      "updated_at": "2026-01-24T18:56:55Z"
    }
  },
  {
    "model": "core.participant",
    "pk": 214,
    "fields": {
      "cohort": 3,
      "user": 214,
      "role_in_cohort": "MENTOR",
      "display_name": "Drew Martinez",
      "organization": "OrgA",
      "is_submitted": true,
      "submitted_at": "2026-01-24T18:56:55Z",
      "created_at": "2026-01-17T18:56:55Z",
      "updated_at": "2026-01-24T18:56:55Z"
    }
  },
  {
    "model": "core.participant",
    "pk": 215,
    "fields": {
      "cohort": 3,
      "user": 215,
      "role_in_cohort": "MENTOR",
      "display_name": "Bailey Davis",
      "organization": "OrgB",
      "is_submitted": true,
      "submitted_at": "2026-01-24T18:56:55Z",
      "created_at": "2026-01-17T18:56:55Z",
      "updated_at": "2026-01-24T18:56:55Z"
    }
  },
  {
    "model": "core.participant",
    "pk": 216,
    "fields": {
      "cohort": 3,
      "user": 216,
      "role_in_cohort": "MENTOR",
      "display_name": "Jordan Williams",
      "organization": "OrgB",
      "is_submitted": true,
      "submitted_at": "2026-01-24T18:56:55Z",
      "created_at": "2026-01-17T18:56:55Z",
      "updated_at": "2026-01-24T18:56:55Z"
    }
  },
  {
    "model": "core.participant",
    "pk": 217,
    "fields": {
      "cohort": 3,
      "user": 217,
      "role_in_cohort": "MENTOR",
      "display_name": "Indigo Rodriguez",
      "organization": "OrgC",
      "is_submitted": true,
      "submitted_at": "2026-01-24T18:56:55Z",
      "created_at": "2026-01-17T18:56:55Z",
      "updated_at": "2026-01-24T18:56:55Z"
    }
  },
  {
    "model": "core.participant",
    "pk": 218,
    "fields": {
      "cohort": 3,
      "user": 218,
      "role_in_cohort": "MENTOR",
      "display_name": "Ellis Rodriguez",
      "organization": "OrgC",
      "is_submitted": true,
      "submitted_at": "2026-01-24T18:56:55Z",
      "created_at": "2026-01-17T18:56:55Z",
      "updated_at": "2026-01-24T18:56:55Z"
    }
  },
  {
    "model": "core.participant",
    "pk": 219,
    "fields": {
      "cohort": 3,
      "user": 219,
      "role_in_cohort": "MENTOR",
      "display_name": "Drew Rodriguez",
      "organization": "OrgG",
      "is_submitted": true,
      "submitted_at": "2026-01-24T18:56:55Z",
      "created_at": "2026-01-17T18:56:55Z",
      "updated_at": "2026-01-24T18:56:55Z"
    }
  },
  {
    "model": "core.participant",
    "pk": 220,
    "fields": {
      "cohort": 3,
      "user": 220,
      "role_in_cohort": "MENTOR",
      "display_name": "Ellis Miller",
      "organization": "OrgD",
      "is_submitted": true,
      "submitted_at": "2026-01-24T18:56:55Z",
      "created_at": "2026-01-17T18:56:55Z",
      "updated_at": "2026-01-24T18:56:55Z"
    }
  },
  {
    "model": "core.participant",
    "pk": 221,
    "fields": {
      "cohort": 3,
      "user": 221,
      "role_in_cohort": "MENTOR",
      "display_name": "Indigo Rodriguez",
      "organization": "OrgF",
      "is_submitted": true,
      "submitted_at": "2026-01-24T18:56:55Z",
      "created_at": "2026-01-17T18:56:55Z",
      "updated_at": "2026-01-24T18:56:55Z"
    }
  },
  {
    "model": "core.participant",
    "pk": 222,
    "fields": {
      "cohort": 3,
      "user": 222,
      "role_in_cohort": "MENTOR",
      "display_name": "Bailey Brown",
      "organization": "OrgH",
      "is_submitted": true,
      "submitted_at": "2026-01-24T18:56:55Z",
      "created_at": "2026-01-17T18:56:55Z",
      "updated_at": "2026-01-24T18:56:55Z"
    }
  },
  {
    "model": "core.participant",
    "pk": 223,
    "fields": {
      "cohort": 3,
      "user": 223,
      "role_in_cohort": "MENTOR",
      "display_name": "Bailey Garcia",
      "organization": "OrgD",
      "is_submitted": true,
      "submitted_at": "2026-01-24T18:56:55Z",
      "created_at": "2026-01-17T18:56:55Z",
      "updated_at": "2026-01-24T18:56:55Z"
    }
  },
  {
    "model": "core.participant",
    "pk": 224,
    "fields": {
      "cohort": 3,
      "user": 224,
      "role_in_cohort": "MENTOR",
      "display_name": "Kai Rodriguez",
      "organization": "OrgA",
      "is_submitted": true,
      "submitted_at": "2026-01-24T18:56:55Z",
      "created_at": "2026-01-17T18:56:55Z",
      "updated_at": "2026-01-24T18:56:55Z"
    }
  },
  {
    "model": "core.participant",
    "pk": 225,
    "fields": {
      "cohort": 3,
      "user": 225,
      "role_in_cohort": "MENTOR",
      "display_name": "Kai Brown",
      "organization": "OrgD",
      "is_submitted": true,
      "submitted_at": "2026-01-24T18:56:55Z",
      "created_at": "2026-01-17T18:56:55Z",
      "updated_at": "2026-01-24T18:56:55Z"
    }
  },
  {
    "model": "core.participant",
    "pk": 226,
    "fields": {
      "cohort": 3,
      "user": 226,
      "role_in_cohort": "MENTOR",
      "display_name": "Bailey Smith",
      "organization": "OrgA",
      "is_submitted": true,
      "submitted_at": "2026-01-24T18:56:55Z",
      "created_at": "2026-01-17T18:56:55Z",
      "updated_at": "2026-01-24T18:56:55Z"
    }
  },
  {
    "model": "core.participant",
    "pk": 227,
    "fields": {
      "cohort": 3,
      "user": 227,
      "role_in_cohort": "MENTOR",
      "display_name": "Bailey Smith",
      "organization": "OrgD",
      "is_submitted": true,
      "submitted_at": "2026-01-24T18:56:55Z",
      "created_at": "2026-01-17T18:56:55Z",
      "updated_at": "2026-01-24T18:56:55Z"
    }
  },
  {
    "model": "core.participant",
    "pk": 228,
    "fields": {
      "cohort": 3,
      "user": 228,
      "role_in_cohort": "MENTOR",
      "display_name": "Bailey Rodriguez",
      "organization": "OrgF",
      "is_submitted": true,
      "submitted_at": "2026-01-24T18:56:55Z",
      "created_at": "2026-01-17T18:56:55Z",
      "updated_at": "2026-01-24T18:56:55Z"
    }
  },
  {
    "model": "core.participant",
    "pk": 229,
    "fields": {
      "cohort": 3,
      "user": 229,
      "role_in_cohort": "MENTOR",
      "display_name": "Ellis Davis",
      "organization": "OrgD",
      "is_submitted": true,
      "submitted_at": "2026-01-24T18:56:55Z",
      "created_at": "2026-01-17T18:56:55Z",
      "updated_at": "2026-01-24T18:56:55Z"
    }
  },
  {
    "model": "core.participant",
    "pk": 230,
    "fields": {
      "cohort": 3,
      "user": 230,
      "role_in_cohort": "MENTOR",
      "display_name": "Jordan Williams",
      "organization": "OrgD",
      "is_submitted": true,
      "submitted_at": "2026-01-24T18:56:55Z",
      "created_at": "2026-01-17T18:56:55Z",
      "updated_at": "2026-01-24T18:56:55Z"
    }
  },
  {
    "model": "core.participant",
    "pk": 231,
    "fields": {
      "cohort": 3,
      "user": 231,
      "role_in_cohort": "MENTEE",
      "display_name": "Drew Davis",
      "organization": "OrgH",
      "is_submitted": true,
      "submitted_at": "2026-01-24T18:56:55Z",
      "created_at": "2026-01-17T18:56:55Z",
      "updated_at": "2026-01-24T18:56:55Z"
    }
  },
  {
    "model": "core.participant",
    "pk": 232,
    "fields": {
      "cohort": 3,
      "user": 232,
      "role_in_cohort": "MENTEE",
      "display_name": "Drew Johnson",
      "organization": "OrgG",
      "is_submitted": true,
      "submitted_at": "2026-01-24T18:56:55Z",
      "created_at": "2026-01-17T18:56:55Z",
      "updated_at": "2026-01-24T18:56:55Z"
    }
  },
  {
    "model": "core.participant",
    "pk": 233,
    "fields": {
      "cohort": 3,
      "user": 233,
      "role_in_cohort": "MENTEE",
      "display_name": "Harper Garcia",
      "organization": "OrgB",
      "is_submitted": true,
      "submitted_at": "2026-01-24T18:56:55Z",
      "created_at": "2026-01-17T18:56:55Z",
      "updated_at": "2026-01-24T18:56:55Z"
    }
  },
  {
    "model": "core.participant",
    "pk": 234,
    "fields": {
      "cohort": 3,
      "user": 234,
      "role_in_cohort": "MENTEE",
      "display_name": "Harper Davis",
      "organization": "OrgG",
      "is_submitted": true,
      "submitted_at": "2026-01-24T18:56:55Z",
      "created_at": "2026-01-17T18:56:55Z",
      "updated_at": "2026-01-24T18:56:55Z"
    }
  },
  {
    "model": "core.participant",
    "pk": 235,
    "fields": {
      "cohort": 3,
      "user": 235,
      "role_in_cohort": "MENTEE",
      "display_name": "Bailey Smith",
      "organization": "OrgA",
      "is_submitted": true,
      "submitted_at": "2026-01-24T18:56:55Z",
      "created_at": "2026-01-17T18:56:55Z",
      "updated_at": "2026-01-24T18:56:55Z"
    }
  },
  {
    "model": "core.participant",
    "pk": 236,
    "fields": {
      "cohort": 3,
      "user": 236,
      "role_in_cohort": "MENTEE",
      "display_name": "Finley Johnson",
      "organization": "OrgG",
      "is_submitted": true,
      "submitted_at": "2026-01-24T18:56:55Z",
      "created_at": "2026-01-17T18:56:55Z",
      "updated_at": "2026-01-24T18:56:55Z"
    }
  },
  {
    "model": "core.participant",
    "pk": 237,
    "fields": {
      "cohort": 3,
      "user": 237,
      "role_in_cohort": "MENTEE",
      "display_name": "Drew Brown",
      "organization": "OrgD",
      "is_submitted": true,
      "submitted_at": "2026-01-24T18:56:55Z",
      "created_at": "2026-01-17T18:56:55Z",
      "updated_at": "2026-01-24T18:56:55Z"
    }
  },
  {
    "model": "core.participant",
    "pk": 238,
    "fields": {
      "cohort": 3,
      "user": 238,
      "role_in_cohort": "MENTEE",
      "display_name": "Casey Miller",
      "organization": "OrgH",
      "is_submitted": true,
      "submitted_at": "2026-01-24T18:56:55Z",
      "created_at": "2026-01-17T18:56:55Z",
      "updated_at": "2026-01-24T18:56:55Z"
    }
  },
  {
    "model": "core.participant",
    "pk": 239,
    "fields": {
      "cohort": 3,
      "user": 239,
      "role_in_cohort": "MENTEE",
      "display_name": "Ellis Davis",
      "organization": "OrgC",
      "is_submitted": true,
      "submitted_at": "2026-01-24T18:56:55Z",
      "created_at": "2026-01-17T18:56:55Z",
      "updated_at": "2026-01-24T18:56:55Z"
    }
  },
  {
    "model": "core.participant",
    "pk": 240,
    "fields": {
      "cohort": 3,
      "user": 240,
      "role_in_cohort": "MENTEE",
      "display_name": "Bailey Davis",
      "organization": "OrgD",
      "is_submitted": true,
      "submitted_at": "2026-01-24T18:56:55Z",
      "created_at": "2026-01-17T18:56:55Z",
      "updated_at": "2026-01-24T18:56:55Z"
    }
  },
  {
    "model": "core.participant",
    "pk": 241,
    "fields": {
      "cohort": 3,
      "user": 241,
      "role_in_cohort": "MENTEE",
      "display_name": "Alex Rodriguez",
      "organization": "OrgB",
      "is_submitted": true,
      "submitted_at": "2026-01-24T18:56:55Z",
      "created_at": "2026-01-17T18:56:55Z",
      "updated_at": "2026-01-24T18:56:55Z"
    }
  },
  {
    "model": "core.participant",
    "pk": 242,
    "fields": {
      "cohort": 3,
      "user": 242,
      "role_in_cohort": "MENTEE",
      "display_name": "Bailey Brown",
      "organization": "OrgA",
      "is_submitted": true,
      "submitted_at": "2026-01-24T18:56:55Z",
      "created_at": "2026-01-17T18:56:55Z",
      "updated_at": "2026-01-24T18:56:55Z"
    }
  },
  {
    "model": "core.participant",
    "pk": 243,
    "fields": {
      "cohort": 3,
      "user": 243,
      "role_in_cohort": "MENTEE",
      "display_name": "Harper Davis",
      "organization": "OrgC",
      "is_submitted": true,
      "submitted_at": "2026-01-24T18:56:55Z",
      "created_at": "2026-01-17T18:56:55Z",
      "updated_at": "2026-01-24T18:56:55Z"
    }
  },
  {
    "model": "core.participant",
    "pk": 244,
    "fields": {
      "cohort": 3,
      "user": 244,
      "role_in_cohort": "MENTEE",
      "display_name": "Drew Miller",
      "organization": "OrgH",
      "is_submitted": true,
      "submitted_at": "2026-01-24T18:56:55Z",
      "created_at": "2026-01-17T18:56:55Z",
      "updated_at": "2026-01-24T18:56:55Z"
    }
  },
  {
    "model": "core.participant",
    "pk": 245,
    "fields": {
      "cohort": 3,
      "user": 245,
      "role_in_cohort": "MENTEE",
      "display_name": "Casey Miller",
      "organization": "OrgA",
      "is_submitted": true,
      "submitted_at": "2026-01-24T18:56:55Z",
      "created_at": "2026-01-17T18:56:55Z",
      "updated_at": "2026-01-24T18:56:55Z"
    }
  },
  {
    "model": "core.participant",
    "pk": 246,
    "fields": {
      "cohort": 3,
      "user": 246,
      "role_in_cohort": "MENTEE",
      "display_name": "Harper Jones",
      "organization": "OrgA",
      "is_submitted": true,
      "submitted_at": "2026-01-24T18:56:55Z",
      "created_at": "2026-01-17T18:56:55Z",
      "updated_at": "2026-01-24T18:56:55Z"
    }
  },
  {
    "model": "core.participant",
    "pk": 247,
    "fields": {
      "cohort": 3,
      "user": 247,
      "role_in_cohort": "MENTEE",
      "display_name": "Ellis Miller",
      "organization": "OrgH",
      "is_submitted": true,
      "submitted_at": "2026-01-24T18:56:55Z",
      "created_at": "2026-01-17T18:56:55Z",
      "updated_at": "2026-01-24T18:56:55Z"
    }
  },
  {
    "model": "core.participant",
    "pk": 248,
    "fields": {
      "cohort": 3,
      "user": 248,
      "role_in_cohort": "MENTEE",
      "display_name": "Casey Brown",
      "organization": "OrgH",
      "is_submitted": true,
      "submitted_at": "2026-01-24T18:56:55Z",
      "created_at": "2026-01-17T18:56:55Z",
      "updated_at": "2026-01-24T18:56:55Z"
    }
  },
  {
    "model": "core.participant",
    "pk": 249,
    "fields": {
      "cohort": 3,
      "user": 249,
      "role_in_cohort": "MENTEE",
      "display_name": "Drew Smith",
      "organization": "OrgE",
      "is_submitted": true,
      "submitted_at": "2026-01-24T18:56:55Z",
      "created_at": "2026-01-17T18:56:55Z",
      "updated_at": "2026-01-24T18:56:55Z"
    }
  },
  {
    "model": "core.participant",
    "pk": 250,
    "fields": {
      "cohort": 3,
      "user": 250,
      "role_in_cohort": "MENTEE",
      "display_name": "Finley Smith",
      "organization": "OrgA",
      "is_submitted": true,
      "submitted_at": "2026-01-24T18:56:55Z",
      "created_at": "2026-01-17T18:56:55Z",
      "updated_at": "2026-01-24T18:56:55Z"
    }
  },
  {
    "model": "core.participant",
    "pk": 251,
    "fields": {
      "cohort": 3,
      "user": 251,
      "role_in_cohort": "MENTEE",
      "display_name": "Kai Davis",
      "organization": "OrgA",
      "is_submitted": true,
      "submitted_at": "2026-01-24T18:56:55Z",
      "created_at": "2026-01-17T18:56:55Z",
      "updated_at": "2026-01-24T18:56:55Z"
    }
  },
  {
    "model": "core.participant",
    "pk": 252,
    "fields": {
      "cohort": 3,
      "user": 252,
      "role_in_cohort": "MENTEE",
      "display_name": "Alex Rodriguez",
      "organization": "OrgC",
      "is_submitted": true,
      "submitted_at": "2026-01-24T18:56:55Z",
      "created_at": "2026-01-17T18:56:55Z",
      "updated_at": "2026-01-24T18:56:55Z"
    }
  },
  {
    "model": "core.participant",
    "pk": 253,
    "fields": {
      "cohort": 3,
      "user": 253,
      "role_in_cohort": "MENTEE",
      "display_name": "Casey Johnson",
      "organization": "OrgB",
      "is_submitted": true,
      "submitted_at": "2026-01-24T18:56:55Z",
      "created_at": "2026-01-17T18:56:55Z",
      "updated_at": "2026-01-24T18:56:55Z"
    }
  },
  {
    "model": "core.participant",
    "pk": 254,
    "fields": {
      "cohort": 3,
      "user": 254,
      "role_in_cohort": "MENTEE",
      "display_name": "Drew Miller",
      "organization": "OrgB",
      "is_submitted": true,
      "submitted_at": "2026-01-24T18:56:55Z",
      "created_at": "2026-01-17T18:56:55Z",
      "updated_at": "2026-01-24T18:56:55Z"
    }
  },
  {
    "model": "core.participant",
    "pk": 255,
    "fields": {
      "cohort": 3,
      "user": 255,
      "role_in_cohort": "MENTEE",
      "display_name": "Kai Brown",
      "organization": "OrgB",
      "is_submitted": true,
      "submitted_at": "2026-01-24T18:56:55Z",
      "created_at": "2026-01-17T18:56:55Z",
      "updated_at": "2026-01-24T18:56:55Z"
    }
  },
  {
    "model": "core.participant",
    "pk": 256,
    "fields": {
      "cohort": 3,
      "user": 256,
      "role_in_cohort": "MENTEE",
      "display_name": "Kai Johnson",
      "organization": "OrgA",
      "is_submitted": true,
      "submitted_at": "2026-01-24T18:56:55Z",
      "created_at": "2026-01-17T18:56:55Z",
      "updated_at": "2026-01-24T18:56:55Z"
    }
  },
  {
    "model": "core.participant",
    "pk": 257,
    "fields": {
      "cohort": 3,
      "user": 257,
      "role_in_cohort": "MENTEE",
      "display_name": "Kai Martinez",
      "organization": "OrgG",
      "is_submitted": true,
      "submitted_at": "2026-01-24T18:56:55Z",
      "created_at": "2026-01-17T18:56:55Z",
      "updated_at": "2026-01-24T18:56:55Z"
    }
  },
  {
    "model": "core.participant",
    "pk": 258,
    "fields": {
      "cohort": 3,
      "user": 258,
      "role_in_cohort": "MENTEE",
      "display_name": "Ellis Brown",
      "organization": "OrgF",
      "is_submitted": true,
      "submitted_at": "2026-01-24T18:56:55Z",
      "created_at": "2026-01-17T18:56:55Z",
      "updated_at": "2026-01-24T18:56:55Z"
    }
  },
  {
    "model": "core.participant",
    "pk": 259,
    "fields": {
      "cohort": 3,
      "user": 259,
      "role_in_cohort": "MENTEE",
      "display_name": "Drew Jones",
      "organization": "OrgF",
      "is_submitted": true,
      "submitted_at": "2026-01-24T18:56:55Z",
      "created_at": "2026-01-17T18:56:55Z",
      "updated_at": "2026-01-24T18:56:55Z"
    }
  },
  {
    "model": "core.participant",
    "pk": 260,
    "fields": {
      "cohort": 3,
      "user": 260,
      "role_in_cohort": "MENTEE",
      "display_name": "Casey Jones",
      "organization": "OrgG",
      "is_submitted": true,
      "submitted_at": "2026-01-24T18:56:55Z",
      "created_at": "2026-01-17T18:56:55Z",
      "updated_at": "2026-01-24T18:56:55Z"
    }
  },
  {
    "model": "matching.preference",
    "pk": 2001,
    "fields": {
      "from_participant": 201,
      "to_participant": 231,
      "rank": 1
    }
  },
  {
    "model": "matching.preference",
    "pk": 2002,
    "fields": {
      "from_participant": 202,
      "to_participant": 234,
      "rank": 1
    }
  },
  {
    "model": "matching.preference",
    "pk": 2003,
    "fields": {
      "from_participant": 202,
      "to_participant": 233,
      "rank": 2
    }
  },
  {
    "model": "matching.preference",
    "pk": 2004,
    "fields": {
      "from_participant": 202,
      "to_participant": 248,
      "rank": 3
    }
  },
  {
    "model": "matching.preference",
    "pk": 2005,
    "fields": {
      "from_participant": 202,
      "to_participant": 237,
      "rank": 4
    }
  },
  {
    "model": "matching.preference",
    "pk": 2006,
    "fields": {
      "from_participant": 202,
      "to_participant": 247,
      "rank": 5
    }
  },
  {
    "model": "matching.preference",
    "pk": 2007,
    "fields": {
      "from_participant": 204,
      "to_participant": 259,
      "rank": 1
    }
  },
  {
    "model": "matching.preference",
    "pk": 2008,
    "fields": {
      "from_participant": 207,
      "to_participant": 253,
      "rank": 1
    }
  },
  {
    "model": "matching.preference",
    "pk": 2009,
    "fields": {
      "from_participant": 207,
      "to_participant": 240,
      "rank": 2
    }
  },
  {
    "model": "matching.preference",
    "pk": 2010,
    "fields": {
      "from_participant": 207,
      "to_participant": 250,
      "rank": 3
    }
  },
  {
    "model": "matching.preference",
    "pk": 2011,
    "fields": {
      "from_participant": 207,
      "to_participant": 256,
      "rank": 4
    }
  },
  {
    "model": "matching.preference",
    "pk": 2012,
    "fields": {
      "from_participant": 207,
      "to_participant": 251,
      "rank": 5
    }
  },
  {
    "model": "matching.preference",
    "pk": 2013,
    "fields": {
      "from_participant": 208,
      "to_participant": 240,
      "rank": 1
    }
  },
  {
    "model": "matching.preference",
    "pk": 2014,
    "fields": {
      "from_participant": 208,
      "to_participant": 260,
      "rank": 2
    }
  },
  {
    "model": "matching.preference",
    "pk": 2015,
    "fields": {
      "from_participant": 208,
      "to_participant": 252,
      "rank": 3
    }
  },
  {
    "model": "matching.preference",
    "pk": 2016,
    "fields": {
      "from_participant": 208,
      "to_participant": 234,
      "rank": 4
    }
  },
  {
    "model": "matching.preference",
    "pk": 2017,
    "fields": {
      "from_participant": 208,
      "to_participant": 259,
      "rank": 5
    }
  },
  {
    "model": "matching.preference",
    "pk": 2018,
    "fields": {
      "from_participant": 212,
      "to_participant": 240,
      "rank": 1
    }
  },
  {
    "model": "matching.preference",
    "pk": 2019,
    "fields": {
      "from_participant": 212,
      "to_participant": 250,
      "rank": 2
    }
  },
  {
    "model": "matching.preference",
    "pk": 2020,
    "fields": {
      "from_participant": 212,
      "to_participant": 237,
      "rank": 3
    }
  },
  {
    "model": "matching.preference",
    "pk": 2021,
    "fields": {
      "from_participant": 213,
      "to_participant": 252,
      "rank": 1
    }
  },
  {
    "model": "matching.preference",
    "pk": 2022,
    "fields": {
      "from_participant": 213,
      "to_participant": 251,
      "rank": 2
    }
  },
  {
    "model": "matching.preference",
    "pk": 2023,
    "fields": {
      "from_participant": 214,
      "to_participant": 246,
      "rank": 1
    }
  },
  {
    "model": "matching.preference",
    "pk": 2024,
    "fields": {
      "from_participant": 214,
      "to_participant": 239,
      "rank": 2
    }
  },
  {
    "model": "matching.preference",
    "pk": 2025,
    "fields": {
      "from_participant": 214,
      "to_participant": 259,
      "rank": 3
    }
  },
  {
    "model": "matching.preference",
    "pk": 2026,
    "fields": {
      "from_participant": 214,
      "to_participant": 260,
      "rank": 4
    }
  },
  {
    "model": "matching.preference",
    "pk": 2027,
    "fields": {
      "from_participant": 214,
      "to_participant": 258,
      "rank": 5
    }
  },
  {
    "model": "matching.preference",
    "pk": 2028,
    "fields": {
      "from_participant": 216,
      "to_participant": 232,
      "rank": 1
    }
  },
  {
    "model": "matching.preference",
    "pk": 2029,
    "fields": {
      "from_participant": 216,
      "to_participant": 231,
      "rank": 2
    }
  },
  {
    "model": "matching.preference",
    "pk": 2030,
    "fields": {
      "from_participant": 216,
      "to_participant": 241,
      "rank": 3
    }
  },
  {
    "model": "matching.preference",
    "pk": 2031,
    "fields": {
      "from_participant": 217,
      "to_participant": 236,
      "rank": 1
    }
  },
  {
    "model": "matching.preference",
    "pk": 2032,
    "fields": {
      "from_participant": 217,
      "to_participant": 254,
      "rank": 2
    }
  },
  {
    "model": "matching.preference",
    "pk": 2033,
    "fields": {
      "from_participant": 217,
      "to_participant": 245,
      "rank": 3
    }
  },
  {
    "model": "matching.preference",
    "pk": 2034,
    "fields": {
      "from_participant": 218,
      "to_participant": 248,
      "rank": 1
    }
  },
  {
    "model": "matching.preference",
    "pk": 2035,
    "fields": {
      "from_participant": 218,
      "to_participant": 231,
      "rank": 2
    }
  },
  {
    "model": "matching.preference",
    "pk": 2036,
    "fields": {
      "from_participant": 218,
      "to_participant": 234,
      "rank": 3
    }
  },
  {
    "model": "matching.preference",
    "pk": 2037,
    "fields": {
      "from_participant": 218,
      "to_participant": 233,
      "rank": 4
    }
  },
  {
    "model": "matching.preference",
    "pk": 2038,
    "fields": {
      "from_participant": 219,
      "to_participant": 248,
      "rank": 1
    }
  },
  {
    "model": "matching.preference",
    "pk": 2039,
    "fields": {
      "from_participant": 219,
      "to_participant": 232,
      "rank": 2
    }
  },
  {
    "model": "matching.preference",
    "pk": 2040,
    "fields": {
      "from_participant": 220,
      "to_participant": 248,
      "rank": 1
    }
  },
  {
    "model": "matching.preference",
    "pk": 2041,
    "fields": {
      "from_participant": 220,
      "to_participant": 235,
      "rank": 2
    }
  },
  {
    "model": "matching.preference",
    "pk": 2042,
    "fields": {
      "from_participant": 220,
      "to_participant": 244,
      "rank": 3
    }
  },
  {
    "model": "matching.preference",
    "pk": 2043,
    "fields": {
      "from_participant": 220,
      "to_participant": 232,
      "rank": 4
    }
  },
  {
    "model": "matching.preference",
    "pk": 2044,
    "fields": {
      "from_participant": 220,
      "to_participant": 240,
      "rank": 5
    }
  },
  {
    "model": "matching.preference",
    "pk": 2045,
    "fields": {
      "from_participant": 221,
      "to_participant": 259,
      "rank": 1
    }
  },
  {
    "model": "matching.preference",
    "pk": 2046,
    "fields": {
      "from_participant": 222,
      "to_participant": 252,
      "rank": 1
    }
  },
  {
    "model": "matching.preference",
    "pk": 2047,
    "fields": {
      "from_participant": 222,
      "to_participant": 234,
      "rank": 2
    }
  },
  {
    "model": "matching.preference",
    "pk": 2048,
    "fields": {
      "from_participant": 223,
      "to_participant": 259,
      "rank": 1
    }
  },
  {
    "model": "matching.preference",
    "pk": 2049,
    "fields": {
      "from_participant": 223,
      "to_participant": 258,
      "rank": 2
    }
  },
  {
    "model": "matching.preference",
    "pk": 2050,
    "fields": {
      "from_participant": 223,
      "to_participant": 244,
      "rank": 3
    }
  },
  {
    "model": "matching.preference",
    "pk": 2051,
    "fields": {
      "from_participant": 223,
      "to_participant": 250,
      "rank": 4
    }
  },
  {
    "model": "matching.preference",
    "pk": 2052,
    "fields": {
      "from_participant": 223,
      "to_participant": 254,
      "rank": 5
    }
  },
  {
    "model": "matching.preference",
    "pk": 2053,
    "fields": {
      "from_participant": 225,
      "to_participant": 256,
      "rank": 1
    }
  },
  {
    "model": "matching.preference",
    "pk": 2054,
    "fields": {
      "from_participant": 225,
      "to_participant": 236,
      "rank": 2
    }
  },
  {
    "model": "matching.preference",
    "pk": 2055,
    "fields": {
      "from_participant": 226,
      "to_participant": 236,
      "rank": 1
    }
  },
  {
    "model": "matching.preference",
    "pk": 2056,
    "fields": {
      "from_participant": 227,
      "to_participant": 256,
      "rank": 1
    }
  },
  {
    "model": "matching.preference",
    "pk": 2057,
    "fields": {
      "from_participant": 227,
      "to_participant": 260,
      "rank": 2
    }
  },
  {
    "model": "matching.preference",
    "pk": 2058,
    "fields": {
      "from_participant": 227,
      "to_participant": 244,
      "rank": 3
    }
  },
  {
    "model": "matching.preference",
    "pk": 2059,
    "fields": {
      "from_participant": 228,
      "to_participant": 239,
      "rank": 1
    }
  },
  {
    "model": "matching.preference",
    "pk": 2060,
    "fields": {
      "from_participant": 228,
      "to_participant": 236,
      "rank": 2
    }
  },
  {
    "model": "matching.preference",
    "pk": 2061,
    "fields": {
      "from_participant": 229,
      "to_participant": 243,
      "rank": 1
    }
  },
  {
    "model": "matching.preference",
    "pk": 2062,
    "fields": {
      "from_participant": 230,
      "to_participant": 238,
      "rank": 1
    }
  },
  {
    "model": "matching.preference",
    "pk": 2063,
    "fields": {
      "from_participant": 230,
      "to_participant": 237,
      "rank": 2
    }
  },
  {
    "model": "matching.preference",
    "pk": 2064,
    "fields": {
      "from_participant": 230,
      "to_participant": 257,
      "rank": 3
    }
  },
  {
    "model": "matching.preference",
    "pk": 2065,
    "fields": {
      "from_participant": 230,
      "to_participant": 260,
      "rank": 4
    }
  },
  {
    "model": "matching.preference",
    "pk": 2066,
    "fields": {
      "from_participant": 231,
      "to_participant": 227,
      "rank": 1
    }
  },
  {
    "model": "matching.preference",
    "pk": 2067,
    "fields": {
      "from_participant": 231,
      "to_participant": 226,
      "rank": 2
    }
  },
  {
    "model": "matching.preference",
    "pk": 2068,
    "fields": {
      "from_participant": 231,
      "to_participant": 228,
      "rank": 3
    }
  },
  {
    "model": "matching.preference",
    "pk": 2069,
    "fields": {
      "from_participant": 235,
      "to_participant": 225,
      "rank": 1
    }
  },
  {
    "model": "matching.preference",
    "pk": 2070,
    "fields": {
      "from_participant": 237,
      "to_participant": 222,
      "rank": 1
    }
  },
  {
    "model": "matching.preference",
    "pk": 2071,
    "fields": {
      "from_participant": 237,
      "to_participant": 227,
      "rank": 2
    }
  },
  {
    "model": "matching.preference",
    "pk": 2072,
    "fields": {
      "from_participant": 237,
      "to_participant": 218,
      "rank": 3
    }
  },
  {
    "model": "matching.preference",
    "pk": 2073,
    "fields": {
      "from_participant": 237,
      "to_participant": 211,
      "rank": 4
    }
  },
  {
    "model": "matching.preference",
    "pk": 2074,
    "fields": {
      "from_participant": 238,
      "to_participant": 229,
      "rank": 1
    }
  },
  {
    "model": "matching.preference",
    "pk": 2075,
    "fields": {
      "from_participant": 239,
      "to_participant": 219,
      "rank": 1
    }
  },
  {
    "model": "matching.preference",
    "pk": 2076,
    "fields": {
      "from_participant": 239,
      "to_participant": 209,
      "rank": 2
    }
  },
  {
    "model": "matching.preference",
    "pk": 2077,
    "fields": {
      "from_participant": 241,
      "to_participant": 224,
      "rank": 1
    }
  },
  {
    "model": "matching.preference",
    "pk": 2078,
    "fields": {
      "from_participant": 241,
      "to_participant": 226,
      "rank": 2
    }
  },
  {
    "model": "matching.preference",
    "pk": 2079,
    "fields": {
      "from_participant": 241,
      "to_participant": 211,
      "rank": 3
    }
  },
  {
    "model": "matching.preference",
    "pk": 2080,
    "fields": {
      "from_participant": 242,
      "to_participant": 204,
      "rank": 1
    }
  },
  {
    "model": "matching.preference",
    "pk": 2081,
    "fields": {
      "from_participant": 242,
      "to_participant": 213,
      "rank": 2
    }
  },
  {
    "model": "matching.preference",
    "pk": 2082,
    "fields": {
      "from_participant": 242,
      "to_participant": 229,
      "rank": 3
    }
  },
  {
    "model": "matching.preference",
    "pk": 2083,
    "fields": {
      "from_participant": 242,
      "to_participant": 219,
      "rank": 4
    }
  },
  {
    "model": "matching.preference",
    "pk": 2084,
    "fields": {
      "from_participant": 242,
      "to_participant": 207,
      "rank": 5
    }
  },
  {
    "model": "matching.preference",
    "pk": 2085,
    "fields": {
      "from_participant": 244,
      "to_participant": 217,
      "rank": 1
    }
  },
  {
    "model": "matching.preference",
    "pk": 2086,
    "fields": {
      "from_participant": 245,
      "to_participant": 222,
      "rank": 1
    }
  },
  {
    "model": "matching.preference",
    "pk": 2087,
    "fields": {
      "from_participant": 245,
      "to_participant": 224,
      "rank": 2
    }
  },
  {
    "model": "matching.preference",
    "pk": 2088,
    "fields": {
      "from_participant": 245,
      "to_participant": 207,
      "rank": 3
    }
  },
  {
    "model": "matching.preference",
    "pk": 2089,
    "fields": {
      "from_participant": 245,
      "to_participant": 212,
      "rank": 4
    }
  },
  {
    "model": "matching.preference",
    "pk": 2090,
    "fields": {
      "from_participant": 245,
      "to_participant": 214,
      "rank": 5
    }
  },
  {
    "model": "matching.preference",
    "pk": 2091,
    "fields": {
      "from_participant": 247,
      "to_participant": 220,
      "rank": 1
    }
  },
  {
    "model": "matching.preference",
    "pk": 2092,
    "fields": {
      "from_participant": 247,
      "to_participant": 211,
      "rank": 2
    }
  },
  {
    "model": "matching.preference",
    "pk": 2093,
    "fields": {
      "from_participant": 247,
      "to_participant": 222,
      "rank": 3
    }
  },
  {
    "model": "matching.preference",
    "pk": 2094,
    "fields": {
      "from_participant": 248,
      "to_participant": 217,
      "rank": 1
    }
  },
  {
    "model": "matching.preference",
    "pk": 2095,
    "fields": {
      "from_participant": 248,
      "to_participant": 210,
      "rank": 2
    }
  },
  {
    "model": "matching.preference",
    "pk": 2096,
    "fields": {
      "from_participant": 248,
      "to_participant": 222,
      "rank": 3
    }
  },
  {
    "model": "matching.preference",
    "pk": 2097,
    "fields": {
      "from_participant": 249,
      "to_participant": 223,
      "rank": 1
    }
  },
  {
    "model": "matching.preference",
    "pk": 2098,
    "fields": {
      "from_participant": 249,
      "to_participant": 210,
      "rank": 2
    }
  },
  {
    "model": "matching.preference",
    "pk": 2099,
    "fields": {
      "from_participant": 249,
      "to_participant": 218,
      "rank": 3
    }
  },
  {
    "model": "matching.preference",
    "pk": 2100,
    "fields": {
      "from_participant": 249,
      "to_participant": 205,
      "rank": 4
    }
  },
  {
    "model": "matching.preference",
    "pk": 2101,
    "fields": {
      "from_participant": 251,
      "to_participant": 222,
      "rank": 1
    }
  },
  {
    "model": "matching.preference",
    "pk": 2102,
    "fields": {
      "from_participant": 251,
      "to_participant": 224,
      "rank": 2
    }
  },
  {
    "model": "matching.preference",
    "pk": 2103,
    "fields": {
      "from_participant": 251,
      "to_participant": 229,
      "rank": 3
    }
  },
  {
    "model": "matching.preference",
    "pk": 2104,
    "fields": {
      "from_participant": 251,
      "to_participant": 206,
      "rank": 4
    }
  },
  {
    "model": "matching.preference",
    "pk": 2105,
    "fields": {
      "from_participant": 252,
      "to_participant": 213,
      "rank": 1
    }
  },
  {
    "model": "matching.preference",
    "pk": 2106,
    "fields": {
      "from_participant": 252,
      "to_participant": 218,
      "rank": 2
    }
  },
  {
    "model": "matching.preference",
    "pk": 2107,
    "fields": {
      "from_participant": 252,
      "to_participant": 227,
      "rank": 3
    }
  },
  {
    "model": "matching.preference",
    "pk": 2108,
    "fields": {
      "from_participant": 255,
      "to_participant": 220,
      "rank": 1
    }
  },
  {
    "model": "matching.preference",
    "pk": 2109,
    "fields": {
      "from_participant": 255,
      "to_participant": 221,
      "rank": 2
    }
  },
  {
    "model": "matching.preference",
    "pk": 2110,
    "fields": {
      "from_participant": 255,
      "to_participant": 211,
      "rank": 3
    }
  },
  {
    "model": "matching.preference",
    "pk": 2111,
    "fields": {
      "from_participant": 255,
      "to_participant": 215,
      "rank": 4
    }
  },
  {
    "model": "matching.preference",
    "pk": 2112,
    "fields": {
      "from_participant": 255,
      "to_participant": 222,
      "rank": 5
    }
  },
  {
    "model": "matching.preference",
    "pk": 2113,
    "fields": {
      "from_participant": 257,
      "to_participant": 222,
      "rank": 1
    }
  },
  {
    "model": "matching.preference",
    "pk": 2114,
    "fields": {
      "from_participant": 257,
      "to_participant": 203,
      "rank": 2
    }
  },
  {
    "model": "matching.preference",
    "pk": 2115,
    "fields": {
      "from_participant": 259,
      "to_participant": 211,
      "rank": 1
    }
  },
  {
    "model": "matching.preference",
    "pk": 2116,
    "fields": {
      "from_participant": 259,
      "to_participant": 203,
      "rank": 2
    }
  },
  {
    "model": "matching.preference",
    "pk": 2117,
    "fields": {
      "from_participant": 259,
      "to_participant": 227,
      "rank": 3
    }
  },
  {
    "model": "matching.preference",
    "pk": 2118,
    "fields": {
      "from_participant": 259,
      "to_participant": 225,
      "rank": 4
    }
  },
  {
    "model": "matching.preference",
    "pk": 2119,
    "fields": {
      "from_participant": 259,
      "to_participant": 208,
      "rank": 5
    }
  },
  {
    "model": "matching.preference",
    "pk": 2120,
    "fields": {
      "from_participant": 260,
      "to_participant": 226,
      "rank": 1
    }
  },
  {
    "model": "matching.preference",
    "pk": 2121,
    "fields": {
      "from_participant": 260,
      "to_participant": 207,
      "rank": 2
    }
  }
]