[
  {
    "model": "core.cohort",
    "pk": 2,
    "fields": {
      "name": "Test Cohort 5x5 Ready",
      "status": "OPEN",
      "cohort_config": {},
      "created_at": "2026-01-30T10:00:00Z"
    }
  },
  {
    "model": "auth.user",
    "pk": 111,
    "fields": {
      "username": "mentor11",
      "first_name": "Mentor",
      "last_name": "Eleven",
      "email": "mentor11@example.com",
      "password": "pbkdf2_sha256$1200000$testsalt$b9N9PjqXMYktHdcW8c4gOmI2xApkd7rJhDCI6F7f6IE=",
      "is_staff": false,
      "is_active": true,
      "is_superuser": false,
      "date_joined": "2026-01-30T10:00:00Z"
    }
  },
  {
    "model": "auth.user",
    "pk": 112,
    "fields": {
      "username": "mentor12",
      "first_name": "Mentor",
      "last_name": "Twelve",
      "email": "mentor12@example.com",
      "password": "pbkdf2_sha256$1200000$testsalt$b9N9PjqXMYktHdcW8c4gOmI2xApkd7rJhDCI6F7f6IE=",
      "is_staff": false,
      "is_active": true,
      "is_superuser": false,
      "date_joined": "2026-01-30T10:00:00Z"
    }
  },
  {
    "model": "auth.user",
    "pk": 113,
    "fields": {
      "username": "mentor13",
      "first_name": "Mentor",
      "last_name": "Thirteen",
      "email": "mentor13@example.com",
      "password": "pbkdf2_sha256$1200000$testsalt$b9N9PjqXMYktHdcW8c4gOmI2xApkd7rJhDCI6F7f6IE=",
      "is_staff": false,
      "is_active": true,
      "is_superuser": false,
      "date_joined": "2026-01-30T10:00:00Z"
    }
  },
  {
    "model": "auth.user",
    "pk": 114,
    "fields": {
      "username": "mentor14",
      "first_name": "Mentor",
      "last_name": "Fourteen",
      "email": "mentor14@example.com",
      "password": "pbkdf2_sha256$1200000$testsalt$b9N9PjqXMYktHdcW8c4gOmI2xApkd7rJhDCI6F7f6IE=",
      "is_staff": false,
      "is_active": true,
      "is_superuser": false,
      "date_joined": "2026-01-30T10:00:00Z"
    }
  },
  {
    "model": "auth.user",
    "pk": 115,
    "fields": {
      "username": "mentor15",
      "first_name": "Mentor",
      "last_name": "Fifteen",
      "email": "mentor15@example.com",
      "password": "pbkdf2_sha256$1200000$testsalt$b9N9PjqXMYktHdcW8c4gOmI2xApkd7rJhDCI6F7f6IE=",
      "is_staff": false,
      "is_active": true,
      "is_superuser": false,
      "date_joined": "2026-01-30T10:00:00Z"
    }
  },
  {
    "model": "auth.user",
    "pk": 116,
    "fields": {
      "username": "mentee11",
      "first_name": "Mentee",
      "last_name": "Eleven",
      "email": "mentee11@example.com",
      "password": "pbkdf2_sha256$1200000$testsalt$b9N9PjqXMYktHdcW8c4gOmI2xApkd7rJhDCI6F7f6IE=",
      "is_staff": false,
      "is_active": true,
      "is_superuser": false,
      "date_joined": "2026-01-30T10:00:00Z"
    }
  },
  {
    "model": "auth.user",
    "pk": 117,
    "fields": {
      "username": "mentee12",
      "first_name": "Mentee",
      "last_name": "Twelve",
      "email": "mentee12@example.com",
      "password": "pbkdf2_sha256$1200000$testsalt$b9N9PjqXMYktHdcW8c4gOmI2xApkd7rJhDCI6F7f6IE=",
      "is_staff": false,
      "is_active": true,
      "is_superuser": false,
      "date_joined": "2026-01-30T10:00:00Z"
    }
  },
  {
    "model": "auth.user",
    "pk": 118,
    "fields": {
      "username": "mentee13",
      "first_name": "Mentee",
      "last_name": "Thirteen",
      "email": "mentee13@example.com",
      "password": "pbkdf2_sha256$1200000$testsalt$b9N9PjqXMYktHdcW8c4gOmI2xApkd7rJhDCI6F7f6IE=",
      "is_staff": false,
      "is_active": true,
      "is_superuser": false,
      "date_joined": "2026-01-30T10:00:00Z"
    }
  },
  {
    "model": "auth.user",
    "pk": 119,
    "fields": {
      "username": "mentee14",
      "first_name": "Mentee",
      "last_name": "Fourteen",
      "email": "mentee14@example.com",
      "password": "pbkdf2_sha256$1200000$testsalt$b9N9PjqXMYktHdcW8c4gOmI2xApkd7rJhDCI6F7f6IE=",
      "is_staff": false,
      "is_active": true,
      "is_superuser": false,
      "date_joined": "2026-01-30T10:00:00Z"
    }
  },
  {
    "model": "auth.user",
    "pk": 120,
    "fields": {
      "username": "mentee15",
      "first_name": "Mentee",
      "last_name": "Fifteen",
      "email": "mentee15@example.com",
      "password": "pbkdf2_sha256$1200000$testsalt$b9N9PjqXMYktHdcW8c4gOmI2xApkd7rJhDCI6F7f6IE=",
      "is_staff": false,
      "is_active": true,
      "is_superuser": false,
      "date_joined": "2026-01-30T10:00:00Z"
    }
  },
  {
    "model": "core.participant",
    "pk": 11,
    "fields": {
      "cohort": 2,
      "user": 111,
      "role_in_cohort": "MENTOR",
      "display_name": "Mentor Eleven",
      "organization": "OrgA",
      "is_submitted": true,
      "submitted_at": "2026-01-30T11:00:00Z",
      "created_at": "2026-01-30T10:00:00Z",
      "updated_at": "2026-01-30T11:00:00Z"
    }
  },
  {
    "model": "core.participant",
    "pk": 12,
    "fields": {
      "cohort": 2,
      "user": 112,
      "role_in_cohort": "MENTOR",
      "display_name": "Mentor Twelve",
      "organization": "OrgB",
      "is_submitted": true,
      "submitted_at": "2026-01-30T11:00:00Z",
      "created_at": "2026-01-30T10:00:00Z",
      "updated_at": "2026-01-30T11:00:00Z"
    }
  },
  {
    "model": "core.participant",
    "pk": 13,
    "fields": {
      "cohort": 2,
      "user": 113,
      "role_in_cohort": "MENTOR",
      "display_name": "Mentor Thirteen",
      "organization": "OrgC",
      "is_submitted": true,
      "submitted_at": "2026-01-30T11:00:00Z",
      "created_at": "2026-01-30T10:00:00Z",
      "updated_at": "2026-01-30T11:00:00Z"
    }
  },
  {
    "model": "core.participant",
    "pk": 14,
    "fields": {
      "cohort": 2,
      "user": 114,
      "role_in_cohort": "MENTOR",
      "display_name": "Mentor Fourteen",
      "organization": "OrgD",
      "is_submitted": true,
      "submitted_at": "2026-01-30T11:00:00Z",
      "created_at": "2026-01-30T10:00:00Z",
      "updated_at": "2026-01-30T11:00:00Z"
    }
  },
  {
    "model": "core.participant",
    "pk": 15,
    "fields": {
      "cohort": 2,
      "user": 115,
      "role_in_cohort": "MENTOR",
      "display_name": "Mentor Fifteen",
      "organization": "OrgE",
      "is_submitted": true,
      "submitted_at": "2026-01-30T11:00:00Z",
      "created_at": "2026-01-30T10:00:00Z",
      "updated_at": "2026-01-30T11:00:00Z"
    }
  },
  {
    "model": "core.participant",
    "pk": 16,
    "fields": {
      "cohort": 2,
      "user": 116,
      "role_in_cohort": "MENTEE",
      "display_name": "Mentee Eleven",
      "organization": "OrgB",
      "is_submitted": true,
      "submitted_at": "2026-01-30T11:00:00Z",
      "created_at": "2026-01-30T10:00:00Z",
      "updated_at": "2026-01-30T11:00:00Z"
    }
  },
  {
    "model": "core.participant",
    "pk": 17,
    "fields": {
      "cohort": 2,
      "user": 117,
      "role_in_cohort": "MENTEE",
      "display_name": "Mentee Twelve",
      "organization": "OrgC",
      "is_submitted": true,
      "submitted_at": "2026-01-30T11:00:00Z",
      "created_at": "2026-01-30T10:00:00Z",
      "updated_at": "2026-01-30T11:00:00Z"
    }
  },
  {
    "model": "core.participant",
    "pk": 18,
    "fields": {
      "cohort": 2,
      "user": 118,
      "role_in_cohort": "MENTEE",
      "display_name": "Mentee Thirteen",
      "organization": "OrgD",
      "is_submitted": true,
      "submitted_at": "2026-01-30T11:00:00Z",
      "created_at": "2026-01-30T10:00:00Z",
      "updated_at": "2026-01-30T11:00:00Z"
    }
  },
  {
    "model": "core.participant",
    "pk": 19,
    "fields": {
      "cohort": 2,
      "user": 119,
      "role_in_cohort": "MENTEE",
      "display_name": "Mentee Fourteen",
      "organization": "OrgE",
      "is_submitted": true,
      "submitted_at": "2026-01-30T11:00:00Z",
      "created_at": "2026-01-30T10:00:00Z",
      "updated_at": "2026-01-30T11:00:00Z"
    }
  },
  {
    "model": "core.participant",
    "pk": 20,
    "fields": {
      "cohort": 2,
      "user": 120,
      "role_in_cohort": "MENTEE",
      "display_name": "Mentee Fifteen",
      "organization": "OrgA",
      "is_submitted": true,
      "submitted_at": "2026-01-30T11:00:00Z",
      "created_at": "2026-01-30T10:00:00Z",
      "updated_at": "2026-01-30T11:00:00Z"
    }
  },
  {
    "model": "matching.preference",
    "pk": 1,
    "fields": {
      "from_participant": 11,
      "to_participant": 16,
      "rank": 1
    }
  },
  {
    "model": "matching.preference",
    "pk": 2,
    "fields": {
      "from_participant": 11,
      "to_participant": 17,
      "rank": 2
    }
  },
  {
    "model": "matching.preference",
    "pk": 3,
    "fields": {
      "from_participant": 11,
      "to_participant": 18,
      "rank": 3
    }
  },
  {
    "model": "matching.preference",
    "pk": 4,
    "fields": {
      "from_participant": 11,
      "to_participant": 19,
      "rank": 4
    }
  },
  {
    "model": "matching.preference",
    "pk": 5,
    "fields": {
      "from_participant": 11,
      "to_participant": 20,
      "rank": 5
    }
  },
  {
    "model": "matching.preference",
    "pk": 6,
    "fields": {
      "from_participant": 12,
      "to_participant": 16,
      "rank": 1
    }
  },
  {
    "model": "matching.preference",
    "pk": 7,
    "fields": {
      "from_participant": 12,
      "to_participant": 17,
      "rank": 2
    }
  },
  {
    "model": "matching.preference",
    "pk": 8,
    "fields": {
      "from_participant": 12,
      "to_participant": 18,
      "rank": 3
    }
  },
  {
    "model": "matching.preference",
    "pk": 9,
    "fields": {
      "from_participant": 12,
      "to_participant": 19,
      "rank": 4
    }
  },
  {
    "model": "matching.preference",
    "pk": 10,
    "fields": {
      "from_participant": 12,
      "to_participant": 20,
      "rank": 5
    }
  },
  {
    "model": "matching.preference",
    "pk": 11,
    "fields": {
      "from_participant": 13,
      "to_participant": 16,
      "rank": 1
    }
  },
  {
    "model": "matching.preference",
    "pk": 12,
    "fields": {
      "from_participant": 13,
      "to_participant": 17,
      "rank": 2
    }
  },
  {
    "model": "matching.preference",
    "pk": 13,
    "fields": {
      "from_participant": 13,
      "to_participant": 18,
      "rank": 3
    }
  },
  {
    "model": "matching.preference",
    "pk": 14,
    "fields": {
      "from_participant": 13,
      "to_participant": 19,
      "rank": 4
    }
  },
  {
    "model": "matching.preference",
    "pk": 15,
    "fields": {
      "from_participant": 13,
      "to_participant": 20,
      "rank": 5
    }
  },
  {
    "model": "matching.preference",
    "pk": 16,
    "fields": {
      "from_participant": 14,
      "to_participant": 16,
      "rank": 1
    }
  },
  {
    "model": "matching.preference",
    "pk": 17,
    "fields": {
      "from_participant": 14,
      "to_participant": 17,
      "rank": 2
    }
  },
  {
    "model": "matching.preference",
    "pk": 18,
    "fields": {
      "from_participant": 14,
      "to_participant": 18,
      "rank": 3
    }
  },
  {
    "model": "matching.preference",
    "pk": 19,
    "fields": {
      "from_participant": 14,
      "to_participant": 19,
      "rank": 4
    }
  },
  {
    "model": "matching.preference",
    "pk": 20,
    "fields": {
      "from_participant": 14,
      "to_participant": 20,
      "rank": 5
    }
  },
  {
    "model": "matching.preference",
    "pk": 21,
    "fields": {
      "from_participant": 15,
      "to_participant": 16,
      "rank": 1
    }
  },
  {
    "model": "matching.preference",
    "pk": 22,
    "fields": {
      "from_participant": 15,
      "to_participant": 17,
      "rank": 2
    }
  },
  {
    "model": "matching.preference",
    "pk": 23,
    "fields": {
      "from_participant": 15,
      "to_participant": 18,
      "rank": 3
    }
  },
  {
    "model": "matching.preference",
    "pk": 24,
    "fields": {
      "from_participant": 15,
      "to_participant": 19,
      "rank": 4
    }
  },
  {
    "model": "matching.preference",
    "pk": 25,
    "fields": {
      "from_participant": 15,
      "to_participant": 20,
      "rank": 5
    }
  },
  {
    "model": "matching.preference",
    "pk": 26,
    "fields": {
      "from_participant": 16,
      "to_participant": 11,
      "rank": 1
    }
  },
  {
    "model": "matching.preference",
    "pk": 27,
    "fields": {
      "from_participant": 16,
      "to_participant": 12,
      "rank": 2
    }
  },
  {
    "model": "matching.preference",
    "pk": 28,
    "fields": {
      "from_participant": 16,
      "to_participant": 13,
      "rank": 3
    }
  },
  {
    "model": "matching.preference",
    "pk": 29,
    "fields": {
      "from_participant": 16,
      "to_participant": 14,
      "rank": 4
    }
  },
  {
    "model": "matching.preference",
    "pk": 30,
    "fields": {
      "from_participant": 16,
      "to_participant": 15,
      "rank": 5
    }
  },
  {
    "model": "matching.preference",
    "pk": 31,
    "fields": {
      "from_participant": 17,
      "to_participant": 11,
      "rank": 1
    }
  },
  {
    "model": "matching.preference",
    "pk": 32,
    "fields": {
      "from_participant": 17,
      "to_participant": 12,
      "rank": 2
    }
  },
  {
    "model": "matching.preference",
    "pk": 33,
    "fields": {
      "from_participant": 17,
      "to_participant": 13,
      "rank": 3
    }
  },
  {
    "model": "matching.preference",
    "pk": 34,
    "fields": {
      "from_participant": 17,
      "to_participant": 14,
      "rank": 4
    }
  },
  {
    "model": "matching.preference",
    "pk": 35,
    "fields": {
      "from_participant": 17,
      "to_participant": 15,
      "rank": 5
    }
  },
  {
    "model": "matching.preference",
    "pk": 36,
    "fields": {
      "from_participant": 18,
      "to_participant": 11,
      "rank": 1
    }
  },
  {
    "model": "matching.preference",
    "pk": 37,
    "fields": {
      "from_participant": 18,
      "to_participant": 12,
      "rank": 2
    }
  },
  {
    "model": "matching.preference",
    "pk": 38,
    "fields": {
      "from_participant": 18,
      "to_participant": 13,
      "rank": 3
    }
  },
  {
    "model": "matching.preference",
    "pk": 39,
    "fields": {
      "from_participant": 18,
      "to_participant": 14,
      "rank": 4
    }
  },
  {
    "model": "matching.preference",
    "pk": 40,
    "fields": {
      "from_participant": 18,
      "to_participant": 15,
      "rank": 5
    }
  },
  {
    "model": "matching.preference",
    "pk": 41,
    "fields": {
      "from_participant": 19,
      "to_participant": 11,
      "rank": 1
    }
  },
  {
    "model": "matching.preference",
    "pk": 42,
    "fields": {
      "from_participant": 19,
      "to_participant": 12,
      "rank": 2
    }
  },
  {
    "model": "matching.preference",
    "pk": 43,
    "fields": {
      "from_participant": 19,
      "to_participant": 13,
      "rank": 3
    }
  },
  {
    "model": "matching.preference",
    "pk": 44,
    "fields": {
      "from_participant": 19,
      "to_participant": 14,
      "rank": 4
    }
  },
  {
    "model": "matching.preference",
    "pk": 45,
    "fields": {
      "from_participant": 19,
      "to_participant": 15,
      "rank": 5
    }
  },
  {
    "model": "matching.preference",
    "pk": 46,
    "fields": {
      "from_participant": 20,
      "to_participant": 11,
      "rank": 1
    }
  },
  {
    "model": "matching.preference",
    "pk": 47,
    "fields": {
      "from_participant": 20,
      "to_participant": 12,
      "rank": 2
    }
  },
  {
    "model": "matching.preference",
    "pk": 48,
    "fields": {
      "from_participant": 20,
      "to_participant": 13,
      "rank": 3
    }
  },
  {
    "model": "matching.preference",
    "pk": 49,
    "fields": {
      "from_participant": 20,
      "to_participant": 14,
      "rank": 4
    }
  },
  {
    "model": "matching.preference",
    "pk": 50,
    "fields": {
      "from_participant": 20,
      "to_participant": 15,
      "rank": 5
    }
  }
]
